
> @serpvera/api@0.1.0 test /tmp/winseo-publish/apps/api
> node --import ./src/test-env.ts --experimental-strip-types --test --test-concurrency=1 src/*.test.ts src/**/*.test.ts src/integrations/gsc/*.test.ts

{"level":30,"time":1791480197245,"pid":1222610,"hostname":"wina-LOQ-16IRH8","driver":"postgres","role":"serpvera_app","msg":"store driver: postgres — persistence + RLS enforced"}
{"level":30,"time":1791480197277,"pid":1222610,"hostname":"wina-LOQ-16IRH8","reqId":"req-1","req":{"method":"POST","url":"/v1/auth/register","hostname":"localhost"},"msg":"incoming request"}
{"timestamp":"2026-10-08T17:23:17.330Z","level":"info","message":"User registered","context":{"userId":"ad253e9f-1bc9-443c-ae58-ef3fb38e7a44"}}
{"level":30,"time":1791480197333,"pid":1222610,"hostname":"wina-LOQ-16IRH8","reqId":"req-1","res":{"statusCode":201},"responseTime":55.26522699999998,"msg":"request completed"}
{"level":30,"time":1791480197333,"pid":1222610,"hostname":"wina-LOQ-16IRH8","reqId":"req-2","req":{"method":"POST","url":"/v1/organizations","hostname":"localhost"},"msg":"incoming request"}
{"timestamp":"2026-10-08T17:23:17.338Z","level":"info","message":"Organization created","organizationId":"1edc5844-a0dd-40e0-a08f-b8d2aae1a0d0","context":{"organizationId":"1edc5844-a0dd-40e0-a08f-b8d2aae1a0d0","userId":"ad253e9f-1bc9-443c-ae58-ef3fb38e7a44"}}
{"level":30,"time":1791480197338,"pid":1222610,"hostname":"wina-LOQ-16IRH8","reqId":"req-2","res":{"statusCode":201},"responseTime":4.4797960000000785,"msg":"request completed"}
{"level":30,"time":1791480197338,"pid":1222610,"hostname":"wina-LOQ-16IRH8","reqId":"req-3","req":{"method":"POST","url":"/v1/auth/select-organization","hostname":"localhost"},"msg":"incoming request"}
{"timestamp":"2026-10-08T17:23:17.341Z","level":"info","message":"Organization selected","organizationId":"1edc5844-a0dd-40e0-a08f-b8d2aae1a0d0","context":{"userId":"ad253e9f-1bc9-443c-ae58-ef3fb38e7a44","organizationId":"1edc5844-a0dd-40e0-a08f-b8d2aae1a0d0"}}
{"level":30,"time":1791480197342,"pid":1222610,"hostname":"wina-LOQ-16IRH8","reqId":"req-3","res":{"statusCode":200},"responseTime":3.465942000000041,"msg":"request completed"}
{"level":30,"time":1791480197342,"pid":1222610,"hostname":"wina-LOQ-16IRH8","reqId":"req-4","req":{"method":"POST","url":"/v1/auth/register","hostname":"localhost"},"msg":"incoming request"}
{"timestamp":"2026-10-08T17:23:17.377Z","level":"info","message":"User registered","context":{"userId":"90f60fa1-9ef2-4626-b6fb-40506211894b"}}
{"level":30,"time":1791480197377,"pid":1222610,"hostname":"wina-LOQ-16IRH8","reqId":"req-4","res":{"statusCode":201},"responseTime":35.12955000000011,"msg":"request completed"}
{"level":30,"time":1791480197377,"pid":1222610,"hostname":"wina-LOQ-16IRH8","reqId":"req-5","req":{"method":"POST","url":"/v1/organizations","hostname":"localhost"},"msg":"incoming request"}
{"timestamp":"2026-10-08T17:23:17.380Z","level":"info","message":"Organization created","organizationId":"cfffe463-fc7e-46fa-a55f-2e63e480c76c","context":{"organizationId":"cfffe463-fc7e-46fa-a55f-2e63e480c76c","userId":"90f60fa1-9ef2-4626-b6fb-40506211894b"}}
{"level":30,"time":1791480197380,"pid":1222610,"hostname":"wina-LOQ-16IRH8","reqId":"req-5","res":{"statusCode":201},"responseTime":2.6210569999999507,"msg":"request completed"}
{"level":30,"time":1791480197380,"pid":1222610,"hostname":"wina-LOQ-16IRH8","reqId":"req-6","req":{"method":"POST","url":"/v1/auth/select-organization","hostname":"localhost"},"msg":"incoming request"}
{"timestamp":"2026-10-08T17:23:17.383Z","level":"info","message":"Organization selected","organizationId":"cfffe463-fc7e-46fa-a55f-2e63e480c76c","context":{"userId":"90f60fa1-9ef2-4626-b6fb-40506211894b","organizationId":"cfffe463-fc7e-46fa-a55f-2e63e480c76c"}}
{"level":30,"time":1791480197383,"pid":1222610,"hostname":"wina-LOQ-16IRH8","reqId":"req-6","res":{"statusCode":200},"responseTime":2.6899369999999863,"msg":"request completed"}
{"level":30,"time":1791480197383,"pid":1222610,"hostname":"wina-LOQ-16IRH8","reqId":"req-7","req":{"method":"POST","url":"/v1/projects","hostname":"localhost"},"msg":"incoming request"}
{"level":30,"time":1791480197391,"pid":1222610,"hostname":"wina-LOQ-16IRH8","reqId":"req-7","res":{"statusCode":201},"responseTime":7.368759000000068,"msg":"request completed"}
{"level":30,"time":1791480197408,"pid":1222610,"hostname":"wina-LOQ-16IRH8","reqId":"req-8","req":{"method":"POST","url":"/v1/actions/de4d311c-b774-4a8e-9927-43cb80f46124/transitions","hostname":"localhost"},"msg":"incoming request"}
{"level":30,"time":1791480197414,"pid":1222610,"hostname":"wina-LOQ-16IRH8","reqId":"req-8","res":{"statusCode":409},"responseTime":6.284541999999988,"msg":"request completed"}
▶ Action Center API + verification loop (real PostgreSQL)
  ✔ rejects an action without evidence (7.351306ms)
{"level":30,"time":1791480197415,"pid":1222610,"hostname":"wina-LOQ-16IRH8","reqId":"req-9","req":{"method":"POST","url":"/v1/actions/b8f7eb75-abe6-4d6c-9edc-6d8c1643bbe9/transitions","hostname":"localhost"},"msg":"incoming request"}
{"timestamp":"2026-10-08T17:23:17.417Z","level":"warn","message":"Request validation failed","context":{"issues":1}}
  ✔ rejects the former IMPLEMENTED label because it did not prove a site write (2.687733ms)
{"level":30,"time":1791480197417,"pid":1222610,"hostname":"wina-LOQ-16IRH8","reqId":"req-9","res":{"statusCode":400},"responseTime":2.2365220000000363,"msg":"request completed"}
{"level":30,"time":1791480197418,"pid":1222610,"hostname":"wina-LOQ-16IRH8","reqId":"req-a","req":{"method":"POST","url":"/v1/actions/53703370-5ec7-4f7e-b193-b3bfe754cef7/transitions","hostname":"localhost"},"msg":"incoming request"}
{"level":30,"time":1791480197418,"pid":1222610,"hostname":"wina-LOQ-16IRH8","reqId":"req-b","req":{"method":"POST","url":"/v1/actions/53703370-5ec7-4f7e-b193-b3bfe754cef7/transitions","hostname":"localhost"},"msg":"incoming request"}
{"level":30,"time":1791480197425,"pid":1222610,"hostname":"wina-LOQ-16IRH8","reqId":"req-a","res":{"statusCode":200},"responseTime":7.3228129999999965,"msg":"request completed"}
{"level":30,"time":1791480197429,"pid":1222610,"hostname":"wina-LOQ-16IRH8","reqId":"req-b","res":{"statusCode":409},"responseTime":10.892840999999976,"msg":"request completed"}
{"level":30,"time":1791480197430,"pid":1222610,"hostname":"wina-LOQ-16IRH8","reqId":"req-c","req":{"method":"POST","url":"/v1/actions/53703370-5ec7-4f7e-b193-b3bfe754cef7/transitions","hostname":"localhost"},"msg":"incoming request"}
{"level":30,"time":1791480197439,"pid":1222610,"hostname":"wina-LOQ-16IRH8","reqId":"req-c","res":{"statusCode":200},"responseTime":9.157666000000063,"msg":"request completed"}
{"level":30,"time":1791480197439,"pid":1222610,"hostname":"wina-LOQ-16IRH8","reqId":"req-d","req":{"method":"POST","url":"/v1/actions/53703370-5ec7-4f7e-b193-b3bfe754cef7/transitions","hostname":"localhost"},"msg":"incoming request"}
{"level":30,"time":1791480197443,"pid":1222610,"hostname":"wina-LOQ-16IRH8","reqId":"req-d","res":{"statusCode":200},"responseTime":4.042169000000058,"msg":"request completed"}
  ✔ protects concurrent transitions and audits explicit recommendation rejection (25.848521ms)
{"level":30,"time":1791480197444,"pid":1222610,"hostname":"wina-LOQ-16IRH8","reqId":"req-e","req":{"method":"POST","url":"/v1/actions/b8f7eb75-abe6-4d6c-9edc-6d8c1643bbe9/transitions","hostname":"localhost"},"msg":"incoming request"}
{"level":30,"time":1791480197449,"pid":1222610,"hostname":"wina-LOQ-16IRH8","reqId":"req-e","res":{"statusCode":200},"responseTime":5.038409999999999,"msg":"request completed"}
{"level":30,"time":1791480197449,"pid":1222610,"hostname":"wina-LOQ-16IRH8","reqId":"req-f","req":{"method":"POST","url":"/v1/actions/b8f7eb75-abe6-4d6c-9edc-6d8c1643bbe9/transitions","hostname":"localhost"},"msg":"incoming request"}
{"level":30,"time":1791480197452,"pid":1222610,"hostname":"wina-LOQ-16IRH8","reqId":"req-f","res":{"statusCode":409},"responseTime":2.3784400000000687,"msg":"request completed"}
{"level":30,"time":1791480197452,"pid":1222610,"hostname":"wina-LOQ-16IRH8","reqId":"req-g","req":{"method":"POST","url":"/v1/actions/b8f7eb75-abe6-4d6c-9edc-6d8c1643bbe9/transitions","hostname":"localhost"},"msg":"incoming request"}
{"level":30,"time":1791480197457,"pid":1222610,"hostname":"wina-LOQ-16IRH8","reqId":"req-g","res":{"statusCode":200},"responseTime":5.0281510000000935,"msg":"request completed"}
{"level":30,"time":1791480197457,"pid":1222610,"hostname":"wina-LOQ-16IRH8","reqId":"req-h","req":{"method":"POST","url":"/v1/actions/b8f7eb75-abe6-4d6c-9edc-6d8c1643bbe9/transitions","hostname":"localhost"},"msg":"incoming request"}
{"level":30,"time":1791480197459,"pid":1222610,"hostname":"wina-LOQ-16IRH8","reqId":"req-h","res":{"statusCode":409},"responseTime":2.3386749999999665,"msg":"request completed"}
{"level":30,"time":1791480197459,"pid":1222610,"hostname":"wina-LOQ-16IRH8","reqId":"req-i","req":{"method":"POST","url":"/v1/actions/b8f7eb75-abe6-4d6c-9edc-6d8c1643bbe9/transitions","hostname":"localhost"},"msg":"incoming request"}
{"level":30,"time":1791480197463,"pid":1222610,"hostname":"wina-LOQ-16IRH8","reqId":"req-i","res":{"statusCode":200},"responseTime":4.153951000000006,"msg":"request completed"}
{"level":30,"time":1791480197464,"pid":1222610,"hostname":"wina-LOQ-16IRH8","reqId":"req-j","req":{"method":"POST","url":"/v1/actions/b8f7eb75-abe6-4d6c-9edc-6d8c1643bbe9/transitions","hostname":"localhost"},"msg":"incoming request"}
{"level":30,"time":1791480197468,"pid":1222610,"hostname":"wina-LOQ-16IRH8","reqId":"req-j","res":{"statusCode":200},"responseTime":3.8439260000000104,"msg":"request completed"}
{"level":30,"time":1791480197468,"pid":1222610,"hostname":"wina-LOQ-16IRH8","reqId":"req-k","req":{"method":"POST","url":"/v1/actions/b8f7eb75-abe6-4d6c-9edc-6d8c1643bbe9/transitions","hostname":"localhost"},"msg":"incoming request"}
{"level":30,"time":1791480197470,"pid":1222610,"hostname":"wina-LOQ-16IRH8","reqId":"req-k","res":{"statusCode":409},"responseTime":2.2114840000000413,"msg":"request completed"}
{"level":30,"time":1791480197470,"pid":1222610,"hostname":"wina-LOQ-16IRH8","reqId":"req-l","req":{"method":"POST","url":"/v1/actions/b8f7eb75-abe6-4d6c-9edc-6d8c1643bbe9/transitions","hostname":"localhost"},"msg":"incoming request"}
{"level":30,"time":1791480197474,"pid":1222610,"hostname":"wina-LOQ-16IRH8","reqId":"req-l","res":{"statusCode":200},"responseTime":4.072387000000049,"msg":"request completed"}
{"level":30,"time":1791480197476,"pid":1222610,"hostname":"wina-LOQ-16IRH8","reqId":"req-m","req":{"method":"POST","url":"/v1/actions/b8f7eb75-abe6-4d6c-9edc-6d8c1643bbe9/transitions","hostname":"localhost"},"msg":"incoming request"}
{"level":30,"time":1791480197485,"pid":1222610,"hostname":"wina-LOQ-16IRH8","reqId":"req-m","res":{"statusCode":200},"responseTime":8.282504000000017,"msg":"request completed"}
{"level":30,"time":1791480197485,"pid":1222610,"hostname":"wina-LOQ-16IRH8","reqId":"req-n","req":{"method":"POST","url":"/v1/actions/b8f7eb75-abe6-4d6c-9edc-6d8c1643bbe9/transitions","hostname":"localhost"},"msg":"incoming request"}
{"level":30,"time":1791480197488,"pid":1222610,"hostname":"wina-LOQ-16IRH8","reqId":"req-n","res":{"statusCode":200},"responseTime":3.583593999999948,"msg":"request completed"}
  ✔ rejects implementation without approval, rejects verification without measurement, and computes VERIFIED from the declared gate (45.108346ms)
{"level":30,"time":1791480197489,"pid":1222610,"hostname":"wina-LOQ-16IRH8","reqId":"req-o","req":{"method":"GET","url":"/v1/actions/b8f7eb75-abe6-4d6c-9edc-6d8c1643bbe9","hostname":"localhost"},"msg":"incoming request"}
{"level":30,"time":1791480197491,"pid":1222610,"hostname":"wina-LOQ-16IRH8","reqId":"req-o","res":{"statusCode":404},"responseTime":1.6656840000000557,"msg":"request completed"}
{"level":30,"time":1791480197491,"pid":1222610,"hostname":"wina-LOQ-16IRH8","reqId":"req-p","req":{"method":"POST","url":"/v1/actions/b8f7eb75-abe6-4d6c-9edc-6d8c1643bbe9/transitions","hostname":"localhost"},"msg":"incoming request"}
{"level":30,"time":1791480197492,"pid":1222610,"hostname":"wina-LOQ-16IRH8","reqId":"req-p","res":{"statusCode":404},"responseTime":1.3165050000000065,"msg":"request completed"}
  ✔ returns uniform 404 for cross-tenant action reads and writes (3.527489ms)
  ✔ keeps audit history append-only at the database boundary (2.141252ms)
✔ Action Center API + verification loop (real PostgreSQL) (305.094221ms)
{"level":30,"time":1791480197806,"pid":1222630,"hostname":"wina-LOQ-16IRH8","driver":"postgres","role":"serpvera_app","msg":"store driver: postgres — persistence + RLS enforced"}
{"level":30,"time":1791480197838,"pid":1222630,"hostname":"wina-LOQ-16IRH8","reqId":"req-1","req":{"method":"POST","url":"/v1/auth/register","hostname":"localhost"},"msg":"incoming request"}
{"timestamp":"2026-10-08T17:23:17.892Z","level":"info","message":"User registered","context":{"userId":"3070018e-b7a3-46ad-ad9e-615ea6126e54"}}
{"level":30,"time":1791480197894,"pid":1222630,"hostname":"wina-LOQ-16IRH8","reqId":"req-1","res":{"statusCode":201},"responseTime":55.49219599999998,"msg":"request completed"}
{"level":30,"time":1791480197894,"pid":1222630,"hostname":"wina-LOQ-16IRH8","reqId":"req-2","req":{"method":"POST","url":"/v1/organizations","hostname":"localhost"},"msg":"incoming request"}
{"timestamp":"2026-10-08T17:23:17.899Z","level":"info","message":"Organization created","organizationId":"8732a5ac-6a61-4c36-ab0c-12c0445ba679","context":{"organizationId":"8732a5ac-6a61-4c36-ab0c-12c0445ba679","userId":"3070018e-b7a3-46ad-ad9e-615ea6126e54"}}
{"level":30,"time":1791480197900,"pid":1222630,"hostname":"wina-LOQ-16IRH8","reqId":"req-2","res":{"statusCode":201},"responseTime":5.248287000000005,"msg":"request completed"}
{"level":30,"time":1791480197900,"pid":1222630,"hostname":"wina-LOQ-16IRH8","reqId":"req-3","req":{"method":"POST","url":"/v1/auth/select-organization","hostname":"localhost"},"msg":"incoming request"}
{"timestamp":"2026-10-08T17:23:17.903Z","level":"info","message":"Organization selected","organizationId":"8732a5ac-6a61-4c36-ab0c-12c0445ba679","context":{"userId":"3070018e-b7a3-46ad-ad9e-615ea6126e54","organizationId":"8732a5ac-6a61-4c36-ab0c-12c0445ba679"}}
{"level":30,"time":1791480197904,"pid":1222630,"hostname":"wina-LOQ-16IRH8","reqId":"req-3","res":{"statusCode":200},"responseTime":3.5582770000000323,"msg":"request completed"}
{"level":30,"time":1791480197904,"pid":1222630,"hostname":"wina-LOQ-16IRH8","reqId":"req-4","req":{"method":"POST","url":"/v1/auth/register","hostname":"localhost"},"msg":"incoming request"}
{"timestamp":"2026-10-08T17:23:17.939Z","level":"info","message":"User registered","context":{"userId":"01a05f65-9034-471c-acc8-84f263d7b75e"}}
{"level":30,"time":1791480197939,"pid":1222630,"hostname":"wina-LOQ-16IRH8","reqId":"req-4","res":{"statusCode":201},"responseTime":35.16550799999999,"msg":"request completed"}
{"level":30,"time":1791480197940,"pid":1222630,"hostname":"wina-LOQ-16IRH8","reqId":"req-5","req":{"method":"POST","url":"/v1/organizations","hostname":"localhost"},"msg":"incoming request"}
{"timestamp":"2026-10-08T17:23:17.942Z","level":"info","message":"Organization created","organizationId":"e950a43f-bc5f-4211-836b-c9436de06faf","context":{"organizationId":"e950a43f-bc5f-4211-836b-c9436de06faf","userId":"01a05f65-9034-471c-acc8-84f263d7b75e"}}
{"level":30,"time":1791480197942,"pid":1222630,"hostname":"wina-LOQ-16IRH8","reqId":"req-5","res":{"statusCode":201},"responseTime":2.1432459999999764,"msg":"request completed"}
{"level":30,"time":1791480197942,"pid":1222630,"hostname":"wina-LOQ-16IRH8","reqId":"req-6","req":{"method":"POST","url":"/v1/auth/select-organization","hostname":"localhost"},"msg":"incoming request"}
{"timestamp":"2026-10-08T17:23:17.944Z","level":"info","message":"Organization selected","organizationId":"e950a43f-bc5f-4211-836b-c9436de06faf","context":{"userId":"01a05f65-9034-471c-acc8-84f263d7b75e","organizationId":"e950a43f-bc5f-4211-836b-c9436de06faf"}}
{"level":30,"time":1791480197944,"pid":1222630,"hostname":"wina-LOQ-16IRH8","reqId":"req-6","res":{"statusCode":200},"responseTime":2.188169999999957,"msg":"request completed"}
{"level":30,"time":1791480197944,"pid":1222630,"hostname":"wina-LOQ-16IRH8","reqId":"req-7","req":{"method":"POST","url":"/v1/projects","hostname":"localhost"},"msg":"incoming request"}
{"level":30,"time":1791480197953,"pid":1222630,"hostname":"wina-LOQ-16IRH8","reqId":"req-7","res":{"statusCode":201},"responseTime":8.990480000000048,"msg":"request completed"}
{"level":30,"time":1791480197954,"pid":1222630,"hostname":"wina-LOQ-16IRH8","reqId":"req-8","req":{"method":"POST","url":"/v1/projects","hostname":"localhost"},"msg":"incoming request"}
{"level":30,"time":1791480197957,"pid":1222630,"hostname":"wina-LOQ-16IRH8","reqId":"req-8","res":{"statusCode":201},"responseTime":2.870798999999977,"msg":"request completed"}
{"level":30,"time":1791480197957,"pid":1222630,"hostname":"wina-LOQ-16IRH8","reqId":"req-9","req":{"method":"POST","url":"/v1/auth/register","hostname":"localhost"},"msg":"incoming request"}
{"timestamp":"2026-10-08T17:23:17.992Z","level":"info","message":"User registered","context":{"userId":"af61fb6e-fd76-4cbb-b883-72f862dab824"}}
{"level":30,"time":1791480197992,"pid":1222630,"hostname":"wina-LOQ-16IRH8","reqId":"req-9","res":{"statusCode":201},"responseTime":35.244677000000024,"msg":"request completed"}
{"level":30,"time":1791480197994,"pid":1222630,"hostname":"wina-LOQ-16IRH8","reqId":"req-a","req":{"method":"POST","url":"/v1/auth/select-organization","hostname":"localhost"},"msg":"incoming request"}
{"timestamp":"2026-10-08T17:23:17.996Z","level":"info","message":"Organization selected","organizationId":"8732a5ac-6a61-4c36-ab0c-12c0445ba679","context":{"userId":"af61fb6e-fd76-4cbb-b883-72f862dab824","organizationId":"8732a5ac-6a61-4c36-ab0c-12c0445ba679"}}
{"level":30,"time":1791480197996,"pid":1222630,"hostname":"wina-LOQ-16IRH8","reqId":"req-a","res":{"statusCode":200},"responseTime":2.350818000000004,"msg":"request completed"}
{"level":30,"time":1791480197996,"pid":1222630,"hostname":"wina-LOQ-16IRH8","reqId":"req-b","req":{"method":"POST","url":"/v1/auth/register","hostname":"localhost"},"msg":"incoming request"}
{"timestamp":"2026-10-08T17:23:18.023Z","level":"info","message":"User registered","context":{"userId":"9fd2367d-41d2-4466-8a69-76ae14b90aa3"}}
{"level":30,"time":1791480198024,"pid":1222630,"hostname":"wina-LOQ-16IRH8","reqId":"req-b","res":{"statusCode":201},"responseTime":27.463418999999988,"msg":"request completed"}
{"level":30,"time":1791480198024,"pid":1222630,"hostname":"wina-LOQ-16IRH8","reqId":"req-c","req":{"method":"POST","url":"/v1/auth/select-organization","hostname":"localhost"},"msg":"incoming request"}
{"timestamp":"2026-10-08T17:23:18.026Z","level":"info","message":"Organization selected","organizationId":"8732a5ac-6a61-4c36-ab0c-12c0445ba679","context":{"userId":"9fd2367d-41d2-4466-8a69-76ae14b90aa3","organizationId":"8732a5ac-6a61-4c36-ab0c-12c0445ba679"}}
{"level":30,"time":1791480198027,"pid":1222630,"hostname":"wina-LOQ-16IRH8","reqId":"req-c","res":{"statusCode":200},"responseTime":2.0410630000000083,"msg":"request completed"}
{"level":30,"time":1791480198027,"pid":1222630,"hostname":"wina-LOQ-16IRH8","reqId":"req-d","req":{"method":"POST","url":"/v1/auth/register","hostname":"localhost"},"msg":"incoming request"}
{"timestamp":"2026-10-08T17:23:18.055Z","level":"info","message":"User registered","context":{"userId":"2cafaba5-e6ea-4fab-8614-5c06324edd87"}}
{"level":30,"time":1791480198055,"pid":1222630,"hostname":"wina-LOQ-16IRH8","reqId":"req-d","res":{"statusCode":201},"responseTime":28.33939300000003,"msg":"request completed"}
{"level":30,"time":1791480198056,"pid":1222630,"hostname":"wina-LOQ-16IRH8","reqId":"req-e","req":{"method":"POST","url":"/v1/auth/select-organization","hostname":"localhost"},"msg":"incoming request"}
{"timestamp":"2026-10-08T17:23:18.058Z","level":"info","message":"Organization selected","organizationId":"8732a5ac-6a61-4c36-ab0c-12c0445ba679","context":{"userId":"2cafaba5-e6ea-4fab-8614-5c06324edd87","organizationId":"8732a5ac-6a61-4c36-ab0c-12c0445ba679"}}
{"level":30,"time":1791480198058,"pid":1222630,"hostname":"wina-LOQ-16IRH8","reqId":"req-e","res":{"statusCode":200},"responseTime":2.2803440000000137,"msg":"request completed"}
{"level":30,"time":1791480198059,"pid":1222630,"hostname":"wina-LOQ-16IRH8","reqId":"req-f","req":{"method":"GET","url":"/v1/projects/45dcc2e2-bef9-45ec-8bea-598af91ae106/ai-visibility/imports","hostname":"localhost"},"msg":"incoming request"}
{"level":30,"time":1791480198067,"pid":1222630,"hostname":"wina-LOQ-16IRH8","reqId":"req-f","res":{"statusCode":200},"responseTime":7.263079999999945,"msg":"request completed"}
▶ AI visibility imports (authenticated API + PostgreSQL)
  ✔ returns a genuine empty stats-only history without raw capture rows (8.917172ms)
{"level":30,"time":1791480198069,"pid":1222630,"hostname":"wina-LOQ-16IRH8","reqId":"req-g","req":{"method":"POST","url":"/v1/projects/45dcc2e2-bef9-45ec-8bea-598af91ae106/ai-visibility/imports","hostname":"localhost"},"msg":"incoming request"}
{"level":30,"time":1791480198080,"pid":1222630,"hostname":"wina-LOQ-16IRH8","reqId":"req-g","res":{"statusCode":201},"responseTime":11.026213000000098,"msg":"request completed"}
{"level":30,"time":1791480198080,"pid":1222630,"hostname":"wina-LOQ-16IRH8","reqId":"req-h","req":{"method":"GET","url":"/v1/projects/45dcc2e2-bef9-45ec-8bea-598af91ae106/ai-visibility/imports","hostname":"localhost"},"msg":"incoming request"}
{"level":30,"time":1791480198083,"pid":1222630,"hostname":"wina-LOQ-16IRH8","reqId":"req-h","res":{"statusCode":200},"responseTime":2.785037000000102,"msg":"request completed"}
{"level":30,"time":1791480198083,"pid":1222630,"hostname":"wina-LOQ-16IRH8","reqId":"req-i","req":{"method":"GET","url":"/v1/projects/45dcc2e2-bef9-45ec-8bea-598af91ae106/ai-visibility/imports","hostname":"localhost"},"msg":"incoming request"}
{"level":30,"time":1791480198087,"pid":1222630,"hostname":"wina-LOQ-16IRH8","reqId":"req-i","res":{"statusCode":200},"responseTime":3.984150999999997,"msg":"request completed"}
{"level":30,"time":1791480198087,"pid":1222630,"hostname":"wina-LOQ-16IRH8","reqId":"req-j","req":{"method":"GET","url":"/v1/projects/45dcc2e2-bef9-45ec-8bea-598af91ae106/ai-visibility/imports","hostname":"localhost"},"msg":"incoming request"}
{"level":30,"time":1791480198089,"pid":1222630,"hostname":"wina-LOQ-16IRH8","reqId":"req-j","res":{"statusCode":400},"responseTime":1.5735799999999927,"msg":"request completed"}
{"level":30,"time":1791480198089,"pid":1222630,"hostname":"wina-LOQ-16IRH8","reqId":"req-k","req":{"method":"GET","url":"/v1/projects/45dcc2e2-bef9-45ec-8bea-598af91ae106/ai-visibility/imports/9c14b0cf-fc25-4940-ac48-0145b5a6a7e8","hostname":"localhost"},"msg":"incoming request"}
{"level":30,"time":1791480198101,"pid":1222630,"hostname":"wina-LOQ-16IRH8","reqId":"req-k","res":{"statusCode":200},"responseTime":11.954273999999941,"msg":"request completed"}
{"level":30,"time":1791480198101,"pid":1222630,"hostname":"wina-LOQ-16IRH8","reqId":"req-l","req":{"method":"POST","url":"/v1/projects/45dcc2e2-bef9-45ec-8bea-598af91ae106/ai-visibility/imports","hostname":"localhost"},"msg":"incoming request"}
{"level":30,"time":1791480198113,"pid":1222630,"hostname":"wina-LOQ-16IRH8","reqId":"req-l","res":{"statusCode":201},"responseTime":11.252059000000031,"msg":"request completed"}
{"level":30,"time":1791480198113,"pid":1222630,"hostname":"wina-LOQ-16IRH8","reqId":"req-m","req":{"method":"GET","url":"/v1/projects/45dcc2e2-bef9-45ec-8bea-598af91ae106/ai-visibility/imports","hostname":"localhost"},"msg":"incoming request"}
{"level":30,"time":1791480198123,"pid":1222630,"hostname":"wina-LOQ-16IRH8","reqId":"req-m","res":{"statusCode":200},"responseTime":9.626871999999935,"msg":"request completed"}
{"level":30,"time":1791480198123,"pid":1222630,"hostname":"wina-LOQ-16IRH8","reqId":"req-n","req":{"method":"GET","url":"/v1/projects/45dcc2e2-bef9-45ec-8bea-598af91ae106/ai-visibility/imports","hostname":"localhost"},"msg":"incoming request"}
{"level":30,"time":1791480198124,"pid":1222630,"hostname":"wina-LOQ-16IRH8","reqId":"req-n","res":{"statusCode":400},"responseTime":1.6249370000000454,"msg":"request completed"}
  ✔ persists the exact CSV hash and returns stored per-engine/prompt statistics (56.415188ms)
{"level":30,"time":1791480198125,"pid":1222630,"hostname":"wina-LOQ-16IRH8","reqId":"req-o","req":{"method":"POST","url":"/v1/projects/45dcc2e2-bef9-45ec-8bea-598af91ae106/ai-visibility/imports","hostname":"localhost"},"msg":"incoming request"}
{"level":30,"time":1791480198127,"pid":1222630,"hostname":"wina-LOQ-16IRH8","reqId":"req-o","res":{"statusCode":403},"responseTime":1.8832650000000513,"msg":"request completed"}
{"level":30,"time":1791480198127,"pid":1222630,"hostname":"wina-LOQ-16IRH8","reqId":"req-p","req":{"method":"POST","url":"/v1/projects/45dcc2e2-bef9-45ec-8bea-598af91ae106/ai-visibility/imports","hostname":"localhost"},"msg":"incoming request"}
{"level":30,"time":1791480198129,"pid":1222630,"hostname":"wina-LOQ-16IRH8","reqId":"req-p","res":{"statusCode":403},"responseTime":1.5483819999999469,"msg":"request completed"}
  ✔ denies evidence imports to same-tenant VIEWER and BILLING roles (3.982347ms)
{"level":30,"time":1791480198130,"pid":1222630,"hostname":"wina-LOQ-16IRH8","reqId":"req-q","req":{"method":"POST","url":"/v1/projects/45dcc2e2-bef9-45ec-8bea-598af91ae106/ai-visibility/imports","hostname":"localhost"},"msg":"incoming request"}
{"level":30,"time":1791480198131,"pid":1222630,"hostname":"wina-LOQ-16IRH8","reqId":"req-q","res":{"statusCode":403},"responseTime":1.5289759999999433,"msg":"request completed"}
  ✔ uses the current membership role after a session role is downgraded (2.45828ms)
{"level":30,"time":1791480198132,"pid":1222630,"hostname":"wina-LOQ-16IRH8","reqId":"req-r","req":{"method":"POST","url":"/v1/projects/45dcc2e2-bef9-45ec-8bea-598af91ae106/ai-visibility/imports","hostname":"localhost"},"msg":"incoming request"}
{"level":30,"time":1791480198136,"pid":1222630,"hostname":"wina-LOQ-16IRH8","reqId":"req-r","res":{"statusCode":400},"responseTime":4.602036999999996,"msg":"request completed"}
{"level":30,"time":1791480198136,"pid":1222630,"hostname":"wina-LOQ-16IRH8","reqId":"req-s","req":{"method":"POST","url":"/v1/projects/45dcc2e2-bef9-45ec-8bea-598af91ae106/ai-visibility/imports","hostname":"localhost"},"msg":"incoming request"}
{"level":30,"time":1791480198138,"pid":1222630,"hostname":"wina-LOQ-16IRH8","reqId":"req-s","res":{"statusCode":400},"responseTime":1.6838990000001104,"msg":"request completed"}
{"level":30,"time":1791480198141,"pid":1222630,"hostname":"wina-LOQ-16IRH8","reqId":"req-t","req":{"method":"POST","url":"/v1/projects/45dcc2e2-bef9-45ec-8bea-598af91ae106/ai-visibility/imports","hostname":"localhost"},"msg":"incoming request"}
{"level":30,"time":1791480198144,"pid":1222630,"hostname":"wina-LOQ-16IRH8","reqId":"req-t","res":{"statusCode":413},"responseTime":2.736355000000003,"msg":"request completed"}
{"level":30,"time":1791480198144,"pid":1222630,"hostname":"wina-LOQ-16IRH8","reqId":"req-u","req":{"method":"POST","url":"/v1/projects/45dcc2e2-bef9-45ec-8bea-598af91ae106/ai-visibility/imports","hostname":"localhost"},"msg":"incoming request"}
{"level":30,"time":1791480198147,"pid":1222630,"hostname":"wina-LOQ-16IRH8","reqId":"req-u","res":{"statusCode":409},"responseTime":2.985685999999987,"msg":"request completed"}
  ✔ rejects a false hash, malformed CSV, oversized CSV, and duplicate file (16.109108ms)
{"level":30,"time":1791480198148,"pid":1222630,"hostname":"wina-LOQ-16IRH8","reqId":"req-v","req":{"method":"GET","url":"/v1/projects/45dcc2e2-bef9-45ec-8bea-598af91ae106/ai-visibility/imports","hostname":"localhost"},"msg":"incoming request"}
{"level":30,"time":1791480198148,"pid":1222630,"hostname":"wina-LOQ-16IRH8","reqId":"req-v","res":{"statusCode":401},"responseTime":0.19882600000005368,"msg":"request completed"}
{"level":30,"time":1791480198148,"pid":1222630,"hostname":"wina-LOQ-16IRH8","reqId":"req-w","req":{"method":"GET","url":"/v1/projects/45dcc2e2-bef9-45ec-8bea-598af91ae106/ai-visibility/imports","hostname":"localhost"},"msg":"incoming request"}
{"level":30,"time":1791480198150,"pid":1222630,"hostname":"wina-LOQ-16IRH8","reqId":"req-w","res":{"statusCode":404},"responseTime":1.3866669999999885,"msg":"request completed"}
{"level":30,"time":1791480198150,"pid":1222630,"hostname":"wina-LOQ-16IRH8","reqId":"req-x","req":{"method":"GET","url":"/v1/projects/f120fbca-a083-4dcb-a28f-4075722397c7/ai-visibility/imports/9c14b0cf-fc25-4940-ac48-0145b5a6a7e8","hostname":"localhost"},"msg":"incoming request"}
{"level":30,"time":1791480198152,"pid":1222630,"hostname":"wina-LOQ-16IRH8","reqId":"req-x","res":{"statusCode":404},"responseTime":2.3232150000000047,"msg":"request completed"}
{"level":30,"time":1791480198152,"pid":1222630,"hostname":"wina-LOQ-16IRH8","reqId":"req-y","req":{"method":"GET","url":"/v1/projects/45dcc2e2-bef9-45ec-8bea-598af91ae106/ai-visibility/imports","hostname":"localhost"},"msg":"incoming request"}
{"level":30,"time":1791480198154,"pid":1222630,"hostname":"wina-LOQ-16IRH8","reqId":"req-y","res":{"statusCode":404},"responseTime":1.7307969999999386,"msg":"request completed"}
{"level":30,"time":1791480198154,"pid":1222630,"hostname":"wina-LOQ-16IRH8","reqId":"req-z","req":{"method":"POST","url":"/v1/projects/45dcc2e2-bef9-45ec-8bea-598af91ae106/ai-visibility/imports","hostname":"localhost"},"msg":"incoming request"}
{"level":30,"time":1791480198156,"pid":1222630,"hostname":"wina-LOQ-16IRH8","reqId":"req-z","res":{"statusCode":404},"responseTime":1.3974580000000287,"msg":"request completed"}
  ✔ requires a session and hides project/import IDs across tenants (8.236958ms)
✔ AI visibility imports (authenticated API + PostgreSQL) (399.250187ms)
{"level":30,"time":1791480198468,"pid":1222644,"hostname":"wina-LOQ-16IRH8","driver":"postgres","role":"serpvera_app","msg":"store driver: postgres — persistence + RLS enforced"}
{"level":30,"time":1791480198501,"pid":1222644,"hostname":"wina-LOQ-16IRH8","reqId":"req-1","req":{"method":"POST","url":"/v1/auth/register","hostname":"localhost"},"msg":"incoming request"}
{"timestamp":"2026-10-08T17:23:18.553Z","level":"info","message":"User registered","context":{"userId":"28770487-4aa2-4932-9d1d-f460c36eff54"}}
{"level":30,"time":1791480198555,"pid":1222644,"hostname":"wina-LOQ-16IRH8","reqId":"req-1","res":{"statusCode":201},"responseTime":53.90075200000001,"msg":"request completed"}
{"level":30,"time":1791480198557,"pid":1222644,"hostname":"wina-LOQ-16IRH8","reqId":"req-2","req":{"method":"POST","url":"/v1/auth/register","hostname":"localhost"},"msg":"incoming request"}
▶ API persistence over real PostgreSQL (RLS enforced)
  ✔ register persists the user in PostgreSQL (hash stored, no plaintext leak) (61.287225ms)
{"level":30,"time":1791480198592,"pid":1222644,"hostname":"wina-LOQ-16IRH8","reqId":"req-2","res":{"statusCode":409},"responseTime":34.85457100000002,"msg":"request completed"}
  ✔ duplicate register is rejected by the DB UNIQUE constraint (409 EMAIL_EXISTS) (35.45823ms)
{"level":30,"time":1791480198593,"pid":1222644,"hostname":"wina-LOQ-16IRH8","reqId":"req-3","req":{"method":"GET","url":"/v1/auth/me","hostname":"localhost"},"msg":"incoming request"}
{"level":30,"time":1791480198598,"pid":1222644,"hostname":"wina-LOQ-16IRH8","reqId":"req-3","res":{"statusCode":401},"responseTime":4.834856000000002,"msg":"request completed"}
  ✔ a forged session cookie is rejected (opaque server-side tokens) (5.471258ms)
{"level":30,"time":1791480198598,"pid":1222644,"hostname":"wina-LOQ-16IRH8","reqId":"req-4","req":{"method":"POST","url":"/v1/auth/login","hostname":"localhost"},"msg":"incoming request"}
{"level":30,"time":1791480198634,"pid":1222644,"hostname":"wina-LOQ-16IRH8","reqId":"req-4","res":{"statusCode":200},"responseTime":35.73923099999996,"msg":"request completed"}
{"level":30,"time":1791480198634,"pid":1222644,"hostname":"wina-LOQ-16IRH8","reqId":"req-5","req":{"method":"POST","url":"/v1/organizations","hostname":"localhost"},"msg":"incoming request"}
{"timestamp":"2026-10-08T17:23:18.639Z","level":"info","message":"Organization created","organizationId":"85f45d0f-56ea-45d9-a99d-e937e0a43d34","context":{"organizationId":"85f45d0f-56ea-45d9-a99d-e937e0a43d34","userId":"28770487-4aa2-4932-9d1d-f460c36eff54"}}
{"level":30,"time":1791480198639,"pid":1222644,"hostname":"wina-LOQ-16IRH8","reqId":"req-5","res":{"statusCode":201},"responseTime":4.392841999999973,"msg":"request completed"}
{"level":30,"time":1791480198640,"pid":1222644,"hostname":"wina-LOQ-16IRH8","reqId":"req-6","req":{"method":"POST","url":"/v1/auth/select-organization","hostname":"localhost"},"msg":"incoming request"}
{"timestamp":"2026-10-08T17:23:18.643Z","level":"info","message":"Organization selected","organizationId":"85f45d0f-56ea-45d9-a99d-e937e0a43d34","context":{"userId":"28770487-4aa2-4932-9d1d-f460c36eff54","organizationId":"85f45d0f-56ea-45d9-a99d-e937e0a43d34"}}
{"level":30,"time":1791480198644,"pid":1222644,"hostname":"wina-LOQ-16IRH8","reqId":"req-6","res":{"statusCode":200},"responseTime":3.5267169999999624,"msg":"request completed"}
  ✔ select-organization establishes a verified tenant context (role read from DB) (45.912794ms)
{"level":30,"time":1791480198644,"pid":1222644,"hostname":"wina-LOQ-16IRH8","reqId":"req-7","req":{"method":"POST","url":"/v1/projects","hostname":"localhost"},"msg":"incoming request"}
{"level":30,"time":1791480198652,"pid":1222644,"hostname":"wina-LOQ-16IRH8","reqId":"req-7","res":{"statusCode":201},"responseTime":7.466003000000001,"msg":"request completed"}
{"level":30,"time":1791480198652,"pid":1222644,"hostname":"wina-LOQ-16IRH8","reqId":"req-8","req":{"method":"GET","url":"/v1/projects/fbf209d6-cfe0-4dff-833f-27719a743cac","hostname":"localhost"},"msg":"incoming request"}
{"level":30,"time":1791480198654,"pid":1222644,"hostname":"wina-LOQ-16IRH8","reqId":"req-8","res":{"statusCode":200},"responseTime":2.2446970000000306,"msg":"request completed"}
{"level":30,"time":1791480198655,"pid":1222644,"hostname":"wina-LOQ-16IRH8","reqId":"req-9","req":{"method":"POST","url":"/v1/auth/login","hostname":"localhost"},"msg":"incoming request"}
  ✔ project creation + read persist under the owner tenant (RLS allows own rows) (10.927266ms)
{"level":30,"time":1791480198683,"pid":1222644,"hostname":"wina-LOQ-16IRH8","reqId":"req-9","res":{"statusCode":200},"responseTime":27.483066000000008,"msg":"request completed"}
{"level":30,"time":1791480198683,"pid":1222644,"hostname":"wina-LOQ-16IRH8","reqId":"req-a","req":{"method":"GET","url":"/v1/projects/fbf209d6-cfe0-4dff-833f-27719a743cac","hostname":"localhost"},"msg":"incoming request"}
{"level":30,"time":1791480198684,"pid":1222644,"hostname":"wina-LOQ-16IRH8","reqId":"req-a","res":{"statusCode":400},"responseTime":1.0164879999999812,"msg":"request completed"}
  ✔ project read without an active organization is rejected (400, no tenant context) (29.506756ms)
{"level":30,"time":1791480198685,"pid":1222644,"hostname":"wina-LOQ-16IRH8","reqId":"req-b","req":{"method":"POST","url":"/v1/auth/register","hostname":"localhost"},"msg":"incoming request"}
{"timestamp":"2026-10-08T17:23:18.712Z","level":"info","message":"User registered","context":{"userId":"7d72bd11-7865-45b4-890a-aa71d1b72c1a"}}
{"level":30,"time":1791480198712,"pid":1222644,"hostname":"wina-LOQ-16IRH8","reqId":"req-b","res":{"statusCode":201},"responseTime":26.977562000000034,"msg":"request completed"}
{"level":30,"time":1791480198712,"pid":1222644,"hostname":"wina-LOQ-16IRH8","reqId":"req-c","req":{"method":"POST","url":"/v1/organizations","hostname":"localhost"},"msg":"incoming request"}
{"timestamp":"2026-10-08T17:23:18.714Z","level":"info","message":"Organization created","organizationId":"87043318-acac-4771-9e6f-ec5509b56881","context":{"organizationId":"87043318-acac-4771-9e6f-ec5509b56881","userId":"7d72bd11-7865-45b4-890a-aa71d1b72c1a"}}
{"level":30,"time":1791480198714,"pid":1222644,"hostname":"wina-LOQ-16IRH8","reqId":"req-c","res":{"statusCode":201},"responseTime":1.994654999999966,"msg":"request completed"}
{"level":30,"time":1791480198714,"pid":1222644,"hostname":"wina-LOQ-16IRH8","reqId":"req-d","req":{"method":"POST","url":"/v1/auth/select-organization","hostname":"localhost"},"msg":"incoming request"}
{"timestamp":"2026-10-08T17:23:18.716Z","level":"info","message":"Organization selected","organizationId":"87043318-acac-4771-9e6f-ec5509b56881","context":{"userId":"7d72bd11-7865-45b4-890a-aa71d1b72c1a","organizationId":"87043318-acac-4771-9e6f-ec5509b56881"}}
{"level":30,"time":1791480198716,"pid":1222644,"hostname":"wina-LOQ-16IRH8","reqId":"req-d","res":{"statusCode":200},"responseTime":1.8294230000000198,"msg":"request completed"}
{"level":30,"time":1791480198716,"pid":1222644,"hostname":"wina-LOQ-16IRH8","reqId":"req-e","req":{"method":"GET","url":"/v1/projects/fbf209d6-cfe0-4dff-833f-27719a743cac","hostname":"localhost"},"msg":"incoming request"}
{"level":30,"time":1791480198718,"pid":1222644,"hostname":"wina-LOQ-16IRH8","reqId":"req-e","res":{"statusCode":404},"responseTime":1.5672680000000128,"msg":"request completed"}
{"level":30,"time":1791480198718,"pid":1222644,"hostname":"wina-LOQ-16IRH8","reqId":"req-f","req":{"method":"GET","url":"/v1/organizations/85f45d0f-56ea-45d9-a99d-e937e0a43d34","hostname":"localhost"},"msg":"incoming request"}
{"level":30,"time":1791480198719,"pid":1222644,"hostname":"wina-LOQ-16IRH8","reqId":"req-f","res":{"statusCode":404},"responseTime":0.9385120000000597,"msg":"request completed"}
{"level":30,"time":1791480198721,"pid":1222644,"hostname":"wina-LOQ-16IRH8","reqId":"req-g","req":{"method":"POST","url":"/v1/public-scans","hostname":"localhost"},"msg":"incoming request"}
  ✔ RLS blocks cross-tenant project + org reads through the REAL API path (uniform 404) (36.228193ms)
{"level":30,"time":1791480198723,"pid":1222644,"hostname":"wina-LOQ-16IRH8","reqId":"req-g","res":{"statusCode":201},"responseTime":1.5304889999999887,"msg":"request completed"}
{"timestamp":"2026-10-08T17:23:18.725Z","level":"info","message":"Scan completed","traceId":"742be2dd-efcc-4dc5-9eb2-27fbb3973123","context":{"jobType":"public-scan","traceId":"742be2dd-efcc-4dc5-9eb2-27fbb3973123","domain":"https://api122264423y2-scan.example.invalid/","status":"completed","findingCount":1,"httpStatus":200}}
{"level":30,"time":1791480198728,"pid":1222644,"hostname":"wina-LOQ-16IRH8","reqId":"req-h","req":{"method":"GET","url":"/v1/public-scans/8cb76516-9d40-4aaa-ac98-95524631d120","hostname":"localhost"},"msg":"incoming request"}
{"level":30,"time":1791480198729,"pid":1222644,"hostname":"wina-LOQ-16IRH8","reqId":"req-h","res":{"statusCode":200},"responseTime":0.8614160000000766,"msg":"request completed"}
  ✔ public scan persists to PostgreSQL and is retrievable by UUID (8.123343ms)
{"level":30,"time":1791480198729,"pid":1222644,"hostname":"wina-LOQ-16IRH8","reqId":"req-i","req":{"method":"POST","url":"/v1/auth/login","hostname":"localhost"},"msg":"incoming request"}
{"level":30,"time":1791480198760,"pid":1222644,"hostname":"wina-LOQ-16IRH8","reqId":"req-i","res":{"statusCode":200},"responseTime":30.493438999999967,"msg":"request completed"}
{"level":30,"time":1791480198760,"pid":1222644,"hostname":"wina-LOQ-16IRH8","reqId":"req-j","req":{"method":"POST","url":"/v1/organizations","hostname":"localhost"},"msg":"incoming request"}
{"timestamp":"2026-10-08T17:23:18.762Z","level":"warn","message":"Request validation failed","context":{"issues":1}}
{"level":30,"time":1791480198762,"pid":1222644,"hostname":"wina-LOQ-16IRH8","reqId":"req-j","res":{"statusCode":400},"responseTime":1.8483090000000857,"msg":"request completed"}
  ✔ invalid slug is rejected as 400 VALIDATION_ERROR without leaking schema internals (33.064552ms)
{"level":30,"time":1791480198765,"pid":1222644,"hostname":"wina-LOQ-16IRH8","reqId":"req-k","req":{"method":"POST","url":"/v1/public-scans","hostname":"localhost"},"msg":"incoming request"}
  ✔ store error mapping depends on exact UNIQUE constraint names (regression guard) (2.698163ms)
{"timestamp":"2026-10-08T17:23:18.766Z","level":"warn","message":"Public scan rejected by SSRF guard","context":{"jobType":"public-scan","error":"SSRF blocked: IPv4 loopback (127.0.0.0/8) (https://127.0.0.1/)"}}
{"level":30,"time":1791480198766,"pid":1222644,"hostname":"wina-LOQ-16IRH8","reqId":"req-k","res":{"statusCode":400},"responseTime":0.7891690000000153,"msg":"request completed"}
  ✔ public scan REJECTS a private/loopback target (SSRF, pre-queue, 400) (1.863718ms)
✔ API persistence over real PostgreSQL (RLS enforced) (351.326737ms)
▶ bounded project site audit
  ✔ uses sitemap and internal links while refusing disallowed and external URLs (16.973799ms)
  ✔ does not fingerprint XHTML with the HTML tree-construction algorithm (0.697787ms)
  ✔ measures deterministic rule precision and groups 200 fixture pages across five structures (37.398913ms)
  ✔ stops before pages when robots.txt is unavailable instead of guessing access (0.353588ms)
  ✔ obeys the page cap even when links and sitemap advertise more URLs (0.677078ms)
  ✔ refuses same-origin redirects into robots-disallowed paths (0.162837ms)
  ✔ does not request a robots-disallowed redirect destination (1.956523ms)
  ✔ allows same-origin canonical redirects for robots.txt but rejects external ones (0.152868ms)
  ✔ caps crawl-delay waiting at the remaining wall-clock budget (0.113985ms)
  ✔ deduplicates the root URL against sitemap seeds before applying the page cap (0.455981ms)
  ✔ fails closed when the submitted page is disallowed (0.360129ms)
✔ bounded project site audit (60.588606ms)
▶ TOTP seed handling
  ✔ matches RFC 6238 SHA-1 vectors with six digits (1.437053ms)
  ✔ encrypts seeds with authenticated encryption and rejects tampering (1.145552ms)
  ✔ fixture codes round-trip only in the active TOTP time window (0.250403ms)
✔ TOTP seed handling (3.662964ms)
{"level":30,"time":1791480199352,"pid":1222675,"hostname":"wina-LOQ-16IRH8","driver":"postgres","role":"serpvera_app","msg":"store driver: postgres — persistence + RLS enforced"}
{"level":30,"time":1791480199384,"pid":1222675,"hostname":"wina-LOQ-16IRH8","reqId":"req-1","req":{"method":"POST","url":"/v1/auth/register","hostname":"localhost"},"msg":"incoming request"}
{"timestamp":"2026-10-08T17:23:19.435Z","level":"info","message":"User registered","context":{"userId":"9ba9ef4c-0fe8-45aa-8781-f36e6c983239"}}
{"level":30,"time":1791480199437,"pid":1222675,"hostname":"wina-LOQ-16IRH8","reqId":"req-1","res":{"statusCode":201},"responseTime":53.17859800000002,"msg":"request completed"}
{"level":30,"time":1791480199439,"pid":1222675,"hostname":"wina-LOQ-16IRH8","reqId":"req-2","req":{"method":"POST","url":"/v1/organizations","hostname":"localhost"},"msg":"incoming request"}
{"timestamp":"2026-10-08T17:23:19.443Z","level":"info","message":"Organization created","organizationId":"b72726ff-7323-4479-9e70-b534ee6127c5","context":{"organizationId":"b72726ff-7323-4479-9e70-b534ee6127c5","userId":"9ba9ef4c-0fe8-45aa-8781-f36e6c983239"}}
{"level":30,"time":1791480199444,"pid":1222675,"hostname":"wina-LOQ-16IRH8","reqId":"req-2","res":{"statusCode":201},"responseTime":5.031157000000007,"msg":"request completed"}
{"level":30,"time":1791480199444,"pid":1222675,"hostname":"wina-LOQ-16IRH8","reqId":"req-3","req":{"method":"POST","url":"/v1/auth/select-organization","hostname":"localhost"},"msg":"incoming request"}
{"timestamp":"2026-10-08T17:23:19.448Z","level":"info","message":"Organization selected","organizationId":"b72726ff-7323-4479-9e70-b534ee6127c5","context":{"userId":"9ba9ef4c-0fe8-45aa-8781-f36e6c983239","organizationId":"b72726ff-7323-4479-9e70-b534ee6127c5"}}
{"level":30,"time":1791480199448,"pid":1222675,"hostname":"wina-LOQ-16IRH8","reqId":"req-3","res":{"statusCode":200},"responseTime":3.7508100000000013,"msg":"request completed"}
{"level":30,"time":1791480199448,"pid":1222675,"hostname":"wina-LOQ-16IRH8","reqId":"req-4","req":{"method":"POST","url":"/v1/auth/register","hostname":"localhost"},"msg":"incoming request"}
{"timestamp":"2026-10-08T17:23:19.484Z","level":"info","message":"User registered","context":{"userId":"36a4e647-1cae-48f0-919a-fac5fa270de5"}}
{"level":30,"time":1791480199484,"pid":1222675,"hostname":"wina-LOQ-16IRH8","reqId":"req-4","res":{"statusCode":201},"responseTime":36.12623100000002,"msg":"request completed"}
{"level":30,"time":1791480199485,"pid":1222675,"hostname":"wina-LOQ-16IRH8","reqId":"req-5","req":{"method":"POST","url":"/v1/organizations","hostname":"localhost"},"msg":"incoming request"}
{"timestamp":"2026-10-08T17:23:19.487Z","level":"info","message":"Organization created","organizationId":"ee29dd95-faef-4c32-975e-492fd4328792","context":{"organizationId":"ee29dd95-faef-4c32-975e-492fd4328792","userId":"36a4e647-1cae-48f0-919a-fac5fa270de5"}}
{"level":30,"time":1791480199487,"pid":1222675,"hostname":"wina-LOQ-16IRH8","reqId":"req-5","res":{"statusCode":201},"responseTime":2.384480999999994,"msg":"request completed"}
{"level":30,"time":1791480199488,"pid":1222675,"hostname":"wina-LOQ-16IRH8","reqId":"req-6","req":{"method":"POST","url":"/v1/auth/select-organization","hostname":"localhost"},"msg":"incoming request"}
{"timestamp":"2026-10-08T17:23:19.490Z","level":"info","message":"Organization selected","organizationId":"ee29dd95-faef-4c32-975e-492fd4328792","context":{"userId":"36a4e647-1cae-48f0-919a-fac5fa270de5","organizationId":"ee29dd95-faef-4c32-975e-492fd4328792"}}
{"level":30,"time":1791480199490,"pid":1222675,"hostname":"wina-LOQ-16IRH8","reqId":"req-6","res":{"statusCode":200},"responseTime":2.5819339999999897,"msg":"request completed"}
{"level":30,"time":1791480199491,"pid":1222675,"hostname":"wina-LOQ-16IRH8","reqId":"req-7","req":{"method":"POST","url":"/v1/projects","hostname":"localhost"},"msg":"incoming request"}
{"level":30,"time":1791480199499,"pid":1222675,"hostname":"wina-LOQ-16IRH8","reqId":"req-7","res":{"statusCode":201},"responseTime":7.686578999999995,"msg":"request completed"}
{"level":30,"time":1791480199500,"pid":1222675,"hostname":"wina-LOQ-16IRH8","reqId":"req-8","req":{"method":"POST","url":"/v1/auth/mfa/enroll","hostname":"localhost"},"msg":"incoming request"}
{"level":30,"time":1791480199537,"pid":1222675,"hostname":"wina-LOQ-16IRH8","reqId":"req-8","res":{"statusCode":200},"responseTime":36.589444999999955,"msg":"request completed"}
{"level":30,"time":1791480199537,"pid":1222675,"hostname":"wina-LOQ-16IRH8","reqId":"req-9","req":{"method":"POST","url":"/v1/auth/mfa/confirm-enrollment","hostname":"localhost"},"msg":"incoming request"}
{"level":30,"time":1791480199540,"pid":1222675,"hostname":"wina-LOQ-16IRH8","reqId":"req-9","res":{"statusCode":200},"responseTime":2.237293999999963,"msg":"request completed"}
{"level":30,"time":1791480199540,"pid":1222675,"hostname":"wina-LOQ-16IRH8","reqId":"req-a","req":{"method":"POST","url":"/v1/projects/6af5f7a3-c534-4bee-8565-8b7eb128013e/autofix/demo","hostname":"localhost"},"msg":"incoming request"}
{"level":30,"time":1791480199554,"pid":1222675,"hostname":"wina-LOQ-16IRH8","reqId":"req-a","res":{"statusCode":201},"responseTime":14.14876700000002,"msg":"request completed"}
{"level":30,"time":1791480199555,"pid":1222675,"hostname":"wina-LOQ-16IRH8","reqId":"req-b","req":{"method":"POST","url":"/v1/autofix/137a4230-a17c-4587-b5c6-7d2322fb1ec5/preview","hostname":"localhost"},"msg":"incoming request"}
{"level":30,"time":1791480199562,"pid":1222675,"hostname":"wina-LOQ-16IRH8","reqId":"req-b","res":{"statusCode":200},"responseTime":7.236569999999972,"msg":"request completed"}
{"level":30,"time":1791480199562,"pid":1222675,"hostname":"wina-LOQ-16IRH8","reqId":"req-c","req":{"method":"POST","url":"/v1/autofix/137a4230-a17c-4587-b5c6-7d2322fb1ec5/approve","hostname":"localhost"},"msg":"incoming request"}
{"level":30,"time":1791480199567,"pid":1222675,"hostname":"wina-LOQ-16IRH8","reqId":"req-c","res":{"statusCode":200},"responseTime":5.357703999999956,"msg":"request completed"}
{"level":30,"time":1791480199568,"pid":1222675,"hostname":"wina-LOQ-16IRH8","reqId":"req-d","req":{"method":"POST","url":"/v1/autofix/137a4230-a17c-4587-b5c6-7d2322fb1ec5/deploy","hostname":"localhost"},"msg":"incoming request"}
{"level":30,"time":1791480199577,"pid":1222675,"hostname":"wina-LOQ-16IRH8","reqId":"req-d","res":{"statusCode":200},"responseTime":8.963648999999975,"msg":"request completed"}
{"level":30,"time":1791480199577,"pid":1222675,"hostname":"wina-LOQ-16IRH8","reqId":"req-e","req":{"method":"POST","url":"/v1/autofix/137a4230-a17c-4587-b5c6-7d2322fb1ec5/verify","hostname":"localhost"},"msg":"incoming request"}
{"level":30,"time":1791480199583,"pid":1222675,"hostname":"wina-LOQ-16IRH8","reqId":"req-e","res":{"statusCode":200},"responseTime":5.351521000000048,"msg":"request completed"}
{"level":30,"time":1791480199583,"pid":1222675,"hostname":"wina-LOQ-16IRH8","reqId":"req-f","req":{"method":"POST","url":"/v1/autofix/137a4230-a17c-4587-b5c6-7d2322fb1ec5/rollback","hostname":"localhost"},"msg":"incoming request"}
{"level":30,"time":1791480199589,"pid":1222675,"hostname":"wina-LOQ-16IRH8","reqId":"req-f","res":{"statusCode":200},"responseTime":6.451286999999979,"msg":"request completed"}
{"level":30,"time":1791480199589,"pid":1222675,"hostname":"wina-LOQ-16IRH8","reqId":"req-g","req":{"method":"POST","url":"/v1/projects/6af5f7a3-c534-4bee-8565-8b7eb128013e/autofix/demo","hostname":"localhost"},"msg":"incoming request"}
{"level":30,"time":1791480199595,"pid":1222675,"hostname":"wina-LOQ-16IRH8","reqId":"req-g","res":{"statusCode":201},"responseTime":5.717822000000012,"msg":"request completed"}
{"level":30,"time":1791480199595,"pid":1222675,"hostname":"wina-LOQ-16IRH8","reqId":"req-h","req":{"method":"POST","url":"/v1/autofix/23c8f5b2-f3a1-4588-a9f9-5d78923dcbcb/preview","hostname":"localhost"},"msg":"incoming request"}
{"level":30,"time":1791480199600,"pid":1222675,"hostname":"wina-LOQ-16IRH8","reqId":"req-h","res":{"statusCode":200},"responseTime":4.209606000000008,"msg":"request completed"}
{"level":30,"time":1791480199600,"pid":1222675,"hostname":"wina-LOQ-16IRH8","reqId":"req-i","req":{"method":"POST","url":"/v1/autofix/23c8f5b2-f3a1-4588-a9f9-5d78923dcbcb/approve","hostname":"localhost"},"msg":"incoming request"}
{"level":30,"time":1791480199609,"pid":1222675,"hostname":"wina-LOQ-16IRH8","reqId":"req-i","res":{"statusCode":200},"responseTime":8.748544000000038,"msg":"request completed"}
{"level":30,"time":1791480199609,"pid":1222675,"hostname":"wina-LOQ-16IRH8","reqId":"req-j","req":{"method":"POST","url":"/v1/autofix/23c8f5b2-f3a1-4588-a9f9-5d78923dcbcb/manual","hostname":"localhost"},"msg":"incoming request"}
{"level":30,"time":1791480199614,"pid":1222675,"hostname":"wina-LOQ-16IRH8","reqId":"req-j","res":{"statusCode":200},"responseTime":5.134702000000061,"msg":"request completed"}
{"level":30,"time":1791480199614,"pid":1222675,"hostname":"wina-LOQ-16IRH8","reqId":"req-k","req":{"method":"POST","url":"/v1/autofix/23c8f5b2-f3a1-4588-a9f9-5d78923dcbcb/verify","hostname":"localhost"},"msg":"incoming request"}
{"level":30,"time":1791480199618,"pid":1222675,"hostname":"wina-LOQ-16IRH8","reqId":"req-k","res":{"statusCode":200},"responseTime":4.1008509999999205,"msg":"request completed"}
{"level":30,"time":1791480199619,"pid":1222675,"hostname":"wina-LOQ-16IRH8","reqId":"req-l","req":{"method":"POST","url":"/v1/autofix/23c8f5b2-f3a1-4588-a9f9-5d78923dcbcb/verify","hostname":"localhost"},"msg":"incoming request"}
{"level":30,"time":1791480199623,"pid":1222675,"hostname":"wina-LOQ-16IRH8","reqId":"req-l","res":{"statusCode":200},"responseTime":4.428999999999974,"msg":"request completed"}
{"level":30,"time":1791480199623,"pid":1222675,"hostname":"wina-LOQ-16IRH8","reqId":"req-m","req":{"method":"POST","url":"/v1/autofix/23c8f5b2-f3a1-4588-a9f9-5d78923dcbcb/rollback","hostname":"localhost"},"msg":"incoming request"}
{"level":30,"time":1791480199628,"pid":1222675,"hostname":"wina-LOQ-16IRH8","reqId":"req-m","res":{"statusCode":200},"responseTime":5.17771300000004,"msg":"request completed"}
{"level":30,"time":1791480199629,"pid":1222675,"hostname":"wina-LOQ-16IRH8","reqId":"req-n","req":{"method":"GET","url":"/v1/projects/6af5f7a3-c534-4bee-8565-8b7eb128013e/autofix/patches","hostname":"localhost"},"msg":"incoming request"}
{"level":30,"time":1791480199632,"pid":1222675,"hostname":"wina-LOQ-16IRH8","reqId":"req-n","res":{"statusCode":200},"responseTime":3.6392900000000736,"msg":"request completed"}
{"level":30,"time":1791480199633,"pid":1222675,"hostname":"wina-LOQ-16IRH8","reqId":"req-o","req":{"method":"GET","url":"/v1/autofix/137a4230-a17c-4587-b5c6-7d2322fb1ec5","hostname":"localhost"},"msg":"incoming request"}
{"level":30,"time":1791480199634,"pid":1222675,"hostname":"wina-LOQ-16IRH8","reqId":"req-o","res":{"statusCode":404},"responseTime":1.2493279999999913,"msg":"request completed"}
▶ PostgreSQL API + WordPress REST simulator patch loop
  ✔ explores, persists, publishes, verifies, and rolls back R0 and R1 patches (143.618752ms)
✔ PostgreSQL API + WordPress REST simulator patch loop (330.041389ms)
{"level":40,"time":1791480199944,"pid":1222688,"hostname":"wina-LOQ-16IRH8","driver":"memory","msg":"store driver: MEMORY — no persistence (test/fixture use only; set STORE_DRIVER=postgres for durable runs)"}
{"level":30,"time":1791480199976,"pid":1222688,"hostname":"wina-LOQ-16IRH8","reqId":"req-1","req":{"method":"POST","url":"/v1/auth/register","hostname":"localhost"},"msg":"incoming request"}
{"timestamp":"2026-10-08T17:23:20.016Z","level":"info","message":"User registered","context":{"userId":"50dd9735-ab94-41be-9a15-a819acda5629"}}
{"level":30,"time":1791480200018,"pid":1222688,"hostname":"wina-LOQ-16IRH8","reqId":"req-1","res":{"statusCode":201},"responseTime":41.55357600000002,"msg":"request completed"}
{"timestamp":"2026-10-08T17:23:20.019Z","level":"info","message":"Organization created","organizationId":"e421484d-fbb1-4f65-90f3-8e1cbd71e0cb","context":{"organizationId":"e421484d-fbb1-4f65-90f3-8e1cbd71e0cb","userId":"50dd9735-ab94-41be-9a15-a819acda5629"}}
{"level":30,"time":1791480200018,"pid":1222688,"hostname":"wina-LOQ-16IRH8","reqId":"req-2","req":{"method":"POST","url":"/v1/organizations","hostname":"localhost"},"msg":"incoming request"}
{"level":30,"time":1791480200020,"pid":1222688,"hostname":"wina-LOQ-16IRH8","reqId":"req-2","res":{"statusCode":201},"responseTime":1.3602379999999812,"msg":"request completed"}
{"level":30,"time":1791480200020,"pid":1222688,"hostname":"wina-LOQ-16IRH8","reqId":"req-3","req":{"method":"POST","url":"/v1/auth/select-organization","hostname":"localhost"},"msg":"incoming request"}
{"timestamp":"2026-10-08T17:23:20.021Z","level":"info","message":"Organization selected","organizationId":"e421484d-fbb1-4f65-90f3-8e1cbd71e0cb","context":{"userId":"50dd9735-ab94-41be-9a15-a819acda5629","organizationId":"e421484d-fbb1-4f65-90f3-8e1cbd71e0cb"}}
{"level":30,"time":1791480200021,"pid":1222688,"hostname":"wina-LOQ-16IRH8","reqId":"req-3","res":{"statusCode":200},"responseTime":0.9798300000000495,"msg":"request completed"}
{"level":30,"time":1791480200021,"pid":1222688,"hostname":"wina-LOQ-16IRH8","reqId":"req-4","req":{"method":"POST","url":"/v1/auth/register","hostname":"localhost"},"msg":"incoming request"}
{"timestamp":"2026-10-08T17:23:20.055Z","level":"info","message":"User registered","context":{"userId":"95dfa564-f3b1-4cf1-bc41-23055fdcf004"}}
{"level":30,"time":1791480200055,"pid":1222688,"hostname":"wina-LOQ-16IRH8","reqId":"req-4","res":{"statusCode":201},"responseTime":33.959040000000016,"msg":"request completed"}
{"timestamp":"2026-10-08T17:23:20.056Z","level":"info","message":"Organization created","organizationId":"04cbb9a8-bc71-4bfa-be80-a1136c40c629","context":{"organizationId":"04cbb9a8-bc71-4bfa-be80-a1136c40c629","userId":"95dfa564-f3b1-4cf1-bc41-23055fdcf004"}}
{"level":30,"time":1791480200056,"pid":1222688,"hostname":"wina-LOQ-16IRH8","reqId":"req-5","req":{"method":"POST","url":"/v1/organizations","hostname":"localhost"},"msg":"incoming request"}
{"level":30,"time":1791480200056,"pid":1222688,"hostname":"wina-LOQ-16IRH8","reqId":"req-5","res":{"statusCode":201},"responseTime":0.8916629999999941,"msg":"request completed"}
{"level":30,"time":1791480200057,"pid":1222688,"hostname":"wina-LOQ-16IRH8","reqId":"req-6","req":{"method":"POST","url":"/v1/auth/select-organization","hostname":"localhost"},"msg":"incoming request"}
{"timestamp":"2026-10-08T17:23:20.057Z","level":"info","message":"Organization selected","organizationId":"04cbb9a8-bc71-4bfa-be80-a1136c40c629","context":{"userId":"95dfa564-f3b1-4cf1-bc41-23055fdcf004","organizationId":"04cbb9a8-bc71-4bfa-be80-a1136c40c629"}}
{"level":30,"time":1791480200057,"pid":1222688,"hostname":"wina-LOQ-16IRH8","reqId":"req-6","res":{"statusCode":200},"responseTime":0.6502280000000269,"msg":"request completed"}
{"level":30,"time":1791480200057,"pid":1222688,"hostname":"wina-LOQ-16IRH8","reqId":"req-7","req":{"method":"POST","url":"/v1/projects","hostname":"localhost"},"msg":"incoming request"}
{"level":30,"time":1791480200061,"pid":1222688,"hostname":"wina-LOQ-16IRH8","reqId":"req-7","res":{"statusCode":201},"responseTime":3.9944699999999784,"msg":"request completed"}
{"level":30,"time":1791480200062,"pid":1222688,"hostname":"wina-LOQ-16IRH8","reqId":"req-8","req":{"method":"POST","url":"/v1/projects/c208a898-a47f-465f-8627-378208c33101/autofix/demo","hostname":"localhost"},"msg":"incoming request"}
{"level":30,"time":1791480200064,"pid":1222688,"hostname":"wina-LOQ-16IRH8","reqId":"req-8","res":{"statusCode":201},"responseTime":2.1508099999999786,"msg":"request completed"}
{"level":30,"time":1791480200064,"pid":1222688,"hostname":"wina-LOQ-16IRH8","reqId":"req-9","req":{"method":"GET","url":"/v1/autofix/02596752-3eee-4bdb-b46c-c43fc5141739","hostname":"localhost"},"msg":"incoming request"}
{"level":30,"time":1791480200065,"pid":1222688,"hostname":"wina-LOQ-16IRH8","reqId":"req-9","res":{"statusCode":404},"responseTime":0.4949839999999881,"msg":"request completed"}
{"level":30,"time":1791480200065,"pid":1222688,"hostname":"wina-LOQ-16IRH8","reqId":"req-a","req":{"method":"POST","url":"/v1/autofix/02596752-3eee-4bdb-b46c-c43fc5141739/preview","hostname":"localhost"},"msg":"incoming request"}
{"level":30,"time":1791480200067,"pid":1222688,"hostname":"wina-LOQ-16IRH8","reqId":"req-a","res":{"statusCode":200},"responseTime":1.8189730000000282,"msg":"request completed"}
{"level":30,"time":1791480200067,"pid":1222688,"hostname":"wina-LOQ-16IRH8","reqId":"req-b","req":{"method":"POST","url":"/v1/autofix/02596752-3eee-4bdb-b46c-c43fc5141739/approve","hostname":"localhost"},"msg":"incoming request"}
{"level":30,"time":1791480200068,"pid":1222688,"hostname":"wina-LOQ-16IRH8","reqId":"req-b","res":{"statusCode":200},"responseTime":1.163376000000028,"msg":"request completed"}
{"level":30,"time":1791480200068,"pid":1222688,"hostname":"wina-LOQ-16IRH8","reqId":"req-c","req":{"method":"POST","url":"/v1/autofix/02596752-3eee-4bdb-b46c-c43fc5141739/deploy","hostname":"localhost"},"msg":"incoming request"}
{"level":30,"time":1791480200069,"pid":1222688,"hostname":"wina-LOQ-16IRH8","reqId":"req-c","res":{"statusCode":403},"responseTime":0.9995159999999714,"msg":"request completed"}
{"level":30,"time":1791480200069,"pid":1222688,"hostname":"wina-LOQ-16IRH8","reqId":"req-d","req":{"method":"POST","url":"/v1/auth/mfa/enroll","hostname":"localhost"},"msg":"incoming request"}
{"level":30,"time":1791480200106,"pid":1222688,"hostname":"wina-LOQ-16IRH8","reqId":"req-d","res":{"statusCode":200},"responseTime":36.307492999999965,"msg":"request completed"}
{"level":30,"time":1791480200106,"pid":1222688,"hostname":"wina-LOQ-16IRH8","reqId":"req-e","req":{"method":"POST","url":"/v1/auth/mfa/confirm-enrollment","hostname":"localhost"},"msg":"incoming request"}
{"level":30,"time":1791480200107,"pid":1222688,"hostname":"wina-LOQ-16IRH8","reqId":"req-e","res":{"statusCode":200},"responseTime":0.9244049999999788,"msg":"request completed"}
{"level":30,"time":1791480200107,"pid":1222688,"hostname":"wina-LOQ-16IRH8","reqId":"req-f","req":{"method":"POST","url":"/v1/autofix/02596752-3eee-4bdb-b46c-c43fc5141739/deploy","hostname":"localhost"},"msg":"incoming request"}
{"level":30,"time":1791480200109,"pid":1222688,"hostname":"wina-LOQ-16IRH8","reqId":"req-f","res":{"statusCode":200},"responseTime":1.5158810000000358,"msg":"request completed"}
{"level":30,"time":1791480200109,"pid":1222688,"hostname":"wina-LOQ-16IRH8","reqId":"req-g","req":{"method":"POST","url":"/v1/autofix/02596752-3eee-4bdb-b46c-c43fc5141739/verify","hostname":"localhost"},"msg":"incoming request"}
{"level":30,"time":1791480200110,"pid":1222688,"hostname":"wina-LOQ-16IRH8","reqId":"req-g","res":{"statusCode":200},"responseTime":0.9704720000000293,"msg":"request completed"}
{"level":30,"time":1791480200110,"pid":1222688,"hostname":"wina-LOQ-16IRH8","reqId":"req-h","req":{"method":"POST","url":"/v1/autofix/02596752-3eee-4bdb-b46c-c43fc5141739/rollback","hostname":"localhost"},"msg":"incoming request"}
{"level":30,"time":1791480200111,"pid":1222688,"hostname":"wina-LOQ-16IRH8","reqId":"req-h","res":{"statusCode":200},"responseTime":1.246832999999981,"msg":"request completed"}
{"level":30,"time":1791480200111,"pid":1222688,"hostname":"wina-LOQ-16IRH8","reqId":"req-i","req":{"method":"POST","url":"/v1/projects/c208a898-a47f-465f-8627-378208c33101/autofix/demo","hostname":"localhost"},"msg":"incoming request"}
{"level":30,"time":1791480200112,"pid":1222688,"hostname":"wina-LOQ-16IRH8","reqId":"req-i","res":{"statusCode":201},"responseTime":0.8327419999999961,"msg":"request completed"}
{"level":30,"time":1791480200112,"pid":1222688,"hostname":"wina-LOQ-16IRH8","reqId":"req-j","req":{"method":"POST","url":"/v1/autofix/8b7cce08-3d09-4780-b338-78b3f44b4a85/preview","hostname":"localhost"},"msg":"incoming request"}
{"level":30,"time":1791480200113,"pid":1222688,"hostname":"wina-LOQ-16IRH8","reqId":"req-j","res":{"statusCode":200},"responseTime":0.7361489999999549,"msg":"request completed"}
{"level":30,"time":1791480200113,"pid":1222688,"hostname":"wina-LOQ-16IRH8","reqId":"req-k","req":{"method":"POST","url":"/v1/autofix/8b7cce08-3d09-4780-b338-78b3f44b4a85/approve","hostname":"localhost"},"msg":"incoming request"}
{"level":30,"time":1791480200114,"pid":1222688,"hostname":"wina-LOQ-16IRH8","reqId":"req-k","res":{"statusCode":200},"responseTime":0.82561800000002,"msg":"request completed"}
{"level":30,"time":1791480200114,"pid":1222688,"hostname":"wina-LOQ-16IRH8","reqId":"req-l","req":{"method":"POST","url":"/v1/autofix/8b7cce08-3d09-4780-b338-78b3f44b4a85/deploy","hostname":"localhost"},"msg":"incoming request"}
{"level":30,"time":1791480200115,"pid":1222688,"hostname":"wina-LOQ-16IRH8","reqId":"req-l","res":{"statusCode":200},"responseTime":0.9497920000000022,"msg":"request completed"}
{"level":30,"time":1791480200115,"pid":1222688,"hostname":"wina-LOQ-16IRH8","reqId":"req-m","req":{"method":"POST","url":"/v1/autofix/8b7cce08-3d09-4780-b338-78b3f44b4a85/verify","hostname":"localhost"},"msg":"incoming request"}
{"level":30,"time":1791480200116,"pid":1222688,"hostname":"wina-LOQ-16IRH8","reqId":"req-m","res":{"statusCode":200},"responseTime":0.620931999999982,"msg":"request completed"}
{"level":30,"time":1791480200116,"pid":1222688,"hostname":"wina-LOQ-16IRH8","reqId":"req-n","req":{"method":"POST","url":"/v1/autofix/8b7cce08-3d09-4780-b338-78b3f44b4a85/rollback","hostname":"localhost"},"msg":"incoming request"}
▶ fixture-backed proven patch routes
  ✔ persists an isolated R0 fixture proposal through hash approval, step-up, verification, and rollback (146.622411ms)
{"level":30,"time":1791480200117,"pid":1222688,"hostname":"wina-LOQ-16IRH8","reqId":"req-n","res":{"statusCode":200},"responseTime":0.9180529999999862,"msg":"request completed"}
{"level":30,"time":1791480200118,"pid":1222688,"hostname":"wina-LOQ-16IRH8","reqId":"req-o","req":{"method":"POST","url":"/v1/auth/register","hostname":"localhost"},"msg":"incoming request"}
{"timestamp":"2026-10-08T17:23:20.144Z","level":"info","message":"User registered","context":{"userId":"920054a9-dcc0-45f2-8bac-4fd62afe5e5d"}}
{"level":30,"time":1791480200144,"pid":1222688,"hostname":"wina-LOQ-16IRH8","reqId":"req-o","res":{"statusCode":201},"responseTime":26.074268000000018,"msg":"request completed"}
{"timestamp":"2026-10-08T17:23:20.145Z","level":"info","message":"Organization created","organizationId":"a88e56e6-5b06-46af-b1c7-c30f61082dee","context":{"organizationId":"a88e56e6-5b06-46af-b1c7-c30f61082dee","userId":"920054a9-dcc0-45f2-8bac-4fd62afe5e5d"}}
{"level":30,"time":1791480200145,"pid":1222688,"hostname":"wina-LOQ-16IRH8","reqId":"req-p","req":{"method":"POST","url":"/v1/organizations","hostname":"localhost"},"msg":"incoming request"}
{"level":30,"time":1791480200145,"pid":1222688,"hostname":"wina-LOQ-16IRH8","reqId":"req-p","res":{"statusCode":201},"responseTime":0.5824389999999653,"msg":"request completed"}
{"level":30,"time":1791480200145,"pid":1222688,"hostname":"wina-LOQ-16IRH8","reqId":"req-q","req":{"method":"POST","url":"/v1/auth/select-organization","hostname":"localhost"},"msg":"incoming request"}
{"timestamp":"2026-10-08T17:23:20.146Z","level":"info","message":"Organization selected","organizationId":"a88e56e6-5b06-46af-b1c7-c30f61082dee","context":{"userId":"920054a9-dcc0-45f2-8bac-4fd62afe5e5d","organizationId":"a88e56e6-5b06-46af-b1c7-c30f61082dee"}}
{"level":30,"time":1791480200146,"pid":1222688,"hostname":"wina-LOQ-16IRH8","reqId":"req-q","res":{"statusCode":200},"responseTime":0.35144400000001497,"msg":"request completed"}
{"level":30,"time":1791480200146,"pid":1222688,"hostname":"wina-LOQ-16IRH8","reqId":"req-r","req":{"method":"POST","url":"/v1/projects","hostname":"localhost"},"msg":"incoming request"}
{"level":30,"time":1791480200147,"pid":1222688,"hostname":"wina-LOQ-16IRH8","reqId":"req-r","res":{"statusCode":201},"responseTime":0.7124749999999835,"msg":"request completed"}
{"level":30,"time":1791480200147,"pid":1222688,"hostname":"wina-LOQ-16IRH8","reqId":"req-s","req":{"method":"POST","url":"/v1/projects/53ca1f1d-08b5-4f87-b754-290f2fea7a4f/autofix/demo","hostname":"localhost"},"msg":"incoming request"}
{"level":30,"time":1791480200147,"pid":1222688,"hostname":"wina-LOQ-16IRH8","reqId":"req-s","res":{"statusCode":201},"responseTime":0.5284469999999715,"msg":"request completed"}
{"level":30,"time":1791480200147,"pid":1222688,"hostname":"wina-LOQ-16IRH8","reqId":"req-t","req":{"method":"POST","url":"/v1/autofix/e8338677-8ed3-4510-a84c-983b770196bf/preview","hostname":"localhost"},"msg":"incoming request"}
{"level":30,"time":1791480200148,"pid":1222688,"hostname":"wina-LOQ-16IRH8","reqId":"req-t","res":{"statusCode":200},"responseTime":0.4763590000000022,"msg":"request completed"}
{"level":30,"time":1791480200148,"pid":1222688,"hostname":"wina-LOQ-16IRH8","reqId":"req-u","req":{"method":"POST","url":"/v1/autofix/e8338677-8ed3-4510-a84c-983b770196bf/approve","hostname":"localhost"},"msg":"incoming request"}
{"level":30,"time":1791480200149,"pid":1222688,"hostname":"wina-LOQ-16IRH8","reqId":"req-u","res":{"statusCode":200},"responseTime":0.6477120000000127,"msg":"request completed"}
{"level":30,"time":1791480200149,"pid":1222688,"hostname":"wina-LOQ-16IRH8","reqId":"req-v","req":{"method":"POST","url":"/v1/autofix/e8338677-8ed3-4510-a84c-983b770196bf/manual","hostname":"localhost"},"msg":"incoming request"}
{"level":30,"time":1791480200150,"pid":1222688,"hostname":"wina-LOQ-16IRH8","reqId":"req-v","res":{"statusCode":403},"responseTime":0.7851920000000518,"msg":"request completed"}
{"level":30,"time":1791480200150,"pid":1222688,"hostname":"wina-LOQ-16IRH8","reqId":"req-w","req":{"method":"POST","url":"/v1/auth/mfa/enroll","hostname":"localhost"},"msg":"incoming request"}
{"level":30,"time":1791480200185,"pid":1222688,"hostname":"wina-LOQ-16IRH8","reqId":"req-w","res":{"statusCode":200},"responseTime":35.046804000000066,"msg":"request completed"}
{"level":30,"time":1791480200185,"pid":1222688,"hostname":"wina-LOQ-16IRH8","reqId":"req-x","req":{"method":"POST","url":"/v1/auth/mfa/confirm-enrollment","hostname":"localhost"},"msg":"incoming request"}
{"level":30,"time":1791480200186,"pid":1222688,"hostname":"wina-LOQ-16IRH8","reqId":"req-x","res":{"statusCode":200},"responseTime":0.8897690000000011,"msg":"request completed"}
{"level":30,"time":1791480200186,"pid":1222688,"hostname":"wina-LOQ-16IRH8","reqId":"req-y","req":{"method":"POST","url":"/v1/autofix/e8338677-8ed3-4510-a84c-983b770196bf/manual","hostname":"localhost"},"msg":"incoming request"}
{"level":30,"time":1791480200188,"pid":1222688,"hostname":"wina-LOQ-16IRH8","reqId":"req-y","res":{"statusCode":200},"responseTime":1.2989320000000362,"msg":"request completed"}
{"level":30,"time":1791480200188,"pid":1222688,"hostname":"wina-LOQ-16IRH8","reqId":"req-z","req":{"method":"POST","url":"/v1/autofix/e8338677-8ed3-4510-a84c-983b770196bf/verify","hostname":"localhost"},"msg":"incoming request"}
  ✔ requires step-up for manual publication and keeps an unobserved edit pending (70.819978ms)
✔ fixture-backed proven patch routes (285.843642ms)
{"level":30,"time":1791480200189,"pid":1222688,"hostname":"wina-LOQ-16IRH8","reqId":"req-z","res":{"statusCode":200},"responseTime":0.7000620000000026,"msg":"request completed"}
▶ WordPress REST adapter (simulator only)
  ✔ requires HTTPS and validates resource ids (1.102321ms)
  ✔ reads, writes, replays and verifies a media alt, then verifies rollback (1.686603ms)
  ✔ does not overwrite drift and does not post an unregistered SEO meta key (0.492831ms)
  ✔ writes SEO titles only through an explicitly exposed editable string meta field (0.917942ms)
✔ WordPress REST adapter (simulator only) (5.120976ms)
▶ WordPress REST simulator end-to-end proof loop
  ✔ publishes R0 alt through REST, verifies R1 manual title, and restores the initial hash (9.946454ms)
✔ WordPress REST simulator end-to-end proof loop (10.625176ms)
▶ proof-bound patch workflow (fixture only)
  ✔ declares the complete lifecycle and blocks skipped proof states (1.095648ms)
  ✔ refuses to construct the fixture workflow in production (0.94285ms)
  ✔ runs an informative alt patch from evidence through verified rollback (2.973563ms)
  ✔ supports an R1 title and manual publication without inventing a write receipt (1.389703ms)
  ✔ rejects ungrounded text, decorative alt text, and every unsupported R2-shaped patch (0.359318ms)
  ✔ rolls back on browser/Googlebot divergence and records the failed proof (0.889529ms)
  ✔ treats a blocked Googlebot response as inconclusive and never as success (0.860244ms)
  ✔ refuses to overwrite a source change made after approval (0.49817ms)
  ✔ keeps tenant reads isolated and audit events append-only to callers (0.330524ms)
  ✔ replays the same fixture write idempotently and rejects key reuse for changed content (0.310075ms)
✔ proof-bound patch workflow (fixture only) (10.83421ms)
{"level":30,"time":1791480200760,"pid":1222721,"hostname":"wina-LOQ-16IRH8","driver":"postgres","role":"serpvera_app","msg":"store driver: postgres — persistence + RLS enforced"}
{"level":30,"time":1791480200793,"pid":1222721,"hostname":"wina-LOQ-16IRH8","reqId":"req-1","req":{"method":"POST","url":"/v1/auth/register","hostname":"localhost"},"msg":"incoming request"}
{"timestamp":"2026-10-08T17:23:20.846Z","level":"info","message":"User registered","context":{"userId":"662344b6-97f0-4c2d-bc97-e19e68c47e5f"}}
{"level":30,"time":1791480200848,"pid":1222721,"hostname":"wina-LOQ-16IRH8","reqId":"req-1","res":{"statusCode":201},"responseTime":55.152694999999994,"msg":"request completed"}
{"level":30,"time":1791480200849,"pid":1222721,"hostname":"wina-LOQ-16IRH8","reqId":"req-2","req":{"method":"POST","url":"/v1/organizations","hostname":"localhost"},"msg":"incoming request"}
{"timestamp":"2026-10-08T17:23:20.854Z","level":"info","message":"Organization created","organizationId":"3d83f164-c5a0-4168-a7ee-783fe240f777","context":{"organizationId":"3d83f164-c5a0-4168-a7ee-783fe240f777","userId":"662344b6-97f0-4c2d-bc97-e19e68c47e5f"}}
{"level":30,"time":1791480200855,"pid":1222721,"hostname":"wina-LOQ-16IRH8","reqId":"req-2","res":{"statusCode":201},"responseTime":6.252621999999974,"msg":"request completed"}
{"level":30,"time":1791480200855,"pid":1222721,"hostname":"wina-LOQ-16IRH8","reqId":"req-3","req":{"method":"POST","url":"/v1/auth/select-organization","hostname":"localhost"},"msg":"incoming request"}
{"timestamp":"2026-10-08T17:23:20.859Z","level":"info","message":"Organization selected","organizationId":"3d83f164-c5a0-4168-a7ee-783fe240f777","context":{"userId":"662344b6-97f0-4c2d-bc97-e19e68c47e5f","organizationId":"3d83f164-c5a0-4168-a7ee-783fe240f777"}}
{"level":30,"time":1791480200859,"pid":1222721,"hostname":"wina-LOQ-16IRH8","reqId":"req-3","res":{"statusCode":200},"responseTime":3.40124000000003,"msg":"request completed"}
{"level":30,"time":1791480200859,"pid":1222721,"hostname":"wina-LOQ-16IRH8","reqId":"req-4","req":{"method":"POST","url":"/v1/projects","hostname":"localhost"},"msg":"incoming request"}
{"level":30,"time":1791480200868,"pid":1222721,"hostname":"wina-LOQ-16IRH8","reqId":"req-4","res":{"statusCode":201},"responseTime":9.182834000000014,"msg":"request completed"}
{"level":30,"time":1791480200869,"pid":1222721,"hostname":"wina-LOQ-16IRH8","reqId":"req-5","req":{"method":"POST","url":"/v1/projects/ec828133-a2ad-499f-9294-143a57c98771/crawl-runs","hostname":"localhost"},"msg":"incoming request"}
{"level":30,"time":1791480200878,"pid":1222721,"hostname":"wina-LOQ-16IRH8","reqId":"req-5","res":{"statusCode":201},"responseTime":9.483852000000013,"msg":"request completed"}
{"timestamp":"2026-10-08T17:23:20.907Z","level":"info","message":"Project crawl completed","traceId":"de023886-9f0e-458f-a746-831ca101aaca","organizationId":"3d83f164-c5a0-4168-a7ee-783fe240f777","projectId":"ec828133-a2ad-499f-9294-143a57c98771","context":{"jobType":"project-crawl","traceId":"de023886-9f0e-458f-a746-831ca101aaca","organizationId":"3d83f164-c5a0-4168-a7ee-783fe240f777","projectId":"ec828133-a2ad-499f-9294-143a57c98771","status":"completed","pagesCrawled":2,"pagesFailed":0,"pageLimit":50,"findingCount":2}}
{"level":30,"time":1791480201391,"pid":1222721,"hostname":"wina-LOQ-16IRH8","reqId":"req-6","req":{"method":"GET","url":"/v1/projects/ec828133-a2ad-499f-9294-143a57c98771/findings","hostname":"localhost"},"msg":"incoming request"}
{"level":30,"time":1791480201397,"pid":1222721,"hostname":"wina-LOQ-16IRH8","reqId":"req-6","res":{"statusCode":200},"responseTime":5.9979620000000295,"msg":"request completed"}
{"level":30,"time":1791480201397,"pid":1222721,"hostname":"wina-LOQ-16IRH8","reqId":"req-7","req":{"method":"GET","url":"/v1/projects/ec828133-a2ad-499f-9294-143a57c98771/evidence","hostname":"localhost"},"msg":"incoming request"}
{"level":30,"time":1791480201400,"pid":1222721,"hostname":"wina-LOQ-16IRH8","reqId":"req-7","res":{"statusCode":200},"responseTime":2.9749360000000706,"msg":"request completed"}
{"level":30,"time":1791480201400,"pid":1222721,"hostname":"wina-LOQ-16IRH8","reqId":"req-8","req":{"method":"GET","url":"/v1/projects/ec828133-a2ad-499f-9294-143a57c98771/crawl-runs","hostname":"localhost"},"msg":"incoming request"}
{"level":30,"time":1791480201404,"pid":1222721,"hostname":"wina-LOQ-16IRH8","reqId":"req-8","res":{"statusCode":200},"responseTime":3.514353999999912,"msg":"request completed"}
{"level":30,"time":1791480201404,"pid":1222721,"hostname":"wina-LOQ-16IRH8","reqId":"req-9","req":{"method":"GET","url":"/v1/projects/ec828133-a2ad-499f-9294-143a57c98771/crawl-runs","hostname":"localhost"},"msg":"incoming request"}
{"level":30,"time":1791480201407,"pid":1222721,"hostname":"wina-LOQ-16IRH8","reqId":"req-9","res":{"statusCode":200},"responseTime":2.491533000000004,"msg":"request completed"}
{"level":30,"time":1791480201407,"pid":1222721,"hostname":"wina-LOQ-16IRH8","reqId":"req-a","req":{"method":"GET","url":"/v1/projects/ec828133-a2ad-499f-9294-143a57c98771/findings","hostname":"localhost"},"msg":"incoming request"}
{"level":30,"time":1791480201409,"pid":1222721,"hostname":"wina-LOQ-16IRH8","reqId":"req-a","res":{"statusCode":200},"responseTime":2.127055000000041,"msg":"request completed"}
{"level":30,"time":1791480201413,"pid":1222721,"hostname":"wina-LOQ-16IRH8","reqId":"req-b","req":{"method":"POST","url":"/v1/auth/register","hostname":"localhost"},"msg":"incoming request"}
▶ project crawl persists fixture-derived findings/evidence (real PostgreSQL)
  ✔ crawl run writes findings + evidence rows, and GET /findings returns them (tenant-scoped) (625.222474ms)
{"timestamp":"2026-10-08T17:23:21.451Z","level":"info","message":"User registered","context":{"userId":"47eea601-dcc5-414a-aba0-730fc38f7aee"}}
{"level":30,"time":1791480201451,"pid":1222721,"hostname":"wina-LOQ-16IRH8","reqId":"req-b","res":{"statusCode":201},"responseTime":37.965922999999975,"msg":"request completed"}
{"level":30,"time":1791480201451,"pid":1222721,"hostname":"wina-LOQ-16IRH8","reqId":"req-c","req":{"method":"POST","url":"/v1/organizations","hostname":"localhost"},"msg":"incoming request"}
{"timestamp":"2026-10-08T17:23:21.454Z","level":"info","message":"Organization created","organizationId":"fbe6a91a-751c-4e49-8f69-a21b74222f1d","context":{"organizationId":"fbe6a91a-751c-4e49-8f69-a21b74222f1d","userId":"47eea601-dcc5-414a-aba0-730fc38f7aee"}}
{"level":30,"time":1791480201455,"pid":1222721,"hostname":"wina-LOQ-16IRH8","reqId":"req-c","res":{"statusCode":201},"responseTime":3.1087779999999157,"msg":"request completed"}
{"level":30,"time":1791480201455,"pid":1222721,"hostname":"wina-LOQ-16IRH8","reqId":"req-d","req":{"method":"POST","url":"/v1/auth/select-organization","hostname":"localhost"},"msg":"incoming request"}
{"timestamp":"2026-10-08T17:23:21.457Z","level":"info","message":"Organization selected","organizationId":"fbe6a91a-751c-4e49-8f69-a21b74222f1d","context":{"userId":"47eea601-dcc5-414a-aba0-730fc38f7aee","organizationId":"fbe6a91a-751c-4e49-8f69-a21b74222f1d"}}
{"level":30,"time":1791480201457,"pid":1222721,"hostname":"wina-LOQ-16IRH8","reqId":"req-d","res":{"statusCode":200},"responseTime":2.1680020000000013,"msg":"request completed"}
{"level":30,"time":1791480201457,"pid":1222721,"hostname":"wina-LOQ-16IRH8","reqId":"req-e","req":{"method":"POST","url":"/v1/projects","hostname":"localhost"},"msg":"incoming request"}
{"level":30,"time":1791480201460,"pid":1222721,"hostname":"wina-LOQ-16IRH8","reqId":"req-e","res":{"statusCode":201},"responseTime":2.396103000000039,"msg":"request completed"}
{"level":30,"time":1791480201467,"pid":1222721,"hostname":"wina-LOQ-16IRH8","reqId":"req-f","req":{"method":"POST","url":"/v1/projects/1ed23162-939e-4c94-87e8-f1830f1825a7/crawl-runs","hostname":"localhost"},"msg":"incoming request"}
{"level":30,"time":1791480201479,"pid":1222721,"hostname":"wina-LOQ-16IRH8","reqId":"req-f","res":{"statusCode":409},"responseTime":11.498263000000065,"msg":"request completed"}
  ✔ admits only one active crawl for a project across concurrent requests (66.450701ms)
{"level":30,"time":1791480201480,"pid":1222721,"hostname":"wina-LOQ-16IRH8","reqId":"req-g","req":{"method":"POST","url":"/v1/auth/register","hostname":"localhost"},"msg":"incoming request"}
{"timestamp":"2026-10-08T17:23:21.518Z","level":"info","message":"User registered","context":{"userId":"a98c3431-4be0-4f15-a7f3-943b97ceb737"}}
{"level":30,"time":1791480201519,"pid":1222721,"hostname":"wina-LOQ-16IRH8","reqId":"req-g","res":{"statusCode":201},"responseTime":38.665144000000055,"msg":"request completed"}
{"level":30,"time":1791480201519,"pid":1222721,"hostname":"wina-LOQ-16IRH8","reqId":"req-h","req":{"method":"POST","url":"/v1/organizations","hostname":"localhost"},"msg":"incoming request"}
{"timestamp":"2026-10-08T17:23:21.521Z","level":"info","message":"Organization created","organizationId":"541ca667-4875-4603-8d86-ea1ea9ebdb27","context":{"organizationId":"541ca667-4875-4603-8d86-ea1ea9ebdb27","userId":"a98c3431-4be0-4f15-a7f3-943b97ceb737"}}
{"level":30,"time":1791480201521,"pid":1222721,"hostname":"wina-LOQ-16IRH8","reqId":"req-h","res":{"statusCode":201},"responseTime":2.029440999999906,"msg":"request completed"}
{"level":30,"time":1791480201521,"pid":1222721,"hostname":"wina-LOQ-16IRH8","reqId":"req-i","req":{"method":"POST","url":"/v1/auth/select-organization","hostname":"localhost"},"msg":"incoming request"}
{"timestamp":"2026-10-08T17:23:21.523Z","level":"info","message":"Organization selected","organizationId":"541ca667-4875-4603-8d86-ea1ea9ebdb27","context":{"userId":"a98c3431-4be0-4f15-a7f3-943b97ceb737","organizationId":"541ca667-4875-4603-8d86-ea1ea9ebdb27"}}
{"level":30,"time":1791480201523,"pid":1222721,"hostname":"wina-LOQ-16IRH8","reqId":"req-i","res":{"statusCode":200},"responseTime":2.265256000000136,"msg":"request completed"}
{"level":30,"time":1791480201524,"pid":1222721,"hostname":"wina-LOQ-16IRH8","reqId":"req-j","req":{"method":"POST","url":"/v1/projects","hostname":"localhost"},"msg":"incoming request"}
{"level":30,"time":1791480201526,"pid":1222721,"hostname":"wina-LOQ-16IRH8","reqId":"req-j","res":{"statusCode":201},"responseTime":2.2354290000000674,"msg":"request completed"}
{"level":30,"time":1791480201527,"pid":1222721,"hostname":"wina-LOQ-16IRH8","reqId":"req-k","req":{"method":"POST","url":"/v1/projects/313d928e-18ca-4c10-b320-3db0d87874f6/crawl-runs","hostname":"localhost"},"msg":"incoming request"}
{"level":30,"time":1791480201531,"pid":1222721,"hostname":"wina-LOQ-16IRH8","reqId":"req-k","res":{"statusCode":409},"responseTime":3.1879579999999805,"msg":"request completed"}
{"level":30,"time":1791480201541,"pid":1222721,"hostname":"wina-LOQ-16IRH8","reqId":"req-l","req":{"method":"POST","url":"/v1/auth/register","hostname":"localhost"},"msg":"incoming request"}
  ✔ returns the organization quota unit when active-run admission rejects (61.021132ms)
{"timestamp":"2026-10-08T17:23:21.581Z","level":"info","message":"User registered","context":{"userId":"6a457a7d-9b20-4a15-abb0-416fb922ad23"}}
{"level":30,"time":1791480201582,"pid":1222721,"hostname":"wina-LOQ-16IRH8","reqId":"req-l","res":{"statusCode":201},"responseTime":40.61660699999993,"msg":"request completed"}
{"level":30,"time":1791480201582,"pid":1222721,"hostname":"wina-LOQ-16IRH8","reqId":"req-m","req":{"method":"POST","url":"/v1/organizations","hostname":"localhost"},"msg":"incoming request"}
{"timestamp":"2026-10-08T17:23:21.591Z","level":"info","message":"Organization created","organizationId":"48863be4-8433-439c-8c9c-9ef00ddd7488","context":{"organizationId":"48863be4-8433-439c-8c9c-9ef00ddd7488","userId":"6a457a7d-9b20-4a15-abb0-416fb922ad23"}}
{"level":30,"time":1791480201591,"pid":1222721,"hostname":"wina-LOQ-16IRH8","reqId":"req-m","res":{"statusCode":201},"responseTime":9.01201100000003,"msg":"request completed"}
{"level":30,"time":1791480201591,"pid":1222721,"hostname":"wina-LOQ-16IRH8","reqId":"req-n","req":{"method":"POST","url":"/v1/auth/select-organization","hostname":"localhost"},"msg":"incoming request"}
{"timestamp":"2026-10-08T17:23:21.596Z","level":"info","message":"Organization selected","organizationId":"48863be4-8433-439c-8c9c-9ef00ddd7488","context":{"userId":"6a457a7d-9b20-4a15-abb0-416fb922ad23","organizationId":"48863be4-8433-439c-8c9c-9ef00ddd7488"}}
{"level":30,"time":1791480201596,"pid":1222721,"hostname":"wina-LOQ-16IRH8","reqId":"req-n","res":{"statusCode":200},"responseTime":4.483132000000069,"msg":"request completed"}
{"level":30,"time":1791480201596,"pid":1222721,"hostname":"wina-LOQ-16IRH8","reqId":"req-o","req":{"method":"POST","url":"/v1/projects","hostname":"localhost"},"msg":"incoming request"}
{"level":30,"time":1791480201599,"pid":1222721,"hostname":"wina-LOQ-16IRH8","reqId":"req-o","res":{"statusCode":201},"responseTime":3.065847000000076,"msg":"request completed"}
{"level":30,"time":1791480201604,"pid":1222721,"hostname":"wina-LOQ-16IRH8","reqId":"req-p","req":{"method":"POST","url":"/v1/projects/98662b85-ed63-4732-a4a3-c2463d959e5a/crawl-runs","hostname":"localhost"},"msg":"incoming request"}
{"level":30,"time":1791480201606,"pid":1222721,"hostname":"wina-LOQ-16IRH8","reqId":"req-p","res":{"statusCode":429},"responseTime":1.8026530000001912,"msg":"request completed"}
{"level":30,"time":1791480201608,"pid":1222721,"hostname":"wina-LOQ-16IRH8","reqId":"req-q","req":{"method":"POST","url":"/v1/auth/register","hostname":"localhost"},"msg":"incoming request"}
  ✔ enforces a shared per-organization crawl quota before creating a run (67.473682ms)
{"timestamp":"2026-10-08T17:23:21.642Z","level":"info","message":"User registered","context":{"userId":"57b8fcda-e9be-45a4-8952-e90f7f31d7fc"}}
{"level":30,"time":1791480201642,"pid":1222721,"hostname":"wina-LOQ-16IRH8","reqId":"req-q","res":{"statusCode":201},"responseTime":34.09378400000014,"msg":"request completed"}
{"level":30,"time":1791480201643,"pid":1222721,"hostname":"wina-LOQ-16IRH8","reqId":"req-r","req":{"method":"POST","url":"/v1/organizations","hostname":"localhost"},"msg":"incoming request"}
{"timestamp":"2026-10-08T17:23:21.644Z","level":"info","message":"Organization created","organizationId":"6d0b74a6-09e9-4bac-a0a9-73cc0e3fbb18","context":{"organizationId":"6d0b74a6-09e9-4bac-a0a9-73cc0e3fbb18","userId":"57b8fcda-e9be-45a4-8952-e90f7f31d7fc"}}
{"level":30,"time":1791480201644,"pid":1222721,"hostname":"wina-LOQ-16IRH8","reqId":"req-r","res":{"statusCode":201},"responseTime":1.7116910000002008,"msg":"request completed"}
{"level":30,"time":1791480201644,"pid":1222721,"hostname":"wina-LOQ-16IRH8","reqId":"req-s","req":{"method":"POST","url":"/v1/auth/select-organization","hostname":"localhost"},"msg":"incoming request"}
{"timestamp":"2026-10-08T17:23:21.646Z","level":"info","message":"Organization selected","organizationId":"6d0b74a6-09e9-4bac-a0a9-73cc0e3fbb18","context":{"userId":"57b8fcda-e9be-45a4-8952-e90f7f31d7fc","organizationId":"6d0b74a6-09e9-4bac-a0a9-73cc0e3fbb18"}}
{"level":30,"time":1791480201646,"pid":1222721,"hostname":"wina-LOQ-16IRH8","reqId":"req-s","res":{"statusCode":200},"responseTime":1.7805610000000343,"msg":"request completed"}
{"level":30,"time":1791480201646,"pid":1222721,"hostname":"wina-LOQ-16IRH8","reqId":"req-t","req":{"method":"POST","url":"/v1/projects","hostname":"localhost"},"msg":"incoming request"}
{"level":30,"time":1791480201649,"pid":1222721,"hostname":"wina-LOQ-16IRH8","reqId":"req-t","res":{"statusCode":201},"responseTime":2.8117970000000696,"msg":"request completed"}
{"level":30,"time":1791480201649,"pid":1222721,"hostname":"wina-LOQ-16IRH8","reqId":"req-u","req":{"method":"POST","url":"/v1/auth/register","hostname":"localhost"},"msg":"incoming request"}
{"timestamp":"2026-10-08T17:23:21.677Z","level":"info","message":"User registered","context":{"userId":"e291f3e1-ba3e-430f-9e37-40fbf158f7d6"}}
{"level":30,"time":1791480201677,"pid":1222721,"hostname":"wina-LOQ-16IRH8","reqId":"req-u","res":{"statusCode":201},"responseTime":27.606840000000147,"msg":"request completed"}
{"level":30,"time":1791480201677,"pid":1222721,"hostname":"wina-LOQ-16IRH8","reqId":"req-v","req":{"method":"POST","url":"/v1/organizations","hostname":"localhost"},"msg":"incoming request"}
{"timestamp":"2026-10-08T17:23:21.679Z","level":"info","message":"Organization created","organizationId":"be33a732-a9d0-4c42-bfa4-4467dccc6ddc","context":{"organizationId":"be33a732-a9d0-4c42-bfa4-4467dccc6ddc","userId":"e291f3e1-ba3e-430f-9e37-40fbf158f7d6"}}
{"level":30,"time":1791480201679,"pid":1222721,"hostname":"wina-LOQ-16IRH8","reqId":"req-v","res":{"statusCode":201},"responseTime":2.082781000000068,"msg":"request completed"}
{"level":30,"time":1791480201679,"pid":1222721,"hostname":"wina-LOQ-16IRH8","reqId":"req-w","req":{"method":"POST","url":"/v1/auth/select-organization","hostname":"localhost"},"msg":"incoming request"}
{"timestamp":"2026-10-08T17:23:21.681Z","level":"info","message":"Organization selected","organizationId":"be33a732-a9d0-4c42-bfa4-4467dccc6ddc","context":{"userId":"e291f3e1-ba3e-430f-9e37-40fbf158f7d6","organizationId":"be33a732-a9d0-4c42-bfa4-4467dccc6ddc"}}
{"level":30,"time":1791480201681,"pid":1222721,"hostname":"wina-LOQ-16IRH8","reqId":"req-w","res":{"statusCode":200},"responseTime":1.8521160000000236,"msg":"request completed"}
{"level":30,"time":1791480201682,"pid":1222721,"hostname":"wina-LOQ-16IRH8","reqId":"req-x","req":{"method":"POST","url":"/v1/projects","hostname":"localhost"},"msg":"incoming request"}
{"level":30,"time":1791480201684,"pid":1222721,"hostname":"wina-LOQ-16IRH8","reqId":"req-x","res":{"statusCode":201},"responseTime":2.02503200000001,"msg":"request completed"}
{"level":30,"time":1791480201684,"pid":1222721,"hostname":"wina-LOQ-16IRH8","reqId":"req-y","req":{"method":"POST","url":"/v1/projects/14cb3f43-9ccd-4c5e-ac06-20e525169194/crawl-runs","hostname":"localhost"},"msg":"incoming request"}
{"level":30,"time":1791480201687,"pid":1222721,"hostname":"wina-LOQ-16IRH8","reqId":"req-y","res":{"statusCode":201},"responseTime":2.9034609999998793,"msg":"request completed"}
{"timestamp":"2026-10-08T17:23:21.701Z","level":"info","message":"Project crawl completed","traceId":"ab5bb714-2947-4f87-80b0-c7ba296ee61f","organizationId":"6d0b74a6-09e9-4bac-a0a9-73cc0e3fbb18","projectId":"14cb3f43-9ccd-4c5e-ac06-20e525169194","context":{"jobType":"project-crawl","traceId":"ab5bb714-2947-4f87-80b0-c7ba296ee61f","organizationId":"6d0b74a6-09e9-4bac-a0a9-73cc0e3fbb18","projectId":"14cb3f43-9ccd-4c5e-ac06-20e525169194","status":"completed","pagesCrawled":2,"pagesFailed":0,"pageLimit":50,"findingCount":2}}
{"level":30,"time":1791480202190,"pid":1222721,"hostname":"wina-LOQ-16IRH8","reqId":"req-z","req":{"method":"GET","url":"/v1/projects/14cb3f43-9ccd-4c5e-ac06-20e525169194/findings","hostname":"localhost"},"msg":"incoming request"}
{"level":30,"time":1791480202194,"pid":1222721,"hostname":"wina-LOQ-16IRH8","reqId":"req-z","res":{"statusCode":200},"responseTime":3.9300889999999526,"msg":"request completed"}
{"level":30,"time":1791480202696,"pid":1222721,"hostname":"wina-LOQ-16IRH8","reqId":"req-10","req":{"method":"GET","url":"/v1/projects/14cb3f43-9ccd-4c5e-ac06-20e525169194/findings","hostname":"localhost"},"msg":"incoming request"}
{"level":30,"time":1791480202701,"pid":1222721,"hostname":"wina-LOQ-16IRH8","reqId":"req-10","res":{"statusCode":200},"responseTime":4.9573780000000625,"msg":"request completed"}
{"level":30,"time":1791480202701,"pid":1222721,"hostname":"wina-LOQ-16IRH8","reqId":"req-11","req":{"method":"GET","url":"/v1/projects/14cb3f43-9ccd-4c5e-ac06-20e525169194/evidence","hostname":"localhost"},"msg":"incoming request"}
{"level":30,"time":1791480202705,"pid":1222721,"hostname":"wina-LOQ-16IRH8","reqId":"req-11","res":{"statusCode":200},"responseTime":3.80161599999974,"msg":"request completed"}
{"level":30,"time":1791480202705,"pid":1222721,"hostname":"wina-LOQ-16IRH8","reqId":"req-12","req":{"method":"GET","url":"/v1/projects/14cb3f43-9ccd-4c5e-ac06-20e525169194/crawl-runs","hostname":"localhost"},"msg":"incoming request"}
{"level":30,"time":1791480202709,"pid":1222721,"hostname":"wina-LOQ-16IRH8","reqId":"req-12","res":{"statusCode":200},"responseTime":3.935026999999991,"msg":"request completed"}
{"level":30,"time":1791480202709,"pid":1222721,"hostname":"wina-LOQ-16IRH8","reqId":"req-13","req":{"method":"GET","url":"/v1/projects/14cb3f43-9ccd-4c5e-ac06-20e525169194/findings","hostname":"localhost"},"msg":"incoming request"}
{"level":30,"time":1791480202711,"pid":1222721,"hostname":"wina-LOQ-16IRH8","reqId":"req-13","res":{"statusCode":404},"responseTime":1.5054409999997915,"msg":"request completed"}
{"level":30,"time":1791480202711,"pid":1222721,"hostname":"wina-LOQ-16IRH8","reqId":"req-14","req":{"method":"POST","url":"/v1/projects/14cb3f43-9ccd-4c5e-ac06-20e525169194/crawl-runs","hostname":"localhost"},"msg":"incoming request"}
{"level":30,"time":1791480202713,"pid":1222721,"hostname":"wina-LOQ-16IRH8","reqId":"req-14","res":{"statusCode":404},"responseTime":1.990617999999813,"msg":"request completed"}
{"level":30,"time":1791480202713,"pid":1222721,"hostname":"wina-LOQ-16IRH8","reqId":"req-15","req":{"method":"GET","url":"/v1/projects/14cb3f43-9ccd-4c5e-ac06-20e525169194/crawl-runs","hostname":"localhost"},"msg":"incoming request"}
{"level":30,"time":1791480202714,"pid":1222721,"hostname":"wina-LOQ-16IRH8","reqId":"req-15","res":{"statusCode":404},"responseTime":1.3771999999999025,"msg":"request completed"}
{"level":30,"time":1791480202714,"pid":1222721,"hostname":"wina-LOQ-16IRH8","reqId":"req-16","req":{"method":"GET","url":"/v1/projects/ce8ff087-2543-4e03-b140-0f557d5563b1/findings","hostname":"localhost"},"msg":"incoming request"}
{"level":30,"time":1791480202717,"pid":1222721,"hostname":"wina-LOQ-16IRH8","reqId":"req-16","res":{"statusCode":200},"responseTime":2.932564999999613,"msg":"request completed"}
  ✔ a foreign tenant gets 404 for the crawl/findings routes (no existence leak) (1110.813161ms)
✔ project crawl persists fixture-derived findings/evidence (real PostgreSQL) (2049.538115ms)
{"level":30,"time":1791480213400,"pid":1222754,"hostname":"wina-LOQ-16IRH8","driver":"postgres","role":"serpvera_app","msg":"store driver: postgres — persistence + RLS enforced"}
{"level":30,"time":1791480213464,"pid":1222754,"hostname":"wina-LOQ-16IRH8","reqId":"req-1","req":{"method":"POST","url":"/v1/auth/register","hostname":"localhost"},"msg":"incoming request"}
{"timestamp":"2026-10-08T17:23:33.569Z","level":"info","message":"User registered","context":{"userId":"ad994b10-7247-4b31-a13f-238939bc3db1"}}
{"level":30,"time":1791480213573,"pid":1222754,"hostname":"wina-LOQ-16IRH8","reqId":"req-1","res":{"statusCode":201},"responseTime":108.681602,"msg":"request completed"}
{"level":30,"time":1791480213574,"pid":1222754,"hostname":"wina-LOQ-16IRH8","reqId":"req-2","req":{"method":"POST","url":"/v1/organizations","hostname":"localhost"},"msg":"incoming request"}
{"timestamp":"2026-10-08T17:23:33.583Z","level":"info","message":"Organization created","organizationId":"70a2e41e-f049-4b40-8086-2642b8b70579","context":{"organizationId":"70a2e41e-f049-4b40-8086-2642b8b70579","userId":"ad994b10-7247-4b31-a13f-238939bc3db1"}}
{"level":30,"time":1791480213584,"pid":1222754,"hostname":"wina-LOQ-16IRH8","reqId":"req-2","res":{"statusCode":201},"responseTime":9.548293000000058,"msg":"request completed"}
{"level":30,"time":1791480213584,"pid":1222754,"hostname":"wina-LOQ-16IRH8","reqId":"req-3","req":{"method":"POST","url":"/v1/auth/select-organization","hostname":"localhost"},"msg":"incoming request"}
{"timestamp":"2026-10-08T17:23:33.591Z","level":"info","message":"Organization selected","organizationId":"70a2e41e-f049-4b40-8086-2642b8b70579","context":{"userId":"ad994b10-7247-4b31-a13f-238939bc3db1","organizationId":"70a2e41e-f049-4b40-8086-2642b8b70579"}}
{"level":30,"time":1791480213592,"pid":1222754,"hostname":"wina-LOQ-16IRH8","reqId":"req-3","res":{"statusCode":200},"responseTime":7.2515469999999596,"msg":"request completed"}
{"level":30,"time":1791480213592,"pid":1222754,"hostname":"wina-LOQ-16IRH8","reqId":"req-4","req":{"method":"POST","url":"/v1/auth/register","hostname":"localhost"},"msg":"incoming request"}
{"timestamp":"2026-10-08T17:23:33.669Z","level":"info","message":"User registered","context":{"userId":"fb286ad5-eb39-48fc-99c2-9c231b91273e"}}
{"level":30,"time":1791480213669,"pid":1222754,"hostname":"wina-LOQ-16IRH8","reqId":"req-4","res":{"statusCode":201},"responseTime":76.93291499999998,"msg":"request completed"}
{"level":30,"time":1791480213670,"pid":1222754,"hostname":"wina-LOQ-16IRH8","reqId":"req-5","req":{"method":"POST","url":"/v1/organizations","hostname":"localhost"},"msg":"incoming request"}
{"timestamp":"2026-10-08T17:23:33.674Z","level":"info","message":"Organization created","organizationId":"c3048c71-9f26-47cb-88c5-03a9e21b3b22","context":{"organizationId":"c3048c71-9f26-47cb-88c5-03a9e21b3b22","userId":"fb286ad5-eb39-48fc-99c2-9c231b91273e"}}
{"level":30,"time":1791480213675,"pid":1222754,"hostname":"wina-LOQ-16IRH8","reqId":"req-5","res":{"statusCode":201},"responseTime":4.8337040000000115,"msg":"request completed"}
{"level":30,"time":1791480213675,"pid":1222754,"hostname":"wina-LOQ-16IRH8","reqId":"req-6","req":{"method":"POST","url":"/v1/auth/select-organization","hostname":"localhost"},"msg":"incoming request"}
{"timestamp":"2026-10-08T17:23:33.680Z","level":"info","message":"Organization selected","organizationId":"c3048c71-9f26-47cb-88c5-03a9e21b3b22","context":{"userId":"fb286ad5-eb39-48fc-99c2-9c231b91273e","organizationId":"c3048c71-9f26-47cb-88c5-03a9e21b3b22"}}
{"level":30,"time":1791480213681,"pid":1222754,"hostname":"wina-LOQ-16IRH8","reqId":"req-6","res":{"statusCode":200},"responseTime":5.181208999999967,"msg":"request completed"}
{"level":30,"time":1791480213681,"pid":1222754,"hostname":"wina-LOQ-16IRH8","reqId":"req-7","req":{"method":"POST","url":"/v1/projects","hostname":"localhost"},"msg":"incoming request"}
{"level":30,"time":1791480213696,"pid":1222754,"hostname":"wina-LOQ-16IRH8","reqId":"req-7","res":{"statusCode":201},"responseTime":15.098189000000048,"msg":"request completed"}
{"level":30,"time":1791480213843,"pid":1222754,"hostname":"wina-LOQ-16IRH8","reqId":"req-8","req":{"method":"GET","url":"/v1/projects/87abac82-0302-4c40-a14e-cc26394eedfd/gsc/intelligence","hostname":"localhost"},"msg":"incoming request"}
{"level":30,"time":1791480213869,"pid":1222754,"hostname":"wina-LOQ-16IRH8","reqId":"req-8","res":{"statusCode":200},"responseTime":26.243326000000025,"msg":"request completed"}
{"level":30,"time":1791480213870,"pid":1222754,"hostname":"wina-LOQ-16IRH8","reqId":"req-9","req":{"method":"POST","url":"/v1/projects/87abac82-0302-4c40-a14e-cc26394eedfd/gsc/findings","hostname":"localhost"},"msg":"incoming request"}
{"level":30,"time":1791480213883,"pid":1222754,"hostname":"wina-LOQ-16IRH8","reqId":"req-9","res":{"statusCode":409},"responseTime":13.204925000000003,"msg":"request completed"}
{"level":30,"time":1791480213884,"pid":1222754,"hostname":"wina-LOQ-16IRH8","reqId":"req-a","req":{"method":"POST","url":"/v1/projects/87abac82-0302-4c40-a14e-cc26394eedfd/gsc/findings","hostname":"localhost"},"msg":"incoming request"}
{"level":30,"time":1791480213891,"pid":1222754,"hostname":"wina-LOQ-16IRH8","reqId":"req-a","res":{"statusCode":409},"responseTime":6.74628400000006,"msg":"request completed"}
{"level":30,"time":1791480213891,"pid":1222754,"hostname":"wina-LOQ-16IRH8","reqId":"req-b","req":{"method":"POST","url":"/v1/projects/87abac82-0302-4c40-a14e-cc26394eedfd/gsc/findings","hostname":"localhost"},"msg":"incoming request"}
{"level":30,"time":1791480213891,"pid":1222754,"hostname":"wina-LOQ-16IRH8","reqId":"req-c","req":{"method":"POST","url":"/v1/projects/87abac82-0302-4c40-a14e-cc26394eedfd/gsc/findings","hostname":"localhost"},"msg":"incoming request"}
{"level":30,"time":1791480213917,"pid":1222754,"hostname":"wina-LOQ-16IRH8","reqId":"req-b","res":{"statusCode":201},"responseTime":25.558103000000074,"msg":"request completed"}
{"level":30,"time":1791480213941,"pid":1222754,"hostname":"wina-LOQ-16IRH8","reqId":"req-c","res":{"statusCode":200},"responseTime":50.086861,"msg":"request completed"}
{"level":30,"time":1791480213986,"pid":1222754,"hostname":"wina-LOQ-16IRH8","reqId":"req-d","req":{"method":"POST","url":"/v1/projects/87abac82-0302-4c40-a14e-cc26394eedfd/gsc/findings","hostname":"localhost"},"msg":"incoming request"}
{"level":30,"time":1791480214012,"pid":1222754,"hostname":"wina-LOQ-16IRH8","reqId":"req-d","res":{"statusCode":200},"responseTime":25.39577600000007,"msg":"request completed"}
{"level":30,"time":1791480214017,"pid":1222754,"hostname":"wina-LOQ-16IRH8","reqId":"req-e","req":{"method":"POST","url":"/v1/actions/54a4a447-d422-49b7-8b01-15591263ce70/transitions","hostname":"localhost"},"msg":"incoming request"}
{"level":30,"time":1791480214032,"pid":1222754,"hostname":"wina-LOQ-16IRH8","reqId":"req-e","res":{"statusCode":200},"responseTime":15.164553999999953,"msg":"request completed"}
{"level":30,"time":1791480214033,"pid":1222754,"hostname":"wina-LOQ-16IRH8","reqId":"req-f","req":{"method":"POST","url":"/v1/actions/54a4a447-d422-49b7-8b01-15591263ce70/transitions","hostname":"localhost"},"msg":"incoming request"}
{"level":30,"time":1791480214040,"pid":1222754,"hostname":"wina-LOQ-16IRH8","reqId":"req-f","res":{"statusCode":409},"responseTime":7.3942879999999604,"msg":"request completed"}
{"level":30,"time":1791480214041,"pid":1222754,"hostname":"wina-LOQ-16IRH8","reqId":"req-g","req":{"method":"POST","url":"/v1/actions/54a4a447-d422-49b7-8b01-15591263ce70/transitions","hostname":"localhost"},"msg":"incoming request"}
{"level":30,"time":1791480214050,"pid":1222754,"hostname":"wina-LOQ-16IRH8","reqId":"req-g","res":{"statusCode":200},"responseTime":9.656346999999869,"msg":"request completed"}
{"level":30,"time":1791480214071,"pid":1222754,"hostname":"wina-LOQ-16IRH8","reqId":"req-h","req":{"method":"POST","url":"/v1/projects/87abac82-0302-4c40-a14e-cc26394eedfd/gsc/findings","hostname":"localhost"},"msg":"incoming request"}
{"level":30,"time":1791480214088,"pid":1222754,"hostname":"wina-LOQ-16IRH8","reqId":"req-h","res":{"statusCode":409},"responseTime":16.30042800000001,"msg":"request completed"}
{"level":30,"time":1791480214088,"pid":1222754,"hostname":"wina-LOQ-16IRH8","reqId":"req-i","req":{"method":"POST","url":"/v1/actions/54a4a447-d422-49b7-8b01-15591263ce70/transitions","hostname":"localhost"},"msg":"incoming request"}
{"level":30,"time":1791480214097,"pid":1222754,"hostname":"wina-LOQ-16IRH8","reqId":"req-i","res":{"statusCode":200},"responseTime":8.273997000000008,"msg":"request completed"}
{"level":30,"time":1791480214097,"pid":1222754,"hostname":"wina-LOQ-16IRH8","reqId":"req-j","req":{"method":"POST","url":"/v1/actions/54a4a447-d422-49b7-8b01-15591263ce70/transitions","hostname":"localhost"},"msg":"incoming request"}
{"level":30,"time":1791480214106,"pid":1222754,"hostname":"wina-LOQ-16IRH8","reqId":"req-j","res":{"statusCode":200},"responseTime":9.344839000000093,"msg":"request completed"}
{"level":30,"time":1791480214107,"pid":1222754,"hostname":"wina-LOQ-16IRH8","reqId":"req-k","req":{"method":"POST","url":"/v1/actions/54a4a447-d422-49b7-8b01-15591263ce70/transitions","hostname":"localhost"},"msg":"incoming request"}
{"level":30,"time":1791480214117,"pid":1222754,"hostname":"wina-LOQ-16IRH8","reqId":"req-k","res":{"statusCode":200},"responseTime":9.920296000000008,"msg":"request completed"}
{"level":30,"time":1791480214117,"pid":1222754,"hostname":"wina-LOQ-16IRH8","reqId":"req-l","req":{"method":"POST","url":"/v1/actions/54a4a447-d422-49b7-8b01-15591263ce70/transitions","hostname":"localhost"},"msg":"incoming request"}
{"level":30,"time":1791480214131,"pid":1222754,"hostname":"wina-LOQ-16IRH8","reqId":"req-l","res":{"statusCode":200},"responseTime":13.479362999999921,"msg":"request completed"}
{"level":30,"time":1791480214131,"pid":1222754,"hostname":"wina-LOQ-16IRH8","reqId":"req-m","req":{"method":"POST","url":"/v1/auth/register","hostname":"localhost"},"msg":"incoming request"}
{"timestamp":"2026-10-08T17:23:34.202Z","level":"info","message":"User registered","context":{"userId":"77ad6b71-a828-4d69-99f0-dae589832fab"}}
{"level":30,"time":1791480214202,"pid":1222754,"hostname":"wina-LOQ-16IRH8","reqId":"req-m","res":{"statusCode":201},"responseTime":70.85164599999985,"msg":"request completed"}
{"level":30,"time":1791480214205,"pid":1222754,"hostname":"wina-LOQ-16IRH8","reqId":"req-n","req":{"method":"POST","url":"/v1/auth/select-organization","hostname":"localhost"},"msg":"incoming request"}
{"timestamp":"2026-10-08T17:23:34.209Z","level":"info","message":"Organization selected","organizationId":"70a2e41e-f049-4b40-8086-2642b8b70579","context":{"userId":"77ad6b71-a828-4d69-99f0-dae589832fab","organizationId":"70a2e41e-f049-4b40-8086-2642b8b70579"}}
{"level":30,"time":1791480214209,"pid":1222754,"hostname":"wina-LOQ-16IRH8","reqId":"req-n","res":{"statusCode":200},"responseTime":4.198484999999891,"msg":"request completed"}
{"level":30,"time":1791480214212,"pid":1222754,"hostname":"wina-LOQ-16IRH8","reqId":"req-o","req":{"method":"POST","url":"/v1/projects/87abac82-0302-4c40-a14e-cc26394eedfd/gsc/findings","hostname":"localhost"},"msg":"incoming request"}
{"level":30,"time":1791480214213,"pid":1222754,"hostname":"wina-LOQ-16IRH8","reqId":"req-o","res":{"statusCode":403},"responseTime":0.8997180000001208,"msg":"request completed"}
{"level":30,"time":1791480214215,"pid":1222754,"hostname":"wina-LOQ-16IRH8","reqId":"req-p","req":{"method":"POST","url":"/v1/projects/87abac82-0302-4c40-a14e-cc26394eedfd/gsc/findings","hostname":"localhost"},"msg":"incoming request"}
{"level":30,"time":1791480214226,"pid":1222754,"hostname":"wina-LOQ-16IRH8","reqId":"req-p","res":{"statusCode":409},"responseTime":10.655061999999816,"msg":"request completed"}
{"level":30,"time":1791480214226,"pid":1222754,"hostname":"wina-LOQ-16IRH8","reqId":"req-q","req":{"method":"POST","url":"/v1/projects/87abac82-0302-4c40-a14e-cc26394eedfd/gsc/findings","hostname":"localhost"},"msg":"incoming request"}
{"level":30,"time":1791480214244,"pid":1222754,"hostname":"wina-LOQ-16IRH8","reqId":"req-q","res":{"statusCode":409},"responseTime":17.435821000000033,"msg":"request completed"}
▶ GSC-007 Action Center verification via GSC measurements (real PostgreSQL)
  ✔ promotes only a server-recomputed GSC recommendation and rejects stale subjects (404.566741ms)
{"level":30,"time":1791480214246,"pid":1222754,"hostname":"wina-LOQ-16IRH8","reqId":"req-r","req":{"method":"POST","url":"/v1/actions/7c6f1bf6-4f00-4ad2-bcde-b6670efe6f4a/transitions","hostname":"localhost"},"msg":"incoming request"}
{"level":30,"time":1791480214255,"pid":1222754,"hostname":"wina-LOQ-16IRH8","reqId":"req-r","res":{"statusCode":200},"responseTime":8.9022530000002,"msg":"request completed"}
{"level":30,"time":1791480214256,"pid":1222754,"hostname":"wina-LOQ-16IRH8","reqId":"req-s","req":{"method":"POST","url":"/v1/actions/7c6f1bf6-4f00-4ad2-bcde-b6670efe6f4a/transitions","hostname":"localhost"},"msg":"incoming request"}
{"level":30,"time":1791480214264,"pid":1222754,"hostname":"wina-LOQ-16IRH8","reqId":"req-s","res":{"statusCode":200},"responseTime":8.672880999999961,"msg":"request completed"}
{"level":30,"time":1791480214265,"pid":1222754,"hostname":"wina-LOQ-16IRH8","reqId":"req-t","req":{"method":"POST","url":"/v1/actions/7c6f1bf6-4f00-4ad2-bcde-b6670efe6f4a/transitions","hostname":"localhost"},"msg":"incoming request"}
{"level":30,"time":1791480214273,"pid":1222754,"hostname":"wina-LOQ-16IRH8","reqId":"req-t","res":{"statusCode":200},"responseTime":8.252598000000035,"msg":"request completed"}
{"level":30,"time":1791480214273,"pid":1222754,"hostname":"wina-LOQ-16IRH8","reqId":"req-u","req":{"method":"POST","url":"/v1/actions/7c6f1bf6-4f00-4ad2-bcde-b6670efe6f4a/transitions","hostname":"localhost"},"msg":"incoming request"}
{"level":30,"time":1791480214283,"pid":1222754,"hostname":"wina-LOQ-16IRH8","reqId":"req-u","res":{"statusCode":200},"responseTime":9.255459999999857,"msg":"request completed"}
{"level":30,"time":1791480214283,"pid":1222754,"hostname":"wina-LOQ-16IRH8","reqId":"req-v","req":{"method":"POST","url":"/v1/actions/7c6f1bf6-4f00-4ad2-bcde-b6670efe6f4a/transitions","hostname":"localhost"},"msg":"incoming request"}
{"level":30,"time":1791480214291,"pid":1222754,"hostname":"wina-LOQ-16IRH8","reqId":"req-v","res":{"statusCode":200},"responseTime":7.821393000000171,"msg":"request completed"}
{"level":30,"time":1791480214291,"pid":1222754,"hostname":"wina-LOQ-16IRH8","reqId":"req-w","req":{"method":"POST","url":"/v1/actions/7c6f1bf6-4f00-4ad2-bcde-b6670efe6f4a/transitions","hostname":"localhost"},"msg":"incoming request"}
{"level":30,"time":1791480214302,"pid":1222754,"hostname":"wina-LOQ-16IRH8","reqId":"req-w","res":{"statusCode":200},"responseTime":10.432762000000139,"msg":"request completed"}
  ✔ VERIFIED: approval → modification → waiting window → measured gate passes (56.57599ms)
{"level":30,"time":1791480214303,"pid":1222754,"hostname":"wina-LOQ-16IRH8","reqId":"req-x","req":{"method":"POST","url":"/v1/actions/2d329f58-31e5-421a-bc59-a28328c49bf5/transitions","hostname":"localhost"},"msg":"incoming request"}
{"level":30,"time":1791480214312,"pid":1222754,"hostname":"wina-LOQ-16IRH8","reqId":"req-x","res":{"statusCode":200},"responseTime":8.515554000000066,"msg":"request completed"}
{"level":30,"time":1791480214312,"pid":1222754,"hostname":"wina-LOQ-16IRH8","reqId":"req-y","req":{"method":"POST","url":"/v1/actions/2d329f58-31e5-421a-bc59-a28328c49bf5/transitions","hostname":"localhost"},"msg":"incoming request"}
{"level":30,"time":1791480214321,"pid":1222754,"hostname":"wina-LOQ-16IRH8","reqId":"req-y","res":{"statusCode":200},"responseTime":9.310724000000164,"msg":"request completed"}
{"level":30,"time":1791480214321,"pid":1222754,"hostname":"wina-LOQ-16IRH8","reqId":"req-z","req":{"method":"POST","url":"/v1/actions/2d329f58-31e5-421a-bc59-a28328c49bf5/transitions","hostname":"localhost"},"msg":"incoming request"}
{"level":30,"time":1791480214329,"pid":1222754,"hostname":"wina-LOQ-16IRH8","reqId":"req-z","res":{"statusCode":200},"responseTime":7.642214999999851,"msg":"request completed"}
{"level":30,"time":1791480214329,"pid":1222754,"hostname":"wina-LOQ-16IRH8","reqId":"req-10","req":{"method":"POST","url":"/v1/actions/2d329f58-31e5-421a-bc59-a28328c49bf5/transitions","hostname":"localhost"},"msg":"incoming request"}
{"level":30,"time":1791480214336,"pid":1222754,"hostname":"wina-LOQ-16IRH8","reqId":"req-10","res":{"statusCode":200},"responseTime":6.576113000000078,"msg":"request completed"}
{"level":30,"time":1791480214336,"pid":1222754,"hostname":"wina-LOQ-16IRH8","reqId":"req-11","req":{"method":"POST","url":"/v1/actions/2d329f58-31e5-421a-bc59-a28328c49bf5/transitions","hostname":"localhost"},"msg":"incoming request"}
{"level":30,"time":1791480214343,"pid":1222754,"hostname":"wina-LOQ-16IRH8","reqId":"req-11","res":{"statusCode":200},"responseTime":7.028956999999991,"msg":"request completed"}
{"level":30,"time":1791480214344,"pid":1222754,"hostname":"wina-LOQ-16IRH8","reqId":"req-12","req":{"method":"POST","url":"/v1/actions/2d329f58-31e5-421a-bc59-a28328c49bf5/transitions","hostname":"localhost"},"msg":"incoming request"}
{"level":30,"time":1791480214355,"pid":1222754,"hostname":"wina-LOQ-16IRH8","reqId":"req-12","res":{"statusCode":200},"responseTime":10.932936000000154,"msg":"request completed"}
  ✔ REJECTED: the same loop with a gate the measurements miss (52.653887ms)
{"level":30,"time":1791480214356,"pid":1222754,"hostname":"wina-LOQ-16IRH8","reqId":"req-13","req":{"method":"POST","url":"/v1/actions/e8c140b9-e74f-4076-b56d-428e52523703/transitions","hostname":"localhost"},"msg":"incoming request"}
{"level":30,"time":1791480214363,"pid":1222754,"hostname":"wina-LOQ-16IRH8","reqId":"req-13","res":{"statusCode":200},"responseTime":7.320588000000043,"msg":"request completed"}
{"level":30,"time":1791480214363,"pid":1222754,"hostname":"wina-LOQ-16IRH8","reqId":"req-14","req":{"method":"POST","url":"/v1/actions/e8c140b9-e74f-4076-b56d-428e52523703/transitions","hostname":"localhost"},"msg":"incoming request"}
{"level":30,"time":1791480214372,"pid":1222754,"hostname":"wina-LOQ-16IRH8","reqId":"req-14","res":{"statusCode":200},"responseTime":8.069160999999895,"msg":"request completed"}
{"level":30,"time":1791480214372,"pid":1222754,"hostname":"wina-LOQ-16IRH8","reqId":"req-15","req":{"method":"POST","url":"/v1/actions/e8c140b9-e74f-4076-b56d-428e52523703/transitions","hostname":"localhost"},"msg":"incoming request"}
{"level":30,"time":1791480214385,"pid":1222754,"hostname":"wina-LOQ-16IRH8","reqId":"req-15","res":{"statusCode":200},"responseTime":13.379795000000058,"msg":"request completed"}
{"level":30,"time":1791480214386,"pid":1222754,"hostname":"wina-LOQ-16IRH8","reqId":"req-16","req":{"method":"POST","url":"/v1/actions/e8c140b9-e74f-4076-b56d-428e52523703/transitions","hostname":"localhost"},"msg":"incoming request"}
{"level":30,"time":1791480214392,"pid":1222754,"hostname":"wina-LOQ-16IRH8","reqId":"req-16","res":{"statusCode":200},"responseTime":6.022949000000153,"msg":"request completed"}
{"level":30,"time":1791480214392,"pid":1222754,"hostname":"wina-LOQ-16IRH8","reqId":"req-17","req":{"method":"POST","url":"/v1/actions/e8c140b9-e74f-4076-b56d-428e52523703/transitions","hostname":"localhost"},"msg":"incoming request"}
{"level":30,"time":1791480214398,"pid":1222754,"hostname":"wina-LOQ-16IRH8","reqId":"req-17","res":{"statusCode":200},"responseTime":5.6544830000000275,"msg":"request completed"}
{"level":30,"time":1791480214398,"pid":1222754,"hostname":"wina-LOQ-16IRH8","reqId":"req-18","req":{"method":"POST","url":"/v1/actions/e8c140b9-e74f-4076-b56d-428e52523703/transitions","hostname":"localhost"},"msg":"incoming request"}
{"level":30,"time":1791480214405,"pid":1222754,"hostname":"wina-LOQ-16IRH8","reqId":"req-18","res":{"statusCode":200},"responseTime":7.090723999999909,"msg":"request completed"}
  ✔ INCONCLUSIVE: a sample too small to judge is never a PASS (49.871575ms)
{"level":30,"time":1791480214406,"pid":1222754,"hostname":"wina-LOQ-16IRH8","reqId":"req-19","req":{"method":"POST","url":"/v1/actions/6c323d8d-6b92-4a71-9658-3b2fb04458f0/transitions","hostname":"localhost"},"msg":"incoming request"}
{"level":30,"time":1791480214412,"pid":1222754,"hostname":"wina-LOQ-16IRH8","reqId":"req-19","res":{"statusCode":200},"responseTime":5.864299000000074,"msg":"request completed"}
{"level":30,"time":1791480214412,"pid":1222754,"hostname":"wina-LOQ-16IRH8","reqId":"req-1a","req":{"method":"POST","url":"/v1/actions/6c323d8d-6b92-4a71-9658-3b2fb04458f0/transitions","hostname":"localhost"},"msg":"incoming request"}
{"level":30,"time":1791480214419,"pid":1222754,"hostname":"wina-LOQ-16IRH8","reqId":"req-1a","res":{"statusCode":200},"responseTime":7.453148000000056,"msg":"request completed"}
{"level":30,"time":1791480214420,"pid":1222754,"hostname":"wina-LOQ-16IRH8","reqId":"req-1b","req":{"method":"POST","url":"/v1/actions/6c323d8d-6b92-4a71-9658-3b2fb04458f0/transitions","hostname":"localhost"},"msg":"incoming request"}
{"level":30,"time":1791480214426,"pid":1222754,"hostname":"wina-LOQ-16IRH8","reqId":"req-1b","res":{"statusCode":200},"responseTime":6.617721999999958,"msg":"request completed"}
{"level":30,"time":1791480214426,"pid":1222754,"hostname":"wina-LOQ-16IRH8","reqId":"req-1c","req":{"method":"POST","url":"/v1/actions/6c323d8d-6b92-4a71-9658-3b2fb04458f0/transitions","hostname":"localhost"},"msg":"incoming request"}
{"level":30,"time":1791480214434,"pid":1222754,"hostname":"wina-LOQ-16IRH8","reqId":"req-1c","res":{"statusCode":200},"responseTime":7.185433000000103,"msg":"request completed"}
{"level":30,"time":1791480214434,"pid":1222754,"hostname":"wina-LOQ-16IRH8","reqId":"req-1d","req":{"method":"POST","url":"/v1/actions/6c323d8d-6b92-4a71-9658-3b2fb04458f0/transitions","hostname":"localhost"},"msg":"incoming request"}
{"level":30,"time":1791480214441,"pid":1222754,"hostname":"wina-LOQ-16IRH8","reqId":"req-1d","res":{"statusCode":200},"responseTime":6.892370000000028,"msg":"request completed"}
{"level":30,"time":1791480214441,"pid":1222754,"hostname":"wina-LOQ-16IRH8","reqId":"req-1e","req":{"method":"POST","url":"/v1/actions/6c323d8d-6b92-4a71-9658-3b2fb04458f0/transitions","hostname":"localhost"},"msg":"incoming request"}
{"level":30,"time":1791480214451,"pid":1222754,"hostname":"wina-LOQ-16IRH8","reqId":"req-1e","res":{"statusCode":200},"responseTime":9.561748999999963,"msg":"request completed"}
  ✔ INCONCLUSIVE: a window without measured rows says so explicitly (45.685734ms)
{"level":30,"time":1791480214463,"pid":1222754,"hostname":"wina-LOQ-16IRH8","reqId":"req-1f","req":{"method":"POST","url":"/v1/actions/918bc66f-a8d6-4a76-aac0-5a5cf89ce84a/transitions","hostname":"localhost"},"msg":"incoming request"}
{"level":30,"time":1791480214469,"pid":1222754,"hostname":"wina-LOQ-16IRH8","reqId":"req-1f","res":{"statusCode":200},"responseTime":6.0583359999998265,"msg":"request completed"}
{"level":30,"time":1791480214469,"pid":1222754,"hostname":"wina-LOQ-16IRH8","reqId":"req-1g","req":{"method":"POST","url":"/v1/actions/918bc66f-a8d6-4a76-aac0-5a5cf89ce84a/transitions","hostname":"localhost"},"msg":"incoming request"}
{"level":30,"time":1791480214475,"pid":1222754,"hostname":"wina-LOQ-16IRH8","reqId":"req-1g","res":{"statusCode":200},"responseTime":6.436828999999989,"msg":"request completed"}
{"level":30,"time":1791480214476,"pid":1222754,"hostname":"wina-LOQ-16IRH8","reqId":"req-1h","req":{"method":"POST","url":"/v1/actions/918bc66f-a8d6-4a76-aac0-5a5cf89ce84a/transitions","hostname":"localhost"},"msg":"incoming request"}
{"level":30,"time":1791480214482,"pid":1222754,"hostname":"wina-LOQ-16IRH8","reqId":"req-1h","res":{"statusCode":200},"responseTime":6.173131999999896,"msg":"request completed"}
{"level":30,"time":1791480214482,"pid":1222754,"hostname":"wina-LOQ-16IRH8","reqId":"req-1i","req":{"method":"POST","url":"/v1/actions/918bc66f-a8d6-4a76-aac0-5a5cf89ce84a/transitions","hostname":"localhost"},"msg":"incoming request"}
{"level":30,"time":1791480214490,"pid":1222754,"hostname":"wina-LOQ-16IRH8","reqId":"req-1i","res":{"statusCode":200},"responseTime":7.77384300000017,"msg":"request completed"}
{"level":30,"time":1791480214490,"pid":1222754,"hostname":"wina-LOQ-16IRH8","reqId":"req-1j","req":{"method":"POST","url":"/v1/actions/918bc66f-a8d6-4a76-aac0-5a5cf89ce84a/transitions","hostname":"localhost"},"msg":"incoming request"}
{"level":30,"time":1791480214496,"pid":1222754,"hostname":"wina-LOQ-16IRH8","reqId":"req-1j","res":{"statusCode":200},"responseTime":5.508939000000055,"msg":"request completed"}
{"level":30,"time":1791480214496,"pid":1222754,"hostname":"wina-LOQ-16IRH8","reqId":"req-1k","req":{"method":"POST","url":"/v1/actions/918bc66f-a8d6-4a76-aac0-5a5cf89ce84a/transitions","hostname":"localhost"},"msg":"incoming request"}
{"level":30,"time":1791480214503,"pid":1222754,"hostname":"wina-LOQ-16IRH8","reqId":"req-1k","res":{"statusCode":200},"responseTime":6.634101999999984,"msg":"request completed"}
{"level":30,"time":1791480214504,"pid":1222754,"hostname":"wina-LOQ-16IRH8","reqId":"req-1l","req":{"method":"POST","url":"/v1/actions/c6657dbe-79ab-438c-a5a4-47c903fc00a0/transitions","hostname":"localhost"},"msg":"incoming request"}
{"level":30,"time":1791480214509,"pid":1222754,"hostname":"wina-LOQ-16IRH8","reqId":"req-1l","res":{"statusCode":200},"responseTime":4.783087999999907,"msg":"request completed"}
{"level":30,"time":1791480214509,"pid":1222754,"hostname":"wina-LOQ-16IRH8","reqId":"req-1m","req":{"method":"POST","url":"/v1/actions/c6657dbe-79ab-438c-a5a4-47c903fc00a0/transitions","hostname":"localhost"},"msg":"incoming request"}
{"level":30,"time":1791480214515,"pid":1222754,"hostname":"wina-LOQ-16IRH8","reqId":"req-1m","res":{"statusCode":200},"responseTime":5.3994910000001255,"msg":"request completed"}
{"level":30,"time":1791480214515,"pid":1222754,"hostname":"wina-LOQ-16IRH8","reqId":"req-1n","req":{"method":"POST","url":"/v1/actions/c6657dbe-79ab-438c-a5a4-47c903fc00a0/transitions","hostname":"localhost"},"msg":"incoming request"}
{"level":30,"time":1791480214522,"pid":1222754,"hostname":"wina-LOQ-16IRH8","reqId":"req-1n","res":{"statusCode":200},"responseTime":7.10363899999993,"msg":"request completed"}
{"level":30,"time":1791480214523,"pid":1222754,"hostname":"wina-LOQ-16IRH8","reqId":"req-1o","req":{"method":"POST","url":"/v1/actions/c6657dbe-79ab-438c-a5a4-47c903fc00a0/transitions","hostname":"localhost"},"msg":"incoming request"}
{"level":30,"time":1791480214529,"pid":1222754,"hostname":"wina-LOQ-16IRH8","reqId":"req-1o","res":{"statusCode":200},"responseTime":6.22200399999997,"msg":"request completed"}
{"level":30,"time":1791480214529,"pid":1222754,"hostname":"wina-LOQ-16IRH8","reqId":"req-1p","req":{"method":"POST","url":"/v1/actions/c6657dbe-79ab-438c-a5a4-47c903fc00a0/transitions","hostname":"localhost"},"msg":"incoming request"}
{"level":30,"time":1791480214535,"pid":1222754,"hostname":"wina-LOQ-16IRH8","reqId":"req-1p","res":{"statusCode":200},"responseTime":5.952565999999933,"msg":"request completed"}
{"level":30,"time":1791480214535,"pid":1222754,"hostname":"wina-LOQ-16IRH8","reqId":"req-1q","req":{"method":"POST","url":"/v1/actions/c6657dbe-79ab-438c-a5a4-47c903fc00a0/transitions","hostname":"localhost"},"msg":"incoming request"}
{"level":30,"time":1791480214543,"pid":1222754,"hostname":"wina-LOQ-16IRH8","reqId":"req-1q","res":{"statusCode":200},"responseTime":7.580798999999843,"msg":"request completed"}
  ✔ does not verify against rows from RUNNING or FAILED sync jobs (92.056932ms)
{"level":30,"time":1791480214551,"pid":1222754,"hostname":"wina-LOQ-16IRH8","reqId":"req-1r","req":{"method":"POST","url":"/v1/actions/727edd1b-7890-41c1-89e5-5958bf975b4e/transitions","hostname":"localhost"},"msg":"incoming request"}
{"level":30,"time":1791480214554,"pid":1222754,"hostname":"wina-LOQ-16IRH8","reqId":"req-1r","res":{"statusCode":409},"responseTime":2.7531470000001264,"msg":"request completed"}
{"level":30,"time":1791480214554,"pid":1222754,"hostname":"wina-LOQ-16IRH8","reqId":"req-1s","req":{"method":"POST","url":"/v1/actions/727edd1b-7890-41c1-89e5-5958bf975b4e/transitions","hostname":"localhost"},"msg":"incoming request"}
{"level":30,"time":1791480214557,"pid":1222754,"hostname":"wina-LOQ-16IRH8","reqId":"req-1s","res":{"statusCode":409},"responseTime":2.3870160000001306,"msg":"request completed"}
  ✔ refuses to verify before a waiting window is recorded (13.548513ms)
{"level":30,"time":1791480214558,"pid":1222754,"hostname":"wina-LOQ-16IRH8","reqId":"req-1t","req":{"method":"GET","url":"/v1/gsc/actions/7c6f1bf6-4f00-4ad2-bcde-b6670efe6f4a/before-after","hostname":"localhost"},"msg":"incoming request"}
{"level":30,"time":1791480214573,"pid":1222754,"hostname":"wina-LOQ-16IRH8","reqId":"req-1t","res":{"statusCode":200},"responseTime":15.614373000000114,"msg":"request completed"}
  ✔ the Action Center before/after surface shows the measured comparison (16.346324ms)
{"level":30,"time":1791480214585,"pid":1222754,"hostname":"wina-LOQ-16IRH8","reqId":"req-1u","req":{"method":"GET","url":"/v1/gsc/actions/7c6f1bf6-4f00-4ad2-bcde-b6670efe6f4a/before-after","hostname":"localhost"},"msg":"incoming request"}
{"level":30,"time":1791480214595,"pid":1222754,"hostname":"wina-LOQ-16IRH8","reqId":"req-1u","res":{"statusCode":409},"responseTime":9.54683,"msg":"request completed"}
  ✔ withholds before/after metrics when a trusted sync covers only part of the baseline window (21.788006ms)
{"level":30,"time":1791480214608,"pid":1222754,"hostname":"wina-LOQ-16IRH8","reqId":"req-1v","req":{"method":"GET","url":"/v1/gsc/actions/7c6f1bf6-4f00-4ad2-bcde-b6670efe6f4a/before-after","hostname":"localhost"},"msg":"incoming request"}
{"level":30,"time":1791480214616,"pid":1222754,"hostname":"wina-LOQ-16IRH8","reqId":"req-1v","res":{"statusCode":409},"responseTime":8.195408999999927,"msg":"request completed"}
  ✔ withholds before/after metrics when a trusted sync covers only part of the action window (21.120136ms)
{"level":30,"time":1791480214619,"pid":1222754,"hostname":"wina-LOQ-16IRH8","reqId":"req-1w","req":{"method":"GET","url":"/v1/gsc/actions/7c6f1bf6-4f00-4ad2-bcde-b6670efe6f4a/before-after","hostname":"localhost"},"msg":"incoming request"}
{"level":30,"time":1791480214626,"pid":1222754,"hostname":"wina-LOQ-16IRH8","reqId":"req-1w","res":{"statusCode":409},"responseTime":7.374309999999923,"msg":"request completed"}
  ✔ withholds action comparisons when the action property is no longer active (9.627993ms)
{"level":30,"time":1791480214627,"pid":1222754,"hostname":"wina-LOQ-16IRH8","reqId":"req-1x","req":{"method":"GET","url":"/v1/gsc/actions/7c6f1bf6-4f00-4ad2-bcde-b6670efe6f4a/before-after","hostname":"localhost"},"msg":"incoming request"}
{"level":30,"time":1791480214630,"pid":1222754,"hostname":"wina-LOQ-16IRH8","reqId":"req-1x","res":{"statusCode":404},"responseTime":3.0163440000001174,"msg":"request completed"}
  ✔ cross-tenant before/after is a uniform 404 (3.834708ms)
✔ GSC-007 Action Center verification via GSC measurements (real PostgreSQL) (1330.811789ms)
{"level":30,"time":1791480215171,"pid":1222768,"hostname":"wina-LOQ-16IRH8","driver":"postgres","role":"serpvera_app","msg":"store driver: postgres — persistence + RLS enforced"}
{"level":30,"time":1791480215202,"pid":1222768,"hostname":"wina-LOQ-16IRH8","reqId":"req-1","req":{"method":"POST","url":"/v1/auth/register","hostname":"localhost"},"msg":"incoming request"}
{"timestamp":"2026-10-08T17:23:35.254Z","level":"info","message":"User registered","context":{"userId":"15e6403a-81f6-48ec-845f-9e18bc436766"}}
{"level":30,"time":1791480215256,"pid":1222768,"hostname":"wina-LOQ-16IRH8","reqId":"req-1","res":{"statusCode":201},"responseTime":53.811913000000004,"msg":"request completed"}
{"level":30,"time":1791480215257,"pid":1222768,"hostname":"wina-LOQ-16IRH8","reqId":"req-2","req":{"method":"POST","url":"/v1/organizations","hostname":"localhost"},"msg":"incoming request"}
{"timestamp":"2026-10-08T17:23:35.262Z","level":"info","message":"Organization created","organizationId":"153ddb7b-b79e-4045-96d1-6eb2e7e63ebe","context":{"organizationId":"153ddb7b-b79e-4045-96d1-6eb2e7e63ebe","userId":"15e6403a-81f6-48ec-845f-9e18bc436766"}}
{"level":30,"time":1791480215262,"pid":1222768,"hostname":"wina-LOQ-16IRH8","reqId":"req-2","res":{"statusCode":201},"responseTime":5.333807999999976,"msg":"request completed"}
{"level":30,"time":1791480215263,"pid":1222768,"hostname":"wina-LOQ-16IRH8","reqId":"req-3","req":{"method":"POST","url":"/v1/auth/select-organization","hostname":"localhost"},"msg":"incoming request"}
{"timestamp":"2026-10-08T17:23:35.266Z","level":"info","message":"Organization selected","organizationId":"153ddb7b-b79e-4045-96d1-6eb2e7e63ebe","context":{"userId":"15e6403a-81f6-48ec-845f-9e18bc436766","organizationId":"153ddb7b-b79e-4045-96d1-6eb2e7e63ebe"}}
{"level":30,"time":1791480215266,"pid":1222768,"hostname":"wina-LOQ-16IRH8","reqId":"req-3","res":{"statusCode":200},"responseTime":3.3621870000000627,"msg":"request completed"}
{"level":30,"time":1791480215266,"pid":1222768,"hostname":"wina-LOQ-16IRH8","reqId":"req-4","req":{"method":"POST","url":"/v1/auth/register","hostname":"localhost"},"msg":"incoming request"}
{"timestamp":"2026-10-08T17:23:35.302Z","level":"info","message":"User registered","context":{"userId":"f7d4894e-adce-40d1-b1a1-ed8c7eebe1c9"}}
{"level":30,"time":1791480215303,"pid":1222768,"hostname":"wina-LOQ-16IRH8","reqId":"req-4","res":{"statusCode":201},"responseTime":36.453847999999994,"msg":"request completed"}
{"level":30,"time":1791480215303,"pid":1222768,"hostname":"wina-LOQ-16IRH8","reqId":"req-5","req":{"method":"POST","url":"/v1/organizations","hostname":"localhost"},"msg":"incoming request"}
{"timestamp":"2026-10-08T17:23:35.306Z","level":"info","message":"Organization created","organizationId":"42cfb47c-c949-43d2-b05c-16475edd9d48","context":{"organizationId":"42cfb47c-c949-43d2-b05c-16475edd9d48","userId":"f7d4894e-adce-40d1-b1a1-ed8c7eebe1c9"}}
{"level":30,"time":1791480215306,"pid":1222768,"hostname":"wina-LOQ-16IRH8","reqId":"req-5","res":{"statusCode":201},"responseTime":2.610046000000011,"msg":"request completed"}
{"level":30,"time":1791480215306,"pid":1222768,"hostname":"wina-LOQ-16IRH8","reqId":"req-6","req":{"method":"POST","url":"/v1/auth/select-organization","hostname":"localhost"},"msg":"incoming request"}
{"timestamp":"2026-10-08T17:23:35.308Z","level":"info","message":"Organization selected","organizationId":"42cfb47c-c949-43d2-b05c-16475edd9d48","context":{"userId":"f7d4894e-adce-40d1-b1a1-ed8c7eebe1c9","organizationId":"42cfb47c-c949-43d2-b05c-16475edd9d48"}}
{"level":30,"time":1791480215308,"pid":1222768,"hostname":"wina-LOQ-16IRH8","reqId":"req-6","res":{"statusCode":200},"responseTime":2.536568000000102,"msg":"request completed"}
{"level":30,"time":1791480215309,"pid":1222768,"hostname":"wina-LOQ-16IRH8","reqId":"req-7","req":{"method":"POST","url":"/v1/projects","hostname":"localhost"},"msg":"incoming request"}
{"level":30,"time":1791480215316,"pid":1222768,"hostname":"wina-LOQ-16IRH8","reqId":"req-7","res":{"statusCode":201},"responseTime":7.083340000000021,"msg":"request completed"}
{"level":30,"time":1791480215317,"pid":1222768,"hostname":"wina-LOQ-16IRH8","reqId":"req-8","req":{"method":"POST","url":"/v1/gsc/oauth/authorize","hostname":"localhost"},"msg":"incoming request"}
{"level":30,"time":1791480215324,"pid":1222768,"hostname":"wina-LOQ-16IRH8","reqId":"req-8","res":{"statusCode":200},"responseTime":7.123515999999995,"msg":"request completed"}
{"level":30,"time":1791480215325,"pid":1222768,"hostname":"wina-LOQ-16IRH8","reqId":"req-9","req":{"method":"POST","url":"/v1/gsc/oauth/authorize","hostname":"localhost"},"msg":"incoming request"}
{"level":30,"time":1791480215328,"pid":1222768,"hostname":"wina-LOQ-16IRH8","reqId":"req-9","res":{"statusCode":200},"responseTime":3.6195719999999483,"msg":"request completed"}
{"level":30,"time":1791480215330,"pid":1222768,"hostname":"wina-LOQ-16IRH8","reqId":"req-a","req":{"method":"POST","url":"/v1/gsc/oauth/authorize","hostname":"localhost"},"msg":"incoming request"}
▶ GSC live routes (real PostgreSQL, scripted Google wire)
  ✔ authorize returns a PKCE consent URL and persists single-use state (13.161192ms)
{"level":30,"time":1791480215333,"pid":1222768,"hostname":"wina-LOQ-16IRH8","reqId":"req-a","res":{"statusCode":200},"responseTime":2.5130739999999605,"msg":"request completed"}
{"level":30,"time":1791480215333,"pid":1222768,"hostname":"wina-LOQ-16IRH8","reqId":"req-b","req":{"method":"GET","url":"/v1/gsc/oauth/callback","hostname":"localhost"},"msg":"incoming request"}
{"level":30,"time":1791480215337,"pid":1222768,"hostname":"wina-LOQ-16IRH8","reqId":"req-b","res":{"statusCode":200},"responseTime":3.581941000000029,"msg":"request completed"}
{"level":30,"time":1791480215338,"pid":1222768,"hostname":"wina-LOQ-16IRH8","reqId":"req-c","req":{"method":"POST","url":"/v1/gsc/oauth/authorize","hostname":"localhost"},"msg":"incoming request"}
  ✔ callback exchanges the code and stores ONLY envelope ciphertext (7.815592ms)
{"level":30,"time":1791480215340,"pid":1222768,"hostname":"wina-LOQ-16IRH8","reqId":"req-c","res":{"statusCode":200},"responseTime":2.0829220000000532,"msg":"request completed"}
{"level":30,"time":1791480215340,"pid":1222768,"hostname":"wina-LOQ-16IRH8","reqId":"req-d","req":{"method":"GET","url":"/v1/gsc/oauth/callback","hostname":"localhost"},"msg":"incoming request"}
{"level":30,"time":1791480215342,"pid":1222768,"hostname":"wina-LOQ-16IRH8","reqId":"req-d","res":{"statusCode":200},"responseTime":1.7884160000000975,"msg":"request completed"}
{"level":30,"time":1791480215342,"pid":1222768,"hostname":"wina-LOQ-16IRH8","reqId":"req-e","req":{"method":"GET","url":"/v1/gsc/oauth/callback","hostname":"localhost"},"msg":"incoming request"}
{"level":30,"time":1791480215343,"pid":1222768,"hostname":"wina-LOQ-16IRH8","reqId":"req-e","res":{"statusCode":400},"responseTime":0.8401049999999941,"msg":"request completed"}
{"level":30,"time":1791480215343,"pid":1222768,"hostname":"wina-LOQ-16IRH8","reqId":"req-f","req":{"method":"GET","url":"/v1/gsc/oauth/callback","hostname":"localhost"},"msg":"incoming request"}
{"level":30,"time":1791480215344,"pid":1222768,"hostname":"wina-LOQ-16IRH8","reqId":"req-f","res":{"statusCode":400},"responseTime":0.6897819999999228,"msg":"request completed"}
{"level":30,"time":1791480215344,"pid":1222768,"hostname":"wina-LOQ-16IRH8","reqId":"req-g","req":{"method":"POST","url":"/v1/gsc/oauth/authorize","hostname":"localhost"},"msg":"incoming request"}
{"level":30,"time":1791480215346,"pid":1222768,"hostname":"wina-LOQ-16IRH8","reqId":"req-g","res":{"statusCode":200},"responseTime":1.809554999999932,"msg":"request completed"}
  ✔ rejects replayed and tampered states with byte-identical answers (no oracle) (8.596456ms)
  ✔ requires a session to start the flow at all (0.600674ms)
{"level":30,"time":1791480215346,"pid":1222768,"hostname":"wina-LOQ-16IRH8","reqId":"req-h","req":{"method":"GET","url":"/v1/gsc/oauth/callback","hostname":"localhost"},"msg":"incoming request"}
{"level":30,"time":1791480215346,"pid":1222768,"hostname":"wina-LOQ-16IRH8","reqId":"req-h","res":{"statusCode":400},"responseTime":0.10985799999991741,"msg":"request completed"}
{"level":30,"time":1791480215347,"pid":1222768,"hostname":"wina-LOQ-16IRH8","reqId":"req-i","req":{"method":"POST","url":"/v1/gsc/oauth/authorize","hostname":"localhost"},"msg":"incoming request"}
{"level":30,"time":1791480215347,"pid":1222768,"hostname":"wina-LOQ-16IRH8","reqId":"req-i","res":{"statusCode":401},"responseTime":0.2841959999999517,"msg":"request completed"}
{"level":30,"time":1791480215347,"pid":1222768,"hostname":"wina-LOQ-16IRH8","reqId":"req-j","req":{"method":"POST","url":"/v1/gsc/oauth/authorize","hostname":"localhost"},"msg":"incoming request"}
{"level":30,"time":1791480215349,"pid":1222768,"hostname":"wina-LOQ-16IRH8","reqId":"req-j","res":{"statusCode":200},"responseTime":2.188040000000001,"msg":"request completed"}
{"level":30,"time":1791480215350,"pid":1222768,"hostname":"wina-LOQ-16IRH8","reqId":"req-k","req":{"method":"GET","url":"/v1/gsc/oauth/callback","hostname":"localhost"},"msg":"incoming request"}
{"level":30,"time":1791480215351,"pid":1222768,"hostname":"wina-LOQ-16IRH8","reqId":"req-k","res":{"statusCode":400},"responseTime":0.8163009999999531,"msg":"request completed"}
  ✔ refuses an expired state at the real database boundary (3.89409ms)
{"level":30,"time":1791480215351,"pid":1222768,"hostname":"wina-LOQ-16IRH8","reqId":"req-l","req":{"method":"GET","url":"/v1/projects/e82536c5-b081-4f1d-b182-bcbfd42ebf90/gsc/sites","hostname":"localhost"},"msg":"incoming request"}
{"level":30,"time":1791480215354,"pid":1222768,"hostname":"wina-LOQ-16IRH8","reqId":"req-l","res":{"statusCode":200},"responseTime":2.8187500000000227,"msg":"request completed"}
{"level":30,"time":1791480215355,"pid":1222768,"hostname":"wina-LOQ-16IRH8","reqId":"req-m","req":{"method":"POST","url":"/v1/projects/e82536c5-b081-4f1d-b182-bcbfd42ebf90/gsc/connections","hostname":"localhost"},"msg":"incoming request"}
{"level":30,"time":1791480215361,"pid":1222768,"hostname":"wina-LOQ-16IRH8","reqId":"req-m","res":{"statusCode":201},"responseTime":6.0715999999999894,"msg":"request completed"}
{"level":30,"time":1791480215361,"pid":1222768,"hostname":"wina-LOQ-16IRH8","reqId":"req-n","req":{"method":"POST","url":"/v1/projects/e82536c5-b081-4f1d-b182-bcbfd42ebf90/gsc/connections","hostname":"localhost"},"msg":"incoming request"}
{"level":30,"time":1791480215364,"pid":1222768,"hostname":"wina-LOQ-16IRH8","reqId":"req-n","res":{"statusCode":400},"responseTime":2.490099999999984,"msg":"request completed"}
{"level":30,"time":1791480215364,"pid":1222768,"hostname":"wina-LOQ-16IRH8","reqId":"req-o","req":{"method":"POST","url":"/v1/projects/e82536c5-b081-4f1d-b182-bcbfd42ebf90/gsc/connections","hostname":"localhost"},"msg":"incoming request"}
{"level":30,"time":1791480215367,"pid":1222768,"hostname":"wina-LOQ-16IRH8","reqId":"req-o","res":{"statusCode":409},"responseTime":3.285011000000054,"msg":"request completed"}
  ✔ discovers properties from the live grant shape and associates one with the project (16.443939ms)
{"level":30,"time":1791480215368,"pid":1222768,"hostname":"wina-LOQ-16IRH8","reqId":"req-p","req":{"method":"GET","url":"/v1/projects/e82536c5-b081-4f1d-b182-bcbfd42ebf90/gsc/sites","hostname":"localhost"},"msg":"incoming request"}
{"level":30,"time":1791480215369,"pid":1222768,"hostname":"wina-LOQ-16IRH8","reqId":"req-p","res":{"statusCode":200},"responseTime":1.7295039999999062,"msg":"request completed"}
  ✔ reports an empty discovery list honestly when the grant lists nothing (2.065198ms)
{"level":30,"time":1791480215370,"pid":1222768,"hostname":"wina-LOQ-16IRH8","reqId":"req-q","req":{"method":"GET","url":"/v1/projects/e82536c5-b081-4f1d-b182-bcbfd42ebf90/gsc/summary","hostname":"localhost"},"msg":"incoming request"}
{"level":30,"time":1791480215379,"pid":1222768,"hostname":"wina-LOQ-16IRH8","reqId":"req-q","res":{"statusCode":200},"responseTime":9.479332,"msg":"request completed"}
{"level":30,"time":1791480215380,"pid":1222768,"hostname":"wina-LOQ-16IRH8","reqId":"req-r","req":{"method":"GET","url":"/v1/projects/e82536c5-b081-4f1d-b182-bcbfd42ebf90/gsc/breakdown","hostname":"localhost"},"msg":"incoming request"}
{"level":30,"time":1791480215389,"pid":1222768,"hostname":"wina-LOQ-16IRH8","reqId":"req-r","res":{"statusCode":200},"responseTime":9.221275999999989,"msg":"request completed"}
{"level":30,"time":1791480215389,"pid":1222768,"hostname":"wina-LOQ-16IRH8","reqId":"req-s","req":{"method":"POST","url":"/v1/projects/e82536c5-b081-4f1d-b182-bcbfd42ebf90/gsc/sync","hostname":"localhost"},"msg":"incoming request"}
{"level":30,"time":1791480215410,"pid":1222768,"hostname":"wina-LOQ-16IRH8","reqId":"req-s","res":{"statusCode":200},"responseTime":20.69762800000001,"msg":"request completed"}
{"level":30,"time":1791480215410,"pid":1222768,"hostname":"wina-LOQ-16IRH8","reqId":"req-t","req":{"method":"GET","url":"/v1/projects/e82536c5-b081-4f1d-b182-bcbfd42ebf90/gsc/summary","hostname":"localhost"},"msg":"incoming request"}
{"level":30,"time":1791480215415,"pid":1222768,"hostname":"wina-LOQ-16IRH8","reqId":"req-t","res":{"statusCode":200},"responseTime":4.872928000000002,"msg":"request completed"}
{"level":30,"time":1791480215415,"pid":1222768,"hostname":"wina-LOQ-16IRH8","reqId":"req-u","req":{"method":"GET","url":"/v1/projects/e82536c5-b081-4f1d-b182-bcbfd42ebf90/gsc/breakdown","hostname":"localhost"},"msg":"incoming request"}
{"level":30,"time":1791480215420,"pid":1222768,"hostname":"wina-LOQ-16IRH8","reqId":"req-u","res":{"statusCode":200},"responseTime":4.9625879999999825,"msg":"request completed"}
{"level":30,"time":1791480215421,"pid":1222768,"hostname":"wina-LOQ-16IRH8","reqId":"req-v","req":{"method":"POST","url":"/v1/projects/e82536c5-b081-4f1d-b182-bcbfd42ebf90/gsc/sync","hostname":"localhost"},"msg":"incoming request"}
{"level":30,"time":1791480215433,"pid":1222768,"hostname":"wina-LOQ-16IRH8","reqId":"req-v","res":{"statusCode":200},"responseTime":11.997475000000009,"msg":"request completed"}
{"level":30,"time":1791480215433,"pid":1222768,"hostname":"wina-LOQ-16IRH8","reqId":"req-w","req":{"method":"GET","url":"/v1/projects/e82536c5-b081-4f1d-b182-bcbfd42ebf90/gsc/summary","hostname":"localhost"},"msg":"incoming request"}
{"level":30,"time":1791480215447,"pid":1222768,"hostname":"wina-LOQ-16IRH8","reqId":"req-w","res":{"statusCode":200},"responseTime":13.782636000000025,"msg":"request completed"}
{"level":30,"time":1791480215447,"pid":1222768,"hostname":"wina-LOQ-16IRH8","reqId":"req-x","req":{"method":"GET","url":"/v1/projects/e82536c5-b081-4f1d-b182-bcbfd42ebf90/gsc/breakdown","hostname":"localhost"},"msg":"incoming request"}
{"level":30,"time":1791480215455,"pid":1222768,"hostname":"wina-LOQ-16IRH8","reqId":"req-x","res":{"statusCode":200},"responseTime":8.337687999999957,"msg":"request completed"}
  ✔ ingests measured rows end-to-end and serves them with freshness (85.845788ms)
{"level":30,"time":1791480215457,"pid":1222768,"hostname":"wina-LOQ-16IRH8","reqId":"req-y","req":{"method":"GET","url":"/v1/projects/e82536c5-b081-4f1d-b182-bcbfd42ebf90/gsc/summary","hostname":"localhost"},"msg":"incoming request"}
{"level":30,"time":1791480215462,"pid":1222768,"hostname":"wina-LOQ-16IRH8","reqId":"req-y","res":{"statusCode":200},"responseTime":4.520942999999988,"msg":"request completed"}
{"level":30,"time":1791480215462,"pid":1222768,"hostname":"wina-LOQ-16IRH8","reqId":"req-z","req":{"method":"GET","url":"/v1/projects/e82536c5-b081-4f1d-b182-bcbfd42ebf90/gsc/jobs","hostname":"localhost"},"msg":"incoming request"}
{"level":30,"time":1791480215465,"pid":1222768,"hostname":"wina-LOQ-16IRH8","reqId":"req-z","res":{"statusCode":200},"responseTime":3.2707639999999856,"msg":"request completed"}
  ✔ does not present a legacy completed job as current coverage or measurement (9.734444ms)
{"level":30,"time":1791480215466,"pid":1222768,"hostname":"wina-LOQ-16IRH8","reqId":"req-10","req":{"method":"POST","url":"/v1/projects/e82536c5-b081-4f1d-b182-bcbfd42ebf90/gsc/sync","hostname":"localhost"},"msg":"incoming request"}
{"level":30,"time":1791480215476,"pid":1222768,"hostname":"wina-LOQ-16IRH8","reqId":"req-10","res":{"statusCode":200},"responseTime":9.899054999999976,"msg":"request completed"}
{"level":30,"time":1791480215476,"pid":1222768,"hostname":"wina-LOQ-16IRH8","reqId":"req-11","req":{"method":"GET","url":"/v1/projects/e82536c5-b081-4f1d-b182-bcbfd42ebf90/gsc/jobs","hostname":"localhost"},"msg":"incoming request"}
{"level":30,"time":1791480215478,"pid":1222768,"hostname":"wina-LOQ-16IRH8","reqId":"req-11","res":{"statusCode":200},"responseTime":2.12289700000008,"msg":"request completed"}
{"level":30,"time":1791480215478,"pid":1222768,"hostname":"wina-LOQ-16IRH8","reqId":"req-12","req":{"method":"GET","url":"/v1/projects/e82536c5-b081-4f1d-b182-bcbfd42ebf90/gsc/summary","hostname":"localhost"},"msg":"incoming request"}
{"level":30,"time":1791480215482,"pid":1222768,"hostname":"wina-LOQ-16IRH8","reqId":"req-12","res":{"statusCode":200},"responseTime":4.410916000000043,"msg":"request completed"}
  ✔ re-sync creates a new completed attempt and replaces, never doubles (17.169499ms)
{"level":30,"time":1791480215484,"pid":1222768,"hostname":"wina-LOQ-16IRH8","reqId":"req-13","req":{"method":"GET","url":"/v1/projects/e82536c5-b081-4f1d-b182-bcbfd42ebf90/gsc/jobs","hostname":"localhost"},"msg":"incoming request"}
{"level":30,"time":1791480215486,"pid":1222768,"hostname":"wina-LOQ-16IRH8","reqId":"req-13","res":{"statusCode":200},"responseTime":2.4041180000000395,"msg":"request completed"}
{"level":30,"time":1791480215486,"pid":1222768,"hostname":"wina-LOQ-16IRH8","reqId":"req-14","req":{"method":"POST","url":"/v1/projects/e82536c5-b081-4f1d-b182-bcbfd42ebf90/gsc/sync","hostname":"localhost"},"msg":"incoming request"}
{"level":30,"time":1791480215497,"pid":1222768,"hostname":"wina-LOQ-16IRH8","reqId":"req-14","res":{"statusCode":200},"responseTime":10.742287000000033,"msg":"request completed"}
{"level":30,"time":1791480215497,"pid":1222768,"hostname":"wina-LOQ-16IRH8","reqId":"req-15","req":{"method":"GET","url":"/v1/projects/e82536c5-b081-4f1d-b182-bcbfd42ebf90/gsc/jobs","hostname":"localhost"},"msg":"incoming request"}
{"level":30,"time":1791480215499,"pid":1222768,"hostname":"wina-LOQ-16IRH8","reqId":"req-15","res":{"statusCode":200},"responseTime":2.1981089999999313,"msg":"request completed"}
  ✔ incremental sync (no dates) derives its window from the last sync (17.002533ms)
{"level":30,"time":1791480215500,"pid":1222768,"hostname":"wina-LOQ-16IRH8","reqId":"req-16","req":{"method":"POST","url":"/v1/projects/e82536c5-b081-4f1d-b182-bcbfd42ebf90/gsc/sync","hostname":"localhost"},"msg":"incoming request"}
{"level":30,"time":1791480215503,"pid":1222768,"hostname":"wina-LOQ-16IRH8","reqId":"req-16","res":{"statusCode":400},"responseTime":2.9754259999999704,"msg":"request completed"}
{"level":30,"time":1791480215503,"pid":1222768,"hostname":"wina-LOQ-16IRH8","reqId":"req-17","req":{"method":"POST","url":"/v1/projects/e82536c5-b081-4f1d-b182-bcbfd42ebf90/gsc/sync","hostname":"localhost"},"msg":"incoming request"}
{"level":30,"time":1791480215505,"pid":1222768,"hostname":"wina-LOQ-16IRH8","reqId":"req-17","res":{"statusCode":400},"responseTime":1.6823760000000902,"msg":"request completed"}
{"level":30,"time":1791480215505,"pid":1222768,"hostname":"wina-LOQ-16IRH8","reqId":"req-18","req":{"method":"POST","url":"/v1/projects/e82536c5-b081-4f1d-b182-bcbfd42ebf90/gsc/sync","hostname":"localhost"},"msg":"incoming request"}
{"level":30,"time":1791480215506,"pid":1222768,"hostname":"wina-LOQ-16IRH8","reqId":"req-18","res":{"statusCode":400},"responseTime":1.6123629999999594,"msg":"request completed"}
{"level":30,"time":1791480215507,"pid":1222768,"hostname":"wina-LOQ-16IRH8","reqId":"req-19","req":{"method":"POST","url":"/v1/projects/e82536c5-b081-4f1d-b182-bcbfd42ebf90/gsc/sync","hostname":"localhost"},"msg":"incoming request"}
{"level":30,"time":1791480215507,"pid":1222768,"hostname":"wina-LOQ-16IRH8","reqId":"req-19","res":{"statusCode":400},"responseTime":0.6252500000000509,"msg":"request completed"}
  ✔ rejects malformed windows before any job exists (7.658476ms)
{"level":30,"time":1791480215508,"pid":1222768,"hostname":"wina-LOQ-16IRH8","reqId":"req-1a","req":{"method":"POST","url":"/v1/projects/e82536c5-b081-4f1d-b182-bcbfd42ebf90/gsc/sync","hostname":"localhost"},"msg":"incoming request"}
{"level":30,"time":1791480215518,"pid":1222768,"hostname":"wina-LOQ-16IRH8","reqId":"req-1a","res":{"statusCode":200},"responseTime":9.735115999999948,"msg":"request completed"}
  ✔ refreshes an expired access token transparently and stores the rotation encrypted (11.264032ms)
{"level":30,"time":1791480215520,"pid":1222768,"hostname":"wina-LOQ-16IRH8","reqId":"req-1b","req":{"method":"POST","url":"/v1/projects/e82536c5-b081-4f1d-b182-bcbfd42ebf90/gsc/sync","hostname":"localhost"},"msg":"incoming request"}
{"level":30,"time":1791480215529,"pid":1222768,"hostname":"wina-LOQ-16IRH8","reqId":"req-1b","res":{"statusCode":200},"responseTime":9.345418999999993,"msg":"request completed"}
  ✔ reports CREDENTIALS_REQUIRED at route level when the grant was revoked (10.515939ms)
{"level":30,"time":1791480215530,"pid":1222768,"hostname":"wina-LOQ-16IRH8","reqId":"req-1c","req":{"method":"GET","url":"/v1/projects/e82536c5-b081-4f1d-b182-bcbfd42ebf90/gsc/sites","hostname":"localhost"},"msg":"incoming request"}
{"level":30,"time":1791480215531,"pid":1222768,"hostname":"wina-LOQ-16IRH8","reqId":"req-1c","res":{"statusCode":404},"responseTime":1.698126000000002,"msg":"request completed"}
{"level":30,"time":1791480215531,"pid":1222768,"hostname":"wina-LOQ-16IRH8","reqId":"req-1d","req":{"method":"GET","url":"/v1/projects/e82536c5-b081-4f1d-b182-bcbfd42ebf90/gsc/jobs","hostname":"localhost"},"msg":"incoming request"}
{"level":30,"time":1791480215532,"pid":1222768,"hostname":"wina-LOQ-16IRH8","reqId":"req-1d","res":{"statusCode":404},"responseTime":0.9429689999999482,"msg":"request completed"}
{"level":30,"time":1791480215533,"pid":1222768,"hostname":"wina-LOQ-16IRH8","reqId":"req-1e","req":{"method":"GET","url":"/v1/projects/e82536c5-b081-4f1d-b182-bcbfd42ebf90/gsc/summary","hostname":"localhost"},"msg":"incoming request"}
{"level":30,"time":1791480215533,"pid":1222768,"hostname":"wina-LOQ-16IRH8","reqId":"req-1e","res":{"statusCode":404},"responseTime":0.8593620000000328,"msg":"request completed"}
{"level":30,"time":1791480215534,"pid":1222768,"hostname":"wina-LOQ-16IRH8","reqId":"req-1f","req":{"method":"GET","url":"/v1/projects/e82536c5-b081-4f1d-b182-bcbfd42ebf90/gsc/breakdown","hostname":"localhost"},"msg":"incoming request"}
{"level":30,"time":1791480215534,"pid":1222768,"hostname":"wina-LOQ-16IRH8","reqId":"req-1f","res":{"statusCode":404},"responseTime":0.821360000000027,"msg":"request completed"}
{"level":30,"time":1791480215535,"pid":1222768,"hostname":"wina-LOQ-16IRH8","reqId":"req-1g","req":{"method":"GET","url":"/v1/projects/e82536c5-b081-4f1d-b182-bcbfd42ebf90/gsc/intelligence","hostname":"localhost"},"msg":"incoming request"}
{"level":30,"time":1791480215536,"pid":1222768,"hostname":"wina-LOQ-16IRH8","reqId":"req-1g","res":{"statusCode":404},"responseTime":1.8094949999999699,"msg":"request completed"}
{"level":30,"time":1791480215537,"pid":1222768,"hostname":"wina-LOQ-16IRH8","reqId":"req-1h","req":{"method":"POST","url":"/v1/projects/e82536c5-b081-4f1d-b182-bcbfd42ebf90/gsc/connections","hostname":"localhost"},"msg":"incoming request"}
{"level":30,"time":1791480215538,"pid":1222768,"hostname":"wina-LOQ-16IRH8","reqId":"req-1h","res":{"statusCode":404},"responseTime":1.3810169999999289,"msg":"request completed"}
{"level":30,"time":1791480215538,"pid":1222768,"hostname":"wina-LOQ-16IRH8","reqId":"req-1i","req":{"method":"POST","url":"/v1/projects/e82536c5-b081-4f1d-b182-bcbfd42ebf90/gsc/sync","hostname":"localhost"},"msg":"incoming request"}
{"level":30,"time":1791480215539,"pid":1222768,"hostname":"wina-LOQ-16IRH8","reqId":"req-1i","res":{"statusCode":404},"responseTime":0.8212899999999763,"msg":"request completed"}
{"level":30,"time":1791480215539,"pid":1222768,"hostname":"wina-LOQ-16IRH8","reqId":"req-1j","req":{"method":"POST","url":"/v1/projects/e82536c5-b081-4f1d-b182-bcbfd42ebf90/gsc/findings","hostname":"localhost"},"msg":"incoming request"}
{"level":30,"time":1791480215541,"pid":1222768,"hostname":"wina-LOQ-16IRH8","reqId":"req-1j","res":{"statusCode":404},"responseTime":2.1924880000000257,"msg":"request completed"}
{"level":30,"time":1791480215541,"pid":1222768,"hostname":"wina-LOQ-16IRH8","reqId":"req-1k","req":{"method":"DELETE","url":"/v1/gsc/connections/d9a1a98a-e8bb-40ee-8c1b-3ed9d4ab9b68","hostname":"localhost"},"msg":"incoming request"}
{"level":30,"time":1791480215543,"pid":1222768,"hostname":"wina-LOQ-16IRH8","reqId":"req-1k","res":{"statusCode":404},"responseTime":1.3577420000000302,"msg":"request completed"}
{"level":30,"time":1791480215543,"pid":1222768,"hostname":"wina-LOQ-16IRH8","reqId":"req-1l","req":{"method":"POST","url":"/v1/gsc/oauth/authorize","hostname":"localhost"},"msg":"incoming request"}
{"level":30,"time":1791480215544,"pid":1222768,"hostname":"wina-LOQ-16IRH8","reqId":"req-1l","res":{"statusCode":404},"responseTime":0.7788600000000088,"msg":"request completed"}
{"level":30,"time":1791480215544,"pid":1222768,"hostname":"wina-LOQ-16IRH8","reqId":"req-1m","req":{"method":"POST","url":"/v1/gsc/jobs/824c3295-0903-4f65-8da7-5f5387766775/retry","hostname":"localhost"},"msg":"incoming request"}
{"level":30,"time":1791480215545,"pid":1222768,"hostname":"wina-LOQ-16IRH8","reqId":"req-1m","res":{"statusCode":404},"responseTime":1.1967089999999416,"msg":"request completed"}
{"level":30,"time":1791480215545,"pid":1222768,"hostname":"wina-LOQ-16IRH8","reqId":"req-1n","req":{"method":"POST","url":"/v1/gsc/jobs/6dbcac13-d393-4e53-83f5-efb3fce92a6d/retry","hostname":"localhost"},"msg":"incoming request"}
{"level":30,"time":1791480215546,"pid":1222768,"hostname":"wina-LOQ-16IRH8","reqId":"req-1n","res":{"statusCode":404},"responseTime":1.1403220000000829,"msg":"request completed"}
{"level":30,"time":1791480215548,"pid":1222768,"hostname":"wina-LOQ-16IRH8","reqId":"req-1o","req":{"method":"DELETE","url":"/v1/gsc/connections/d9a1a98a-e8bb-40ee-8c1b-3ed9d4ab9b68","hostname":"localhost"},"msg":"incoming request"}
  ✔ returns uniform 404s to a foreign tenant on every GSC surface (18.400612ms)
{"level":30,"time":1791480215553,"pid":1222768,"hostname":"wina-LOQ-16IRH8","reqId":"req-1o","res":{"statusCode":200},"responseTime":5.268353999999931,"msg":"request completed"}
{"level":30,"time":1791480215554,"pid":1222768,"hostname":"wina-LOQ-16IRH8","reqId":"req-1p","req":{"method":"POST","url":"/v1/projects/e82536c5-b081-4f1d-b182-bcbfd42ebf90/gsc/sync","hostname":"localhost"},"msg":"incoming request"}
{"level":30,"time":1791480215560,"pid":1222768,"hostname":"wina-LOQ-16IRH8","reqId":"req-1p","res":{"statusCode":404},"responseTime":6.278341000000069,"msg":"request completed"}
  ✔ disconnect revokes both tokens at Google and erases local material (12.721783ms)
{"level":30,"time":1791480215561,"pid":1222768,"hostname":"wina-LOQ-16IRH8","reqId":"req-1q","req":{"method":"POST","url":"/v1/gsc/oauth/authorize","hostname":"localhost"},"msg":"incoming request"}
{"level":30,"time":1791480215563,"pid":1222768,"hostname":"wina-LOQ-16IRH8","reqId":"req-1q","res":{"statusCode":200},"responseTime":2.489157999999975,"msg":"request completed"}
{"level":30,"time":1791480215564,"pid":1222768,"hostname":"wina-LOQ-16IRH8","reqId":"req-1r","req":{"method":"GET","url":"/v1/gsc/oauth/callback","hostname":"localhost"},"msg":"incoming request"}
{"level":30,"time":1791480215565,"pid":1222768,"hostname":"wina-LOQ-16IRH8","reqId":"req-1r","res":{"statusCode":200},"responseTime":1.5886890000000449,"msg":"request completed"}
{"level":30,"time":1791480215565,"pid":1222768,"hostname":"wina-LOQ-16IRH8","reqId":"req-1s","req":{"method":"POST","url":"/v1/projects/e82536c5-b081-4f1d-b182-bcbfd42ebf90/gsc/connections","hostname":"localhost"},"msg":"incoming request"}
{"level":30,"time":1791480215568,"pid":1222768,"hostname":"wina-LOQ-16IRH8","reqId":"req-1s","res":{"statusCode":201},"responseTime":2.3919949999999517,"msg":"request completed"}
{"level":30,"time":1791480215568,"pid":1222768,"hostname":"wina-LOQ-16IRH8","reqId":"req-1t","req":{"method":"POST","url":"/v1/projects/e82536c5-b081-4f1d-b182-bcbfd42ebf90/gsc/connections","hostname":"localhost"},"msg":"incoming request"}
{"level":30,"time":1791480215570,"pid":1222768,"hostname":"wina-LOQ-16IRH8","reqId":"req-1t","res":{"statusCode":409},"responseTime":2.671442999999954,"msg":"request completed"}
  ✔ reconnects a disconnected property (revives the UNIQUE slot) and still refuses active duplicates (10.08178ms)
{"level":30,"time":1791480215572,"pid":1222768,"hostname":"wina-LOQ-16IRH8","reqId":"req-1u","req":{"method":"POST","url":"/v1/projects/e82536c5-b081-4f1d-b182-bcbfd42ebf90/gsc/connections","hostname":"localhost"},"msg":"incoming request"}
{"level":30,"time":1791480215574,"pid":1222768,"hostname":"wina-LOQ-16IRH8","reqId":"req-1u","res":{"statusCode":400},"responseTime":1.7905700000000024,"msg":"request completed"}
{"level":30,"time":1791480215574,"pid":1222768,"hostname":"wina-LOQ-16IRH8","reqId":"req-1v","req":{"method":"POST","url":"/v1/projects/e82536c5-b081-4f1d-b182-bcbfd42ebf90/gsc/connections","hostname":"localhost"},"msg":"incoming request"}
{"level":30,"time":1791480215577,"pid":1222768,"hostname":"wina-LOQ-16IRH8","reqId":"req-1v","res":{"statusCode":409},"responseTime":2.534053999999969,"msg":"request completed"}
  ✔ checks the current grant and fails closed on an additional active property (6.747967ms)
{"level":30,"time":1791480215578,"pid":1222768,"hostname":"wina-LOQ-16IRH8","reqId":"req-1w","req":{"method":"POST","url":"/v1/projects/e82536c5-b081-4f1d-b182-bcbfd42ebf90/gsc/connections","hostname":"localhost"},"msg":"incoming request"}
{"level":30,"time":1791480215580,"pid":1222768,"hostname":"wina-LOQ-16IRH8","reqId":"req-1w","res":{"statusCode":409},"responseTime":1.6721360000000232,"msg":"request completed"}
  ✔ refuses to associate a property when no grant is stored (2.496933ms)
{"level":30,"time":1791480215592,"pid":1222768,"hostname":"wina-LOQ-16IRH8","driver":"postgres","role":"serpvera_app","msg":"store driver: postgres — persistence + RLS enforced"}
✔ GSC live routes (real PostgreSQL, scripted Google wire) (457.914657ms)
{"level":40,"time":1791480215604,"pid":1222768,"hostname":"wina-LOQ-16IRH8","driver":"memory","msg":"store driver: MEMORY — no persistence (test/fixture use only; set STORE_DRIVER=postgres for durable runs)"}
▶ GSC BLOCKED surfaces — explicit, never fabricated
  ✔ without Google client configuration the API answers GSC_NOT_CONFIGURED (11.90953ms)
  ✔ without the PostgreSQL store the API answers GSC_STORE_UNAVAILABLE (8.413932ms)
✔ GSC BLOCKED surfaces — explicit, never fabricated (20.550189ms)
{"level":30,"time":1791480215602,"pid":1222768,"hostname":"wina-LOQ-16IRH8","reqId":"req-1","req":{"method":"GET","url":"/v1/gsc/oauth/callback","hostname":"localhost"},"msg":"incoming request"}
{"level":30,"time":1791480215603,"pid":1222768,"hostname":"wina-LOQ-16IRH8","reqId":"req-1","res":{"statusCode":503},"responseTime":0.1772049999999581,"msg":"request completed"}
{"level":30,"time":1791480215611,"pid":1222768,"hostname":"wina-LOQ-16IRH8","reqId":"req-1","req":{"method":"GET","url":"/v1/gsc/oauth/callback","hostname":"localhost"},"msg":"incoming request"}
{"level":30,"time":1791480215611,"pid":1222768,"hostname":"wina-LOQ-16IRH8","reqId":"req-1","res":{"statusCode":501},"responseTime":0.19317399999999907,"msg":"request completed"}
▶ GSC token envelope encryption
  ✔ round-trips a refresh token without exposing it in the payload (1.282621ms)
  ✔ uses a fresh IV per encryption (identical plaintext ≠ identical ciphertext) (0.307611ms)
  ✔ rejects tampered ciphertext, tag and version (0.712956ms)
  ✔ refuses a different key (rotation invalidates old envelopes) (0.274709ms)
  ✔ domain-separates the derived key from raw AUTH_SECRET (0.191381ms)
  ✔ fails closed on empty secret or non-32-byte keys (0.164831ms)
  ✔ describes secrets for logs without leaking the value (0.176513ms)
✔ GSC token envelope encryption (4.072778ms)
▶ GSC wire — error classification (retry decided once, here)
  ✔ maps status codes to typed, retry-classified failures (1.131857ms)
✔ GSC wire — error classification (retry decided once, here) (1.851454ms)
▶ GSC wire — OAuth token endpoints
  ✔ exchanges a code with the PKCE verifier and parses the token response (18.103121ms)
  ✔ accepts a refresh response without a rotated refresh token (0.382933ms)
  ✔ fails explicitly when an authorization response has no refresh token (1.366569ms)
  ✔ classifies invalid_grant as UNAUTHORIZED (revoked refresh token) (0.398392ms)
  ✔ posts revocation to Google's revoke endpoint and swallows non-network errors (0.370148ms)
✔ GSC wire — OAuth token endpoints (20.97978ms)
▶ GSC wire — Search Console endpoints
  ✔ lists sites with their permission levels (0.554607ms)
  ✔ requests all five dimensions and parses Google's keys arrays (0.585646ms)
  ✔ surfaces transport failures as retryable NETWORK errors (0.218623ms)
✔ GSC wire — Search Console endpoints (1.614848ms)
▶ GSC-005 ingestion — happy path and idempotency
  ✔ persists validated rows, completes the job and records freshness (3.670708ms)
  ✔ keeps completed attempts immutable and replaces the window on a fresh sync (0.820008ms)
  ✔ only one concurrent request fetches a shared in-flight window (0.673351ms)
  ✔ atomically replaces a window (Google revises PRELIMINARY data) (0.700643ms)
  ✔ fails without persisting when results exceed the cap (9.908282ms)
  ✔ accepts exactly the row cap only after an empty sentinel page (1.212138ms)
  ✔ accepts a short final page below the cap without skipping the empty terminator (0.453316ms)
✔ GSC-005 ingestion — happy path and idempotency (18.474271ms)
▶ GSC-005 ingestion — pagination and honest aggregation
  ✔ walks every page and merges drifted duplicates impression-weighted (0.510363ms)
  ✔ keeps zero-impression rows finite (no NaN anywhere) (0.122131ms)
✔ GSC-005 ingestion — pagination and honest aggregation (0.804769ms)
▶ GSC-005 ingestion — credentials, retries and quota
  ✔ reports CREDENTIALS_REQUIRED and invents nothing when no grant exists (0.433498ms)
  ✔ retries classified-transient failures with exponential backoff, then succeeds (0.604541ms)
  ✔ gives up after maxAttempts and schedules the next attempt (FAILED, retryable) (0.49304ms)
  ✔ does not retry non-retryable failures and schedules nothing (0.299696ms)
  ✔ treats every impossible row class as a protocol violation before persistence (1.09684ms)
  ✔ cools quota exhaustion down harder than an ordinary transient error (0.092976ms)
  ✔ classifies which stored jobs may be retried (0.150734ms)
✔ GSC-005 ingestion — credentials, retries and quota (3.381633ms)
▶ incremental synchronization windows
  ✔ first sync: a bounded lookback ending yesterday (today is never complete) (0.202773ms)
  ✔ later syncs re-cover Google's revision window from the last sync (0.088788ms)
  ✔ clamps to the lookback floor and never emits a future or inverted window (1.129973ms)
✔ incremental synchronization windows (1.529226ms)
▶ GSC-006 1 — high impressions / low CTR
  ✔ claims only visibility that is not being chosen, with a CTR gate (6.617521ms)
✔ GSC-006 1 — high impressions / low CTR (7.406329ms)
▶ GSC-006 2 — ranking opportunity windows
  ✔ claims positions inside 6–15 and gates them to the target position (0.379347ms)
✔ GSC-006 2 — ranking opportunity windows (0.519901ms)
▶ GSC-006 3 — page/query decay
  ✔ claims relative impression collapse and gates recovery to the baseline level (0.407459ms)
  ✔ stays silent on drift below the decay threshold and on unmeasured baselines (0.201771ms)
✔ GSC-006 3 — page/query decay (0.752861ms)
▶ GSC-006 4 — query cannibalization evidence
  ✔ claims one query split across qualifying pages and gates consolidated clicks (0.364688ms)
✔ GSC-006 4 — query cannibalization evidence (0.478533ms)
▶ GSC-006 5 — emerging queries
  ✔ claims pairs absent from the baseline and gates the growth target (0.326176ms)
✔ GSC-006 5 — emerging queries (0.446673ms)
▶ GSC-006 6 — winners / losers
  ✔ labels both directions from click deltas and gates each appropriately (0.461922ms)
✔ GSC-006 6 — winners / losers (0.531643ms)
▶ GSC-006 7 — page/query intersections
  ✔ claims pages with multiple measured queries and gates aggregate clicks (0.37073ms)
✔ GSC-006 7 — page/query intersections (0.444128ms)
▶ GSC-006 8 — pre/post intervention comparison
  ✔ measures one subject across both windows and stays silent without data (0.335223ms)
✔ GSC-006 8 — pre/post intervention comparison (0.410976ms)
▶ GSC-006 cross-cutting determinism and helpers
  ✔ returns byte-identical output for identical input (no clock, no model) (0.469336ms)
  ✔ is input-order independent (metamorphic: shuffling rows changes nothing) (0.591145ms)
  ✔ is clock-free: runs at different wall-clock instants are identical (6.220973ms)
  ✔ declares the comparison-window contract per module honestly (0.219815ms)
  ✔ yields nothing from nothing — every module, both directions (0.117753ms)
  ✔ derives stable rule ids that separate subjects (0.2279ms)
  ✔ summarizes tables with the same arithmetic as the gates (weighted, derived) (0.21186ms)
✔ GSC-006 cross-cutting determinism and helpers (8.323451ms)
▶ GSC-001 OAuth security
  ✔ binds state to its tenant and detects any tampering via the stored hash (1.101659ms)
  ✔ recovers the tenant scope only from well-formed states (0.305997ms)
  ✔ enforces single-use and expiry when a state is claimed (0.922551ms)
  ✔ refuses expired states and foreign-tenant claims identically to unknown states (0.219464ms)
  ✔ derives the PKCE challenge per RFC 7636 (S256) and keeps the verifier server-side (0.230615ms)
  ✔ builds a consent URL with PKCE + offline access and NO secret material (0.417678ms)
✔ GSC-001 OAuth security (4.229914ms)
▶ GSC-002 token lifecycle
  ✔ returns a fresh token without a refresh round trip (1.550176ms)
  ✔ refreshes an expired token and persists ONLY the rotated ciphertext (0.628406ms)
  ✔ keeps the old refresh token when Google does not rotate it (0.373996ms)
  ✔ refreshes inside the expiry skew so an in-flight call cannot race expiry (0.156496ms)
  ✔ treats a revoked refresh token (invalid_grant) exactly like no grant (0.636742ms)
  ✔ reports missing credentials explicitly (BLOCKED path, never fabricated) (0.110469ms)
  ✔ disconnect revokes BOTH tokens at Google and erases local material (0.401768ms)
  ✔ erases local material even when Google revocation fails, and surfaces the failure (0.407259ms)
  ✔ erases local material when EVERY revocation fails (the unreachable-endpoint case) (0.309324ms)
  ✔ treats disconnect without a credential as a no-op (0.087645ms)
  ✔ describes credentials for logs without ever revealing token material (0.235505ms)
✔ GSC-002 token lifecycle (5.336924ms)
▶ GSC scaffold
  ✔ runs a fixture adapter through validation and the persistence port (1.171712ms)
  ✔ rejects invalid fixture metrics before persistence (0.392491ms)
  ✔ reports missing live credentials explicitly instead of inventing data (0.20639ms)
✔ GSC scaffold (2.654831ms)
{"level":30,"time":1791480216852,"pid":1222825,"hostname":"wina-LOQ-16IRH8","driver":"postgres","role":"serpvera_app","msg":"store driver: postgres — persistence + RLS enforced"}
▶ production configuration and store selection
  ✔ rejects an unknown NODE_ENV instead of treating it as development (0.778209ms)
  ✔ rejects unknown store drivers and memory storage in production (0.298663ms)
  ✔ rejects an explicitly supplied memory store in production (0.305317ms)
  ✔ rejects database readiness test overrides in production (0.178186ms)
  ✔ rejects the readiness override through production buildApp configuration (244.387814ms)
✔ production configuration and store selection (247.313807ms)
▶ readiness state
  ✔ only reports ready when config, database, and required schema checks are ready (0.335092ms)
  ✔ verifies both patch lifecycle and tenant-safe finding evidence schema markers (0.724418ms)
  ✔ requires every patch status from migration 0014 (0.306308ms)
  ✔ requires recorded migrations through the latest known migration (0.387291ms)
  ✔ reports pending when PostgreSQL is reachable but exactly one required marker is missing (0.425313ms)
  ✔ reports catalog query failures as unavailable schema checks without throwing (0.602407ms)
{"level":40,"time":1791480216892,"pid":1222825,"hostname":"wina-LOQ-16IRH8","driver":"memory","msg":"store driver: MEMORY — no persistence (test/fixture use only; set STORE_DRIVER=postgres for durable runs)"}
  ✔ returns 503 when PostgreSQL is reachable but one required schema marker is missing (79.006679ms)
{"level":30,"time":1791480216903,"pid":1222825,"hostname":"wina-LOQ-16IRH8","driver":"postgres","role":"serpvera_app","msg":"store driver: postgres — persistence + RLS enforced"}
  ✔ keeps liveness independent and reports local memory readiness explicitly (10.912658ms)
{"level":30,"time":1791480216888,"pid":1222825,"hostname":"wina-LOQ-16IRH8","reqId":"req-1","req":{"method":"GET","url":"/ready","hostname":"localhost"},"msg":"incoming request"}
{"level":30,"time":1791480216890,"pid":1222825,"hostname":"wina-LOQ-16IRH8","reqId":"req-1","res":{"statusCode":503},"responseTime":2.5471979999999803,"msg":"request completed"}
{"level":30,"time":1791480216901,"pid":1222825,"hostname":"wina-LOQ-16IRH8","reqId":"req-1","req":{"method":"GET","url":"/health","hostname":"localhost"},"msg":"incoming request"}
{"level":30,"time":1791480216902,"pid":1222825,"hostname":"wina-LOQ-16IRH8","reqId":"req-1","res":{"statusCode":200},"responseTime":0.3150839999999562,"msg":"request completed"}
{"level":30,"time":1791480216902,"pid":1222825,"hostname":"wina-LOQ-16IRH8","reqId":"req-2","req":{"method":"GET","url":"/ready","hostname":"localhost"},"msg":"incoming request"}
{"level":30,"time":1791480216902,"pid":1222825,"hostname":"wina-LOQ-16IRH8","reqId":"req-2","res":{"statusCode":200},"responseTime":0.1723859999999604,"msg":"request completed"}
{"level":30,"time":1791480216913,"pid":1222825,"hostname":"wina-LOQ-16IRH8","reqId":"req-1","req":{"method":"GET","url":"/ready","hostname":"localhost"},"msg":"incoming request"}
  ✔ returns 503 from readiness when PostgreSQL cannot be reached (13.726549ms)
✔ readiness state (107.012411ms)
{"level":30,"time":1791480216916,"pid":1222825,"hostname":"wina-LOQ-16IRH8","reqId":"req-1","res":{"statusCode":503},"responseTime":3.1956120000000965,"msg":"request completed"}
{"level":40,"time":1791480217212,"pid":1222845,"hostname":"wina-LOQ-16IRH8","driver":"memory","msg":"store driver: MEMORY — no persistence (test/fixture use only; set STORE_DRIVER=postgres for durable runs)"}
{"level":30,"time":1791480217243,"pid":1222845,"hostname":"wina-LOQ-16IRH8","reqId":"req-1","req":{"method":"POST","url":"/v1/auth/register","hostname":"localhost"},"msg":"incoming request"}
{"timestamp":"2026-10-08T17:23:37.284Z","level":"info","message":"User registered","context":{"userId":"938af6de-b631-4a23-860c-de950e90c698"}}
{"level":30,"time":1791480217286,"pid":1222845,"hostname":"wina-LOQ-16IRH8","reqId":"req-1","res":{"statusCode":201},"responseTime":42.05426,"msg":"request completed"}
{"timestamp":"2026-10-08T17:23:37.287Z","level":"info","message":"Organization created","organizationId":"e1938500-a4d6-483f-bbfc-04bfa2790092","context":{"organizationId":"e1938500-a4d6-483f-bbfc-04bfa2790092","userId":"938af6de-b631-4a23-860c-de950e90c698"}}
{"level":30,"time":1791480217286,"pid":1222845,"hostname":"wina-LOQ-16IRH8","reqId":"req-2","req":{"method":"POST","url":"/v1/organizations","hostname":"localhost"},"msg":"incoming request"}
{"level":30,"time":1791480217288,"pid":1222845,"hostname":"wina-LOQ-16IRH8","reqId":"req-2","res":{"statusCode":201},"responseTime":1.354015000000004,"msg":"request completed"}
{"level":30,"time":1791480217288,"pid":1222845,"hostname":"wina-LOQ-16IRH8","reqId":"req-3","req":{"method":"POST","url":"/v1/organizations","hostname":"localhost"},"msg":"incoming request"}
{"timestamp":"2026-10-08T17:23:37.289Z","level":"info","message":"Organization created","organizationId":"66a7f544-43d0-44cf-bd3b-13a56ab4d851","context":{"organizationId":"66a7f544-43d0-44cf-bd3b-13a56ab4d851","userId":"938af6de-b631-4a23-860c-de950e90c698"}}
{"level":30,"time":1791480217289,"pid":1222845,"hostname":"wina-LOQ-16IRH8","reqId":"req-3","res":{"statusCode":201},"responseTime":0.842189000000019,"msg":"request completed"}
{"level":30,"time":1791480217289,"pid":1222845,"hostname":"wina-LOQ-16IRH8","reqId":"req-4","req":{"method":"POST","url":"/v1/projects","hostname":"localhost"},"msg":"incoming request"}
{"level":30,"time":1791480217290,"pid":1222845,"hostname":"wina-LOQ-16IRH8","reqId":"req-4","res":{"statusCode":400},"responseTime":1.0125610000000052,"msg":"request completed"}
{"level":30,"time":1791480217290,"pid":1222845,"hostname":"wina-LOQ-16IRH8","reqId":"req-5","req":{"method":"POST","url":"/v1/projects","hostname":"localhost"},"msg":"incoming request"}
{"level":30,"time":1791480217294,"pid":1222845,"hostname":"wina-LOQ-16IRH8","reqId":"req-5","res":{"statusCode":201},"responseTime":3.9552249999999844,"msg":"request completed"}
{"level":30,"time":1791480217294,"pid":1222845,"hostname":"wina-LOQ-16IRH8","reqId":"req-6","req":{"method":"POST","url":"/v1/projects","hostname":"localhost"},"msg":"incoming request"}
{"level":30,"time":1791480217295,"pid":1222845,"hostname":"wina-LOQ-16IRH8","reqId":"req-6","res":{"statusCode":200},"responseTime":0.5233180000000175,"msg":"request completed"}
{"level":30,"time":1791480217295,"pid":1222845,"hostname":"wina-LOQ-16IRH8","reqId":"req-7","req":{"method":"POST","url":"/v1/projects","hostname":"localhost"},"msg":"incoming request"}
{"level":30,"time":1791480217296,"pid":1222845,"hostname":"wina-LOQ-16IRH8","reqId":"req-7","res":{"statusCode":409},"responseTime":0.47963599999997086,"msg":"request completed"}
{"level":30,"time":1791480217296,"pid":1222845,"hostname":"wina-LOQ-16IRH8","reqId":"req-8","req":{"method":"POST","url":"/v1/projects","hostname":"localhost"},"msg":"incoming request"}
{"level":30,"time":1791480217296,"pid":1222845,"hostname":"wina-LOQ-16IRH8","reqId":"req-8","res":{"statusCode":201},"responseTime":0.5277259999999728,"msg":"request completed"}
{"level":30,"time":1791480217296,"pid":1222845,"hostname":"wina-LOQ-16IRH8","reqId":"req-9","req":{"method":"POST","url":"/v1/projects","hostname":"localhost"},"msg":"incoming request"}
▶ project creation idempotency (memory adapter)
  ✔ retries a common workspace slug and replays projects by tenant and payload (58.942186ms)
✔ project creation idempotency (memory adapter) (126.570709ms)
{"level":30,"time":1791480217297,"pid":1222845,"hostname":"wina-LOQ-16IRH8","reqId":"req-9","res":{"statusCode":201},"responseTime":0.5280159999999796,"msg":"request completed"}
{"level":40,"time":1791480217589,"pid":1222857,"hostname":"wina-LOQ-16IRH8","driver":"memory","msg":"store driver: MEMORY — no persistence (test/fixture use only; set STORE_DRIVER=postgres for durable runs)"}
▶ rate-limit unit semantics
  ✔ allows exactly N requests per window, then rejects with retryAfter (0.755266ms)
  ✔ windows reset after the interval (0.144233ms)
  ✔ tracks IPs independently (0.139964ms)
  ✔ keeps operation scopes independent for one IP (0.121479ms)
  ✔ loopback is exempt (operator/dev) and cannot be exhausted (0.162136ms)
  ✔ isLoopback recognises the loopback forms (0.101632ms)
✔ rate-limit unit semantics (2.367108ms)
{"level":30,"time":1791480217623,"pid":1222857,"hostname":"wina-LOQ-16IRH8","reqId":"req-1","req":{"method":"POST","url":"/v1/auth/register","hostname":"localhost"},"msg":"incoming request"}
{"timestamp":"2026-10-08T17:23:37.664Z","level":"info","message":"User registered","context":{"userId":"5034ac3c-ff64-4bb3-a910-d7adc500dbb5"}}
{"level":30,"time":1791480217666,"pid":1222857,"hostname":"wina-LOQ-16IRH8","reqId":"req-1","res":{"statusCode":201},"responseTime":42.757587,"msg":"request completed"}
{"level":30,"time":1791480217667,"pid":1222857,"hostname":"wina-LOQ-16IRH8","reqId":"req-2","req":{"method":"POST","url":"/v1/auth/register","hostname":"localhost"},"msg":"incoming request"}
{"timestamp":"2026-10-08T17:23:37.701Z","level":"info","message":"User registered","context":{"userId":"60e8c9df-6f04-43da-8edf-8c76c01c7079"}}
{"level":30,"time":1791480217702,"pid":1222857,"hostname":"wina-LOQ-16IRH8","reqId":"req-2","res":{"statusCode":201},"responseTime":34.704296,"msg":"request completed"}
{"level":30,"time":1791480217702,"pid":1222857,"hostname":"wina-LOQ-16IRH8","reqId":"req-3","req":{"method":"POST","url":"/v1/auth/register","hostname":"localhost"},"msg":"incoming request"}
{"timestamp":"2026-10-08T17:23:37.737Z","level":"info","message":"User registered","context":{"userId":"bb6e859b-6e01-4145-b982-c7b91ed574f7"}}
{"level":30,"time":1791480217737,"pid":1222857,"hostname":"wina-LOQ-16IRH8","reqId":"req-3","res":{"statusCode":201},"responseTime":35.37973099999999,"msg":"request completed"}
{"level":30,"time":1791480217738,"pid":1222857,"hostname":"wina-LOQ-16IRH8","reqId":"req-4","req":{"method":"POST","url":"/v1/auth/register","hostname":"localhost"},"msg":"incoming request"}
{"timestamp":"2026-10-08T17:23:37.771Z","level":"info","message":"User registered","context":{"userId":"f1c87c9e-b0a5-443b-884a-19d7f7434619"}}
{"level":30,"time":1791480217772,"pid":1222857,"hostname":"wina-LOQ-16IRH8","reqId":"req-4","res":{"statusCode":201},"responseTime":33.79574100000002,"msg":"request completed"}
{"level":30,"time":1791480217772,"pid":1222857,"hostname":"wina-LOQ-16IRH8","reqId":"req-5","req":{"method":"POST","url":"/v1/auth/register","hostname":"localhost"},"msg":"incoming request"}
{"timestamp":"2026-10-08T17:23:37.798Z","level":"info","message":"User registered","context":{"userId":"e696f2d9-285e-45b1-82d8-6c44de4a807f"}}
{"level":30,"time":1791480217799,"pid":1222857,"hostname":"wina-LOQ-16IRH8","reqId":"req-5","res":{"statusCode":201},"responseTime":26.69725199999999,"msg":"request completed"}
{"level":30,"time":1791480217799,"pid":1222857,"hostname":"wina-LOQ-16IRH8","reqId":"req-6","req":{"method":"POST","url":"/v1/auth/register","hostname":"localhost"},"msg":"incoming request"}
{"timestamp":"2026-10-08T17:23:37.825Z","level":"info","message":"User registered","context":{"userId":"cc49da8c-115f-4eda-a3e9-2184158fd331"}}
{"level":30,"time":1791480217825,"pid":1222857,"hostname":"wina-LOQ-16IRH8","reqId":"req-6","res":{"statusCode":201},"responseTime":26.350937999999985,"msg":"request completed"}
{"level":30,"time":1791480217826,"pid":1222857,"hostname":"wina-LOQ-16IRH8","reqId":"req-7","req":{"method":"POST","url":"/v1/auth/register","hostname":"localhost"},"msg":"incoming request"}
{"level":30,"time":1791480217826,"pid":1222857,"hostname":"wina-LOQ-16IRH8","reqId":"req-7","res":{"statusCode":429},"responseTime":0.34182600000002594,"msg":"request completed"}
{"level":30,"time":1791480217826,"pid":1222857,"hostname":"wina-LOQ-16IRH8","reqId":"req-8","req":{"method":"POST","url":"/v1/auth/login","hostname":"localhost"},"msg":"incoming request"}
{"level":30,"time":1791480217859,"pid":1222857,"hostname":"wina-LOQ-16IRH8","reqId":"req-8","res":{"statusCode":200},"responseTime":32.94576599999999,"msg":"request completed"}
{"level":30,"time":1791480217860,"pid":1222857,"hostname":"wina-LOQ-16IRH8","reqId":"req-9","req":{"method":"POST","url":"/v1/auth/login","hostname":"localhost"},"msg":"incoming request"}
{"level":30,"time":1791480217886,"pid":1222857,"hostname":"wina-LOQ-16IRH8","reqId":"req-9","res":{"statusCode":401},"responseTime":26.492815999999948,"msg":"request completed"}
{"level":30,"time":1791480217887,"pid":1222857,"hostname":"wina-LOQ-16IRH8","reqId":"req-a","req":{"method":"POST","url":"/v1/auth/login","hostname":"localhost"},"msg":"incoming request"}
{"level":30,"time":1791480217914,"pid":1222857,"hostname":"wina-LOQ-16IRH8","reqId":"req-a","res":{"statusCode":401},"responseTime":26.876531,"msg":"request completed"}
{"level":30,"time":1791480217914,"pid":1222857,"hostname":"wina-LOQ-16IRH8","reqId":"req-b","req":{"method":"POST","url":"/v1/auth/login","hostname":"localhost"},"msg":"incoming request"}
{"level":30,"time":1791480217942,"pid":1222857,"hostname":"wina-LOQ-16IRH8","reqId":"req-b","res":{"statusCode":401},"responseTime":27.624792999999954,"msg":"request completed"}
{"level":30,"time":1791480217942,"pid":1222857,"hostname":"wina-LOQ-16IRH8","reqId":"req-c","req":{"method":"POST","url":"/v1/auth/login","hostname":"localhost"},"msg":"incoming request"}
{"level":30,"time":1791480217968,"pid":1222857,"hostname":"wina-LOQ-16IRH8","reqId":"req-c","res":{"statusCode":401},"responseTime":25.64448500000003,"msg":"request completed"}
{"level":30,"time":1791480217968,"pid":1222857,"hostname":"wina-LOQ-16IRH8","reqId":"req-d","req":{"method":"POST","url":"/v1/auth/login","hostname":"localhost"},"msg":"incoming request"}
{"level":30,"time":1791480217995,"pid":1222857,"hostname":"wina-LOQ-16IRH8","reqId":"req-d","res":{"statusCode":401},"responseTime":26.47615499999995,"msg":"request completed"}
{"level":30,"time":1791480217995,"pid":1222857,"hostname":"wina-LOQ-16IRH8","reqId":"req-e","req":{"method":"POST","url":"/v1/auth/login","hostname":"localhost"},"msg":"incoming request"}
{"level":30,"time":1791480218021,"pid":1222857,"hostname":"wina-LOQ-16IRH8","reqId":"req-e","res":{"statusCode":401},"responseTime":26.523053000000004,"msg":"request completed"}
{"level":30,"time":1791480218022,"pid":1222857,"hostname":"wina-LOQ-16IRH8","reqId":"req-f","req":{"method":"POST","url":"/v1/auth/login","hostname":"localhost"},"msg":"incoming request"}
{"level":30,"time":1791480218048,"pid":1222857,"hostname":"wina-LOQ-16IRH8","reqId":"req-f","res":{"statusCode":401},"responseTime":26.43545800000004,"msg":"request completed"}
{"level":30,"time":1791480218048,"pid":1222857,"hostname":"wina-LOQ-16IRH8","reqId":"req-g","req":{"method":"POST","url":"/v1/auth/login","hostname":"localhost"},"msg":"incoming request"}
{"level":30,"time":1791480218075,"pid":1222857,"hostname":"wina-LOQ-16IRH8","reqId":"req-g","res":{"statusCode":401},"responseTime":26.900105000000053,"msg":"request completed"}
{"level":30,"time":1791480218076,"pid":1222857,"hostname":"wina-LOQ-16IRH8","reqId":"req-h","req":{"method":"POST","url":"/v1/auth/login","hostname":"localhost"},"msg":"incoming request"}
{"level":30,"time":1791480218102,"pid":1222857,"hostname":"wina-LOQ-16IRH8","reqId":"req-h","res":{"statusCode":401},"responseTime":26.61475699999994,"msg":"request completed"}
{"level":30,"time":1791480218103,"pid":1222857,"hostname":"wina-LOQ-16IRH8","reqId":"req-i","req":{"method":"POST","url":"/v1/auth/login","hostname":"localhost"},"msg":"incoming request"}
{"level":30,"time":1791480218129,"pid":1222857,"hostname":"wina-LOQ-16IRH8","reqId":"req-i","res":{"statusCode":401},"responseTime":25.98164200000008,"msg":"request completed"}
{"level":30,"time":1791480218129,"pid":1222857,"hostname":"wina-LOQ-16IRH8","reqId":"req-j","req":{"method":"POST","url":"/v1/auth/login","hostname":"localhost"},"msg":"incoming request"}
{"level":30,"time":1791480218157,"pid":1222857,"hostname":"wina-LOQ-16IRH8","reqId":"req-j","res":{"statusCode":401},"responseTime":28.312911999999983,"msg":"request completed"}
{"level":30,"time":1791480218158,"pid":1222857,"hostname":"wina-LOQ-16IRH8","reqId":"req-k","req":{"method":"POST","url":"/v1/auth/login","hostname":"localhost"},"msg":"incoming request"}
{"level":30,"time":1791480218184,"pid":1222857,"hostname":"wina-LOQ-16IRH8","reqId":"req-k","res":{"statusCode":401},"responseTime":26.088983999999982,"msg":"request completed"}
{"level":30,"time":1791480218184,"pid":1222857,"hostname":"wina-LOQ-16IRH8","reqId":"req-l","req":{"method":"POST","url":"/v1/auth/login","hostname":"localhost"},"msg":"incoming request"}
{"level":30,"time":1791480218209,"pid":1222857,"hostname":"wina-LOQ-16IRH8","reqId":"req-l","res":{"statusCode":401},"responseTime":25.225464999999986,"msg":"request completed"}
{"level":30,"time":1791480218210,"pid":1222857,"hostname":"wina-LOQ-16IRH8","reqId":"req-m","req":{"method":"POST","url":"/v1/auth/login","hostname":"localhost"},"msg":"incoming request"}
{"level":30,"time":1791480218237,"pid":1222857,"hostname":"wina-LOQ-16IRH8","reqId":"req-m","res":{"statusCode":401},"responseTime":27.570560999999998,"msg":"request completed"}
{"level":30,"time":1791480218238,"pid":1222857,"hostname":"wina-LOQ-16IRH8","reqId":"req-n","req":{"method":"POST","url":"/v1/auth/login","hostname":"localhost"},"msg":"incoming request"}
{"level":30,"time":1791480218264,"pid":1222857,"hostname":"wina-LOQ-16IRH8","reqId":"req-n","res":{"statusCode":401},"responseTime":26.753618999999958,"msg":"request completed"}
{"level":30,"time":1791480218265,"pid":1222857,"hostname":"wina-LOQ-16IRH8","reqId":"req-o","req":{"method":"POST","url":"/v1/auth/login","hostname":"localhost"},"msg":"incoming request"}
{"level":30,"time":1791480218291,"pid":1222857,"hostname":"wina-LOQ-16IRH8","reqId":"req-o","res":{"statusCode":401},"responseTime":26.009703999999942,"msg":"request completed"}
{"level":30,"time":1791480218291,"pid":1222857,"hostname":"wina-LOQ-16IRH8","reqId":"req-p","req":{"method":"POST","url":"/v1/auth/login","hostname":"localhost"},"msg":"incoming request"}
{"level":30,"time":1791480218316,"pid":1222857,"hostname":"wina-LOQ-16IRH8","reqId":"req-p","res":{"statusCode":401},"responseTime":25.447303000000034,"msg":"request completed"}
{"level":30,"time":1791480218317,"pid":1222857,"hostname":"wina-LOQ-16IRH8","reqId":"req-q","req":{"method":"POST","url":"/v1/auth/login","hostname":"localhost"},"msg":"incoming request"}
{"level":30,"time":1791480218342,"pid":1222857,"hostname":"wina-LOQ-16IRH8","reqId":"req-q","res":{"statusCode":401},"responseTime":25.562640999999985,"msg":"request completed"}
{"level":30,"time":1791480218343,"pid":1222857,"hostname":"wina-LOQ-16IRH8","reqId":"req-r","req":{"method":"POST","url":"/v1/auth/login","hostname":"localhost"},"msg":"incoming request"}
{"level":30,"time":1791480218369,"pid":1222857,"hostname":"wina-LOQ-16IRH8","reqId":"req-r","res":{"statusCode":401},"responseTime":26.06819500000006,"msg":"request completed"}
{"level":40,"time":1791480218371,"pid":1222857,"hostname":"wina-LOQ-16IRH8","driver":"memory","msg":"store driver: MEMORY — no persistence (test/fixture use only; set STORE_DRIVER=postgres for durable runs)"}
▶ authentication rate limits on real Fastify routes
  ✔ throttles register and login by IP using separate scopes (821.10265ms)
✔ authentication rate limits on real Fastify routes (821.34648ms)
{"level":30,"time":1791480218369,"pid":1222857,"hostname":"wina-LOQ-16IRH8","reqId":"req-s","req":{"method":"POST","url":"/v1/auth/login","hostname":"localhost"},"msg":"incoming request"}
{"level":30,"time":1791480218369,"pid":1222857,"hostname":"wina-LOQ-16IRH8","reqId":"req-s","res":{"statusCode":429},"responseTime":0.2627350000000206,"msg":"request completed"}
{"level":30,"time":1791480218382,"pid":1222857,"hostname":"wina-LOQ-16IRH8","reqId":"req-1","req":{"method":"POST","url":"/v1/public-scans","hostname":"localhost"},"msg":"incoming request"}
{"timestamp":"2026-10-08T17:23:38.384Z","level":"warn","message":"Public scan rejected by SSRF guard","context":{"jobType":"public-scan","error":"SSRF blocked: IPv4 loopback (127.0.0.0/8) (https://127.0.0.1/)"}}
{"level":30,"time":1791480218384,"pid":1222857,"hostname":"wina-LOQ-16IRH8","reqId":"req-1","res":{"statusCode":400},"responseTime":1.3306220000001758,"msg":"request completed"}
{"level":30,"time":1791480218384,"pid":1222857,"hostname":"wina-LOQ-16IRH8","reqId":"req-2","req":{"method":"POST","url":"/v1/public-scans","hostname":"localhost"},"msg":"incoming request"}
{"timestamp":"2026-10-08T17:23:38.384Z","level":"warn","message":"Public scan rejected by SSRF guard","context":{"jobType":"public-scan","error":"SSRF blocked: IPv4 loopback (127.0.0.0/8) (https://127.0.0.1/)"}}
{"level":30,"time":1791480218384,"pid":1222857,"hostname":"wina-LOQ-16IRH8","reqId":"req-2","res":{"statusCode":400},"responseTime":0.6279850000000806,"msg":"request completed"}
{"level":30,"time":1791480218385,"pid":1222857,"hostname":"wina-LOQ-16IRH8","reqId":"req-3","req":{"method":"POST","url":"/v1/public-scans","hostname":"localhost"},"msg":"incoming request"}
{"timestamp":"2026-10-08T17:23:38.385Z","level":"warn","message":"Public scan rejected by SSRF guard","context":{"jobType":"public-scan","error":"SSRF blocked: IPv4 loopback (127.0.0.0/8) (https://127.0.0.1/)"}}
{"level":30,"time":1791480218385,"pid":1222857,"hostname":"wina-LOQ-16IRH8","reqId":"req-3","res":{"statusCode":400},"responseTime":0.4271969999999783,"msg":"request completed"}
{"level":30,"time":1791480218385,"pid":1222857,"hostname":"wina-LOQ-16IRH8","reqId":"req-4","req":{"method":"POST","url":"/v1/public-scans","hostname":"localhost"},"msg":"incoming request"}
{"timestamp":"2026-10-08T17:23:38.386Z","level":"warn","message":"Public scan rejected by SSRF guard","context":{"jobType":"public-scan","error":"SSRF blocked: IPv4 loopback (127.0.0.0/8) (https://127.0.0.1/)"}}
{"level":30,"time":1791480218386,"pid":1222857,"hostname":"wina-LOQ-16IRH8","reqId":"req-4","res":{"statusCode":400},"responseTime":0.48652900000001864,"msg":"request completed"}
{"level":30,"time":1791480218386,"pid":1222857,"hostname":"wina-LOQ-16IRH8","reqId":"req-5","req":{"method":"POST","url":"/v1/public-scans","hostname":"localhost"},"msg":"incoming request"}
{"timestamp":"2026-10-08T17:23:38.386Z","level":"warn","message":"Public scan rejected by SSRF guard","context":{"jobType":"public-scan","error":"SSRF blocked: IPv4 loopback (127.0.0.0/8) (https://127.0.0.1/)"}}
{"level":30,"time":1791480218386,"pid":1222857,"hostname":"wina-LOQ-16IRH8","reqId":"req-5","res":{"statusCode":400},"responseTime":0.4342189999999846,"msg":"request completed"}
{"level":30,"time":1791480218386,"pid":1222857,"hostname":"wina-LOQ-16IRH8","reqId":"req-6","req":{"method":"POST","url":"/v1/public-scans","hostname":"localhost"},"msg":"incoming request"}
{"timestamp":"2026-10-08T17:23:38.392Z","level":"info","message":"Scan completed","traceId":"1f48a513-86f5-449b-bafb-417bd415dc6a","context":{"jobType":"public-scan","traceId":"1f48a513-86f5-449b-bafb-417bd415dc6a","domain":"https://nonexistent-limit-test.example/","status":"completed","findingCount":1,"httpStatus":200}}
{"level":30,"time":1791480218390,"pid":1222857,"hostname":"wina-LOQ-16IRH8","reqId":"req-6","res":{"statusCode":201},"responseTime":3.5706700000000637,"msg":"request completed"}
{"level":30,"time":1791480218392,"pid":1222857,"hostname":"wina-LOQ-16IRH8","reqId":"req-7","req":{"method":"POST","url":"/v1/public-scans","hostname":"localhost"},"msg":"incoming request"}
{"timestamp":"2026-10-08T17:23:38.393Z","level":"info","message":"Scan completed","traceId":"3da62fde-9450-40a2-8d56-c8ba581df9cd","context":{"jobType":"public-scan","traceId":"3da62fde-9450-40a2-8d56-c8ba581df9cd","domain":"https://nonexistent-limit-test.example/","status":"completed","findingCount":1,"httpStatus":200}}
{"level":30,"time":1791480218392,"pid":1222857,"hostname":"wina-LOQ-16IRH8","reqId":"req-7","res":{"statusCode":201},"responseTime":0.4826310000000831,"msg":"request completed"}
{"level":30,"time":1791480218393,"pid":1222857,"hostname":"wina-LOQ-16IRH8","reqId":"req-8","req":{"method":"POST","url":"/v1/public-scans","hostname":"localhost"},"msg":"incoming request"}
{"timestamp":"2026-10-08T17:23:38.394Z","level":"info","message":"Scan completed","traceId":"d5eb5225-e36b-40ed-ae67-23bb8153da8c","context":{"jobType":"public-scan","traceId":"d5eb5225-e36b-40ed-ae67-23bb8153da8c","domain":"https://nonexistent-limit-test.example/","status":"completed","findingCount":1,"httpStatus":200}}
{"level":30,"time":1791480218393,"pid":1222857,"hostname":"wina-LOQ-16IRH8","reqId":"req-8","res":{"statusCode":201},"responseTime":0.35844700000006924,"msg":"request completed"}
{"level":30,"time":1791480218394,"pid":1222857,"hostname":"wina-LOQ-16IRH8","reqId":"req-9","req":{"method":"POST","url":"/v1/public-scans","hostname":"localhost"},"msg":"incoming request"}
{"timestamp":"2026-10-08T17:23:38.394Z","level":"info","message":"Scan completed","traceId":"c3f29f31-c5d8-4f86-8088-f698173042db","context":{"jobType":"public-scan","traceId":"c3f29f31-c5d8-4f86-8088-f698173042db","domain":"https://nonexistent-limit-test.example/","status":"completed","findingCount":1,"httpStatus":200}}
{"level":30,"time":1791480218394,"pid":1222857,"hostname":"wina-LOQ-16IRH8","reqId":"req-9","res":{"statusCode":201},"responseTime":0.3114580000001297,"msg":"request completed"}
{"level":30,"time":1791480218394,"pid":1222857,"hostname":"wina-LOQ-16IRH8","reqId":"req-a","req":{"method":"POST","url":"/v1/public-scans","hostname":"localhost"},"msg":"incoming request"}
{"timestamp":"2026-10-08T17:23:38.395Z","level":"info","message":"Scan completed","traceId":"f9a04e19-8a19-4cc1-9191-d9f07612a642","context":{"jobType":"public-scan","traceId":"f9a04e19-8a19-4cc1-9191-d9f07612a642","domain":"https://nonexistent-limit-test.example/","status":"completed","findingCount":1,"httpStatus":200}}
{"level":30,"time":1791480218395,"pid":1222857,"hostname":"wina-LOQ-16IRH8","reqId":"req-a","res":{"statusCode":201},"responseTime":0.3134719999998197,"msg":"request completed"}
{"level":30,"time":1791480218395,"pid":1222857,"hostname":"wina-LOQ-16IRH8","reqId":"req-b","req":{"method":"POST","url":"/v1/public-scans","hostname":"localhost"},"msg":"incoming request"}
{"timestamp":"2026-10-08T17:23:38.395Z","level":"info","message":"Scan completed","traceId":"80412e17-dc25-4773-a493-3170be7899ed","context":{"jobType":"public-scan","traceId":"80412e17-dc25-4773-a493-3170be7899ed","domain":"https://nonexistent-limit-test.example/","status":"completed","findingCount":1,"httpStatus":200}}
{"level":30,"time":1791480218395,"pid":1222857,"hostname":"wina-LOQ-16IRH8","reqId":"req-b","res":{"statusCode":201},"responseTime":0.3234810000001289,"msg":"request completed"}
{"level":30,"time":1791480218395,"pid":1222857,"hostname":"wina-LOQ-16IRH8","reqId":"req-c","req":{"method":"POST","url":"/v1/public-scans","hostname":"localhost"},"msg":"incoming request"}
{"timestamp":"2026-10-08T17:23:38.396Z","level":"info","message":"Scan completed","traceId":"3d3accb6-9617-44e6-9c74-44b6c2074f2f","context":{"jobType":"public-scan","traceId":"3d3accb6-9617-44e6-9c74-44b6c2074f2f","domain":"https://nonexistent-limit-test.example/","status":"completed","findingCount":1,"httpStatus":200}}
{"level":30,"time":1791480218396,"pid":1222857,"hostname":"wina-LOQ-16IRH8","reqId":"req-c","res":{"statusCode":201},"responseTime":0.29603900000006433,"msg":"request completed"}
{"level":30,"time":1791480218396,"pid":1222857,"hostname":"wina-LOQ-16IRH8","reqId":"req-d","req":{"method":"POST","url":"/v1/public-scans","hostname":"localhost"},"msg":"incoming request"}
{"timestamp":"2026-10-08T17:23:38.396Z","level":"info","message":"Scan completed","traceId":"99e21b70-7c09-46f4-b950-641579461f0b","context":{"jobType":"public-scan","traceId":"99e21b70-7c09-46f4-b950-641579461f0b","domain":"https://nonexistent-limit-test.example/","status":"completed","findingCount":1,"httpStatus":200}}
{"level":30,"time":1791480218396,"pid":1222857,"hostname":"wina-LOQ-16IRH8","reqId":"req-d","res":{"statusCode":201},"responseTime":0.28982699999983197,"msg":"request completed"}
{"level":30,"time":1791480218396,"pid":1222857,"hostname":"wina-LOQ-16IRH8","reqId":"req-e","req":{"method":"POST","url":"/v1/public-scans","hostname":"localhost"},"msg":"incoming request"}
{"timestamp":"2026-10-08T17:23:38.397Z","level":"info","message":"Scan completed","traceId":"64fcb7d9-1b2b-4e79-8061-e4430c50679c","context":{"jobType":"public-scan","traceId":"64fcb7d9-1b2b-4e79-8061-e4430c50679c","domain":"https://nonexistent-limit-test.example/","status":"completed","findingCount":1,"httpStatus":200}}
{"level":30,"time":1791480218397,"pid":1222857,"hostname":"wina-LOQ-16IRH8","reqId":"req-e","res":{"statusCode":201},"responseTime":0.2756810000000769,"msg":"request completed"}
{"level":30,"time":1791480218397,"pid":1222857,"hostname":"wina-LOQ-16IRH8","reqId":"req-f","req":{"method":"POST","url":"/v1/public-scans","hostname":"localhost"},"msg":"incoming request"}
{"timestamp":"2026-10-08T17:23:38.397Z","level":"info","message":"Scan completed","traceId":"bb17b7b9-3f24-4fdb-8308-fae71b0f0ef1","context":{"jobType":"public-scan","traceId":"bb17b7b9-3f24-4fdb-8308-fae71b0f0ef1","domain":"https://nonexistent-limit-test.example/","status":"completed","findingCount":1,"httpStatus":200}}
{"level":30,"time":1791480218397,"pid":1222857,"hostname":"wina-LOQ-16IRH8","reqId":"req-f","res":{"statusCode":201},"responseTime":0.30867299999999886,"msg":"request completed"}
{"level":30,"time":1791480218397,"pid":1222857,"hostname":"wina-LOQ-16IRH8","reqId":"req-g","req":{"method":"POST","url":"/v1/public-scans","hostname":"localhost"},"msg":"incoming request"}
{"level":30,"time":1791480218398,"pid":1222857,"hostname":"wina-LOQ-16IRH8","reqId":"req-g","res":{"statusCode":429},"responseTime":0.2777040000000852,"msg":"request completed"}
{"level":30,"time":1791480218398,"pid":1222857,"hostname":"wina-LOQ-16IRH8","reqId":"req-h","req":{"method":"POST","url":"/v1/public-scans","hostname":"localhost"},"msg":"incoming request"}
{"timestamp":"2026-10-08T17:23:38.398Z","level":"info","message":"Scan completed","traceId":"b5bcc6e5-a930-475e-b188-b49c26d82e84","context":{"jobType":"public-scan","traceId":"b5bcc6e5-a930-475e-b188-b49c26d82e84","domain":"https://nonexistent-limit-test.example/","status":"completed","findingCount":1,"httpStatus":200}}
▶ rate limit enforced by the real POST /v1/public-scans route
  ✔ SSRF-rejected requests do NOT consume quota; created scans do; then 429 with Retry-After (27.974363ms)
✔ rate limit enforced by the real POST /v1/public-scans route (28.263008ms)
{"level":30,"time":1791480218398,"pid":1222857,"hostname":"wina-LOQ-16IRH8","reqId":"req-h","res":{"statusCode":201},"responseTime":0.28437700000017685,"msg":"request completed"}
▶ audit two-pass pipeline (deterministic fixtures)
  ✔ records an escalated rendered capture with a verifiable hash (7.00382ms)
  ✔ emits JS.SOURCE_RENDER_DIVERGENCE + evidence when rendered differs (0.643695ms)
  ✔ invokes the renderer for escalated fixtures and records failed capture honestly (0.274698ms)
  ✔ audits the exact submitted URL path rather than replacing it with the homepage (0.276272ms)
  ✔ marks rendered evidence unavailable instead of claiming a rendered check (0.343779ms)
  ✔ refuses injected HTTP fixtures under NODE_ENV=production (0.399514ms)
✔ audit two-pass pipeline (deterministic fixtures) (9.996038ms)
▶ request log privacy
  ✔ omits query parameters that may contain OAuth codes and state (0.956616ms)
  ✔ keeps useful path information when a request has no query string (0.137359ms)
✔ request log privacy (1.896089ms)
{"level":30,"time":1791480219097,"pid":1222885,"hostname":"wina-LOQ-16IRH8","driver":"postgres","role":"serpvera_app","msg":"store driver: postgres — persistence + RLS enforced"}
{"level":30,"time":1791480219131,"pid":1222885,"hostname":"wina-LOQ-16IRH8","reqId":"req-1","req":{"method":"POST","url":"/v1/auth/register","hostname":"localhost"},"msg":"incoming request"}
{"timestamp":"2026-10-08T17:23:39.186Z","level":"info","message":"User registered","context":{"userId":"aefc507e-7109-49e3-997b-48eff9377c00"}}
{"level":30,"time":1791480219188,"pid":1222885,"hostname":"wina-LOQ-16IRH8","reqId":"req-1","res":{"statusCode":201},"responseTime":57.031228999999996,"msg":"request completed"}
{"level":30,"time":1791480219189,"pid":1222885,"hostname":"wina-LOQ-16IRH8","reqId":"req-2","req":{"method":"GET","url":"/v1/auth/me","hostname":"localhost"},"msg":"incoming request"}
{"level":30,"time":1791480219191,"pid":1222885,"hostname":"wina-LOQ-16IRH8","reqId":"req-2","res":{"statusCode":200},"responseTime":2.1083099999999604,"msg":"request completed"}
{"level":30,"time":1791480219191,"pid":1222885,"hostname":"wina-LOQ-16IRH8","reqId":"req-3","req":{"method":"POST","url":"/v1/auth/logout","hostname":"localhost"},"msg":"incoming request"}
{"level":30,"time":1791480219192,"pid":1222885,"hostname":"wina-LOQ-16IRH8","reqId":"req-3","res":{"statusCode":200},"responseTime":1.2306629999999927,"msg":"request completed"}
{"level":30,"time":1791480219193,"pid":1222885,"hostname":"wina-LOQ-16IRH8","reqId":"req-4","req":{"method":"GET","url":"/v1/auth/me","hostname":"localhost"},"msg":"incoming request"}
{"level":30,"time":1791480219193,"pid":1222885,"hostname":"wina-LOQ-16IRH8","reqId":"req-4","res":{"statusCode":401},"responseTime":0.49631600000003573,"msg":"request completed"}
{"level":30,"time":1791480219196,"pid":1222885,"hostname":"wina-LOQ-16IRH8","reqId":"req-5","req":{"method":"POST","url":"/v1/auth/register","hostname":"localhost"},"msg":"incoming request"}
▶ server-side session revocation (real PostgreSQL)
  ✔ logout REVOKES the session server-side — the same cookie is rejected afterwards (69.395958ms)
{"timestamp":"2026-10-08T17:23:39.231Z","level":"info","message":"User registered","context":{"userId":"b09d5b50-56c9-4124-9120-ffa7d6298039"}}
{"level":30,"time":1791480219231,"pid":1222885,"hostname":"wina-LOQ-16IRH8","reqId":"req-5","res":{"statusCode":201},"responseTime":35.795826000000034,"msg":"request completed"}
{"level":30,"time":1791480219232,"pid":1222885,"hostname":"wina-LOQ-16IRH8","reqId":"req-6","req":{"method":"POST","url":"/v1/auth/login","hostname":"localhost"},"msg":"incoming request"}
{"level":30,"time":1791480219269,"pid":1222885,"hostname":"wina-LOQ-16IRH8","reqId":"req-6","res":{"statusCode":200},"responseTime":37.11417499999999,"msg":"request completed"}
{"level":30,"time":1791480219269,"pid":1222885,"hostname":"wina-LOQ-16IRH8","reqId":"req-7","req":{"method":"GET","url":"/v1/auth/me","hostname":"localhost"},"msg":"incoming request"}
{"level":30,"time":1791480219270,"pid":1222885,"hostname":"wina-LOQ-16IRH8","reqId":"req-7","res":{"statusCode":200},"responseTime":0.9269600000000082,"msg":"request completed"}
{"level":30,"time":1791480219271,"pid":1222885,"hostname":"wina-LOQ-16IRH8","reqId":"req-8","req":{"method":"GET","url":"/v1/auth/me","hostname":"localhost"},"msg":"incoming request"}
{"level":30,"time":1791480219271,"pid":1222885,"hostname":"wina-LOQ-16IRH8","reqId":"req-8","res":{"statusCode":200},"responseTime":0.8058709999999678,"msg":"request completed"}
{"level":30,"time":1791480219272,"pid":1222885,"hostname":"wina-LOQ-16IRH8","reqId":"req-9","req":{"method":"POST","url":"/v1/auth/logout-all","hostname":"localhost"},"msg":"incoming request"}
{"timestamp":"2026-10-08T17:23:39.273Z","level":"info","message":"All sessions revoked","context":{"userId":"b09d5b50-56c9-4124-9120-ffa7d6298039","revoked":2}}
{"level":30,"time":1791480219273,"pid":1222885,"hostname":"wina-LOQ-16IRH8","reqId":"req-9","res":{"statusCode":200},"responseTime":0.9890070000000151,"msg":"request completed"}
{"level":30,"time":1791480219273,"pid":1222885,"hostname":"wina-LOQ-16IRH8","reqId":"req-a","req":{"method":"GET","url":"/v1/auth/me","hostname":"localhost"},"msg":"incoming request"}
{"level":30,"time":1791480219274,"pid":1222885,"hostname":"wina-LOQ-16IRH8","reqId":"req-a","res":{"statusCode":401},"responseTime":0.6013449999999807,"msg":"request completed"}
{"level":30,"time":1791480219274,"pid":1222885,"hostname":"wina-LOQ-16IRH8","reqId":"req-b","req":{"method":"GET","url":"/v1/auth/me","hostname":"localhost"},"msg":"incoming request"}
{"level":30,"time":1791480219274,"pid":1222885,"hostname":"wina-LOQ-16IRH8","reqId":"req-b","res":{"statusCode":401},"responseTime":0.4495890000000031,"msg":"request completed"}
  ✔ logout-all revokes EVERY session of the user (79.122157ms)
{"level":30,"time":1791480219275,"pid":1222885,"hostname":"wina-LOQ-16IRH8","reqId":"req-c","req":{"method":"POST","url":"/v1/auth/register","hostname":"localhost"},"msg":"incoming request"}
{"timestamp":"2026-10-08T17:23:39.305Z","level":"info","message":"User registered","context":{"userId":"c049eae3-bb53-4f10-b2d1-bacad6c57b5a"}}
{"level":30,"time":1791480219306,"pid":1222885,"hostname":"wina-LOQ-16IRH8","reqId":"req-c","res":{"statusCode":201},"responseTime":30.804795000000013,"msg":"request completed"}
{"level":30,"time":1791480219306,"pid":1222885,"hostname":"wina-LOQ-16IRH8","reqId":"req-d","req":{"method":"POST","url":"/v1/organizations","hostname":"localhost"},"msg":"incoming request"}
{"timestamp":"2026-10-08T17:23:39.310Z","level":"info","message":"Organization created","organizationId":"0e07a9bd-59d5-4271-a489-d89e947790d5","context":{"organizationId":"0e07a9bd-59d5-4271-a489-d89e947790d5","userId":"c049eae3-bb53-4f10-b2d1-bacad6c57b5a"}}
{"level":30,"time":1791480219310,"pid":1222885,"hostname":"wina-LOQ-16IRH8","reqId":"req-d","res":{"statusCode":201},"responseTime":3.8327050000000327,"msg":"request completed"}
{"level":30,"time":1791480219310,"pid":1222885,"hostname":"wina-LOQ-16IRH8","reqId":"req-e","req":{"method":"POST","url":"/v1/auth/select-organization","hostname":"localhost"},"msg":"incoming request"}
{"timestamp":"2026-10-08T17:23:39.313Z","level":"info","message":"Organization selected","organizationId":"0e07a9bd-59d5-4271-a489-d89e947790d5","context":{"userId":"c049eae3-bb53-4f10-b2d1-bacad6c57b5a","organizationId":"0e07a9bd-59d5-4271-a489-d89e947790d5"}}
{"level":30,"time":1791480219313,"pid":1222885,"hostname":"wina-LOQ-16IRH8","reqId":"req-e","res":{"statusCode":200},"responseTime":3.1735499999999774,"msg":"request completed"}
{"level":30,"time":1791480219313,"pid":1222885,"hostname":"wina-LOQ-16IRH8","reqId":"req-f","req":{"method":"GET","url":"/v1/auth/me","hostname":"localhost"},"msg":"incoming request"}
{"level":30,"time":1791480219314,"pid":1222885,"hostname":"wina-LOQ-16IRH8","reqId":"req-f","res":{"statusCode":401},"responseTime":0.430121999999983,"msg":"request completed"}
{"level":30,"time":1791480219314,"pid":1222885,"hostname":"wina-LOQ-16IRH8","reqId":"req-g","req":{"method":"GET","url":"/v1/auth/me","hostname":"localhost"},"msg":"incoming request"}
{"level":30,"time":1791480219315,"pid":1222885,"hostname":"wina-LOQ-16IRH8","reqId":"req-g","res":{"statusCode":200},"responseTime":0.8000200000000177,"msg":"request completed"}
{"level":30,"time":1791480219315,"pid":1222885,"hostname":"wina-LOQ-16IRH8","reqId":"req-h","req":{"method":"POST","url":"/v1/projects","hostname":"localhost"},"msg":"incoming request"}
{"level":30,"time":1791480219323,"pid":1222885,"hostname":"wina-LOQ-16IRH8","reqId":"req-h","res":{"statusCode":201},"responseTime":7.730262000000039,"msg":"request completed"}
  ✔ select-organization ROTATES the token — old cookie dies, new one carries the tenant (48.31676ms)
{"level":30,"time":1791480219323,"pid":1222885,"hostname":"wina-LOQ-16IRH8","reqId":"req-i","req":{"method":"POST","url":"/v1/auth/register","hostname":"localhost"},"msg":"incoming request"}
{"timestamp":"2026-10-08T17:23:39.351Z","level":"info","message":"User registered","context":{"userId":"acfa157e-1a5b-4597-806b-c0afd334dde3"}}
{"level":30,"time":1791480219351,"pid":1222885,"hostname":"wina-LOQ-16IRH8","reqId":"req-i","res":{"statusCode":201},"responseTime":27.938034000000016,"msg":"request completed"}
{"level":30,"time":1791480219352,"pid":1222885,"hostname":"wina-LOQ-16IRH8","reqId":"req-j","req":{"method":"GET","url":"/v1/auth/me","hostname":"localhost"},"msg":"incoming request"}
{"level":30,"time":1791480219352,"pid":1222885,"hostname":"wina-LOQ-16IRH8","reqId":"req-j","res":{"statusCode":200},"responseTime":0.7441749999999274,"msg":"request completed"}
{"level":30,"time":1791480219353,"pid":1222885,"hostname":"wina-LOQ-16IRH8","reqId":"req-k","req":{"method":"GET","url":"/v1/auth/me","hostname":"localhost"},"msg":"incoming request"}
{"level":30,"time":1791480219354,"pid":1222885,"hostname":"wina-LOQ-16IRH8","reqId":"req-k","res":{"statusCode":401},"responseTime":0.39839199999994435,"msg":"request completed"}
  ✔ an EXPIRED session is rejected server-side even though the cookie is still present (30.799134ms)
✔ server-side session revocation (real PostgreSQL) (317.122643ms)
{"level":40,"time":1791480230005,"pid":1222923,"hostname":"wina-LOQ-16IRH8","driver":"memory","msg":"store driver: MEMORY — no persistence (test/fixture use only; set STORE_DRIVER=postgres for durable runs)"}
{"level":30,"time":1791480230077,"pid":1222923,"hostname":"wina-LOQ-16IRH8","reqId":"req-1","req":{"method":"POST","url":"/v1/public-scans","hostname":"localhost"},"msg":"incoming request"}
{"timestamp":"2026-10-08T17:23:50.086Z","level":"warn","message":"Public scan rejected by SSRF guard","context":{"jobType":"public-scan","error":"SSRF blocked: IPv4 loopback (127.0.0.0/8) (https://127.0.0.1/)"}}
{"level":30,"time":1791480230090,"pid":1222923,"hostname":"wina-LOQ-16IRH8","reqId":"req-1","res":{"statusCode":400},"responseTime":13.138108999999986,"msg":"request completed"}
{"level":30,"time":1791480230091,"pid":1222923,"hostname":"wina-LOQ-16IRH8","reqId":"req-2","req":{"method":"POST","url":"/v1/public-scans","hostname":"localhost"},"msg":"incoming request"}
{"timestamp":"2026-10-08T17:23:50.092Z","level":"warn","message":"Public scan rejected by SSRF guard","context":{"jobType":"public-scan","error":"SSRF blocked: IPv4 loopback (127.0.0.0/8) (https://127.0.0.1:8080/)"}}
{"level":30,"time":1791480230093,"pid":1222923,"hostname":"wina-LOQ-16IRH8","reqId":"req-2","res":{"statusCode":400},"responseTime":1.875509999999963,"msg":"request completed"}
{"level":30,"time":1791480230093,"pid":1222923,"hostname":"wina-LOQ-16IRH8","reqId":"req-3","req":{"method":"POST","url":"/v1/public-scans","hostname":"localhost"},"msg":"incoming request"}
{"timestamp":"2026-10-08T17:23:50.094Z","level":"warn","message":"Public scan rejected by SSRF guard","context":{"jobType":"public-scan","error":"SSRF blocked: IPv4 loopback (127.0.0.0/8) (http://127.0.0.1:8080/admin)"}}
{"level":30,"time":1791480230094,"pid":1222923,"hostname":"wina-LOQ-16IRH8","reqId":"req-3","res":{"statusCode":400},"responseTime":1.14072299999998,"msg":"request completed"}
{"level":30,"time":1791480230095,"pid":1222923,"hostname":"wina-LOQ-16IRH8","reqId":"req-4","req":{"method":"POST","url":"/v1/public-scans","hostname":"localhost"},"msg":"incoming request"}
{"timestamp":"2026-10-08T17:23:50.095Z","level":"warn","message":"Public scan rejected by SSRF guard","context":{"jobType":"public-scan","error":"SSRF blocked: Blocked hostname: localhost (https://localhost/)"}}
{"level":30,"time":1791480230096,"pid":1222923,"hostname":"wina-LOQ-16IRH8","reqId":"req-4","res":{"statusCode":400},"responseTime":1.0061789999999746,"msg":"request completed"}
{"level":30,"time":1791480230096,"pid":1222923,"hostname":"wina-LOQ-16IRH8","reqId":"req-5","req":{"method":"POST","url":"/v1/public-scans","hostname":"localhost"},"msg":"incoming request"}
{"timestamp":"2026-10-08T17:23:50.097Z","level":"warn","message":"Public scan rejected by SSRF guard","context":{"jobType":"public-scan","error":"SSRF blocked: RFC1918 Class A (10.0.0.0/8) (https://10.0.0.1/)"}}
{"level":30,"time":1791480230097,"pid":1222923,"hostname":"wina-LOQ-16IRH8","reqId":"req-5","res":{"statusCode":400},"responseTime":1.0713220000000092,"msg":"request completed"}
{"level":30,"time":1791480230098,"pid":1222923,"hostname":"wina-LOQ-16IRH8","reqId":"req-6","req":{"method":"POST","url":"/v1/public-scans","hostname":"localhost"},"msg":"incoming request"}
{"timestamp":"2026-10-08T17:23:50.098Z","level":"warn","message":"Public scan rejected by SSRF guard","context":{"jobType":"public-scan","error":"SSRF blocked: RFC1918 Class C (192.168.0.0/16) (https://192.168.1.1/)"}}
{"level":30,"time":1791480230099,"pid":1222923,"hostname":"wina-LOQ-16IRH8","reqId":"req-6","res":{"statusCode":400},"responseTime":0.9755210000000716,"msg":"request completed"}
{"level":30,"time":1791480230099,"pid":1222923,"hostname":"wina-LOQ-16IRH8","reqId":"req-7","req":{"method":"POST","url":"/v1/public-scans","hostname":"localhost"},"msg":"incoming request"}
{"timestamp":"2026-10-08T17:23:50.099Z","level":"warn","message":"Public scan rejected by SSRF guard","context":{"jobType":"public-scan","error":"SSRF blocked: RFC1918 Class B (172.16.0.0/12) (https://172.16.0.1/)"}}
{"level":30,"time":1791480230100,"pid":1222923,"hostname":"wina-LOQ-16IRH8","reqId":"req-7","res":{"statusCode":400},"responseTime":0.8834870000000592,"msg":"request completed"}
{"level":30,"time":1791480230100,"pid":1222923,"hostname":"wina-LOQ-16IRH8","reqId":"req-8","req":{"method":"POST","url":"/v1/public-scans","hostname":"localhost"},"msg":"incoming request"}
{"timestamp":"2026-10-08T17:23:50.101Z","level":"warn","message":"Public scan rejected by SSRF guard","context":{"jobType":"public-scan","error":"SSRF blocked: Blocked hostname: 169.254.169.254 (https://169.254.169.254/)"}}
{"level":30,"time":1791480230101,"pid":1222923,"hostname":"wina-LOQ-16IRH8","reqId":"req-8","res":{"statusCode":400},"responseTime":0.8733379999999897,"msg":"request completed"}
{"level":30,"time":1791480230101,"pid":1222923,"hostname":"wina-LOQ-16IRH8","reqId":"req-9","req":{"method":"POST","url":"/v1/public-scans","hostname":"localhost"},"msg":"incoming request"}
{"timestamp":"2026-10-08T17:23:50.102Z","level":"warn","message":"Public scan rejected by SSRF guard","context":{"jobType":"public-scan","error":"SSRF blocked: Unspecified (0.0.0.0/8) (https://0.0.0.0/)"}}
{"level":30,"time":1791480230102,"pid":1222923,"hostname":"wina-LOQ-16IRH8","reqId":"req-9","res":{"statusCode":400},"responseTime":0.9682679999999664,"msg":"request completed"}
{"level":30,"time":1791480230103,"pid":1222923,"hostname":"wina-LOQ-16IRH8","reqId":"req-a","req":{"method":"POST","url":"/v1/public-scans","hostname":"localhost"},"msg":"incoming request"}
{"timestamp":"2026-10-08T17:23:50.104Z","level":"warn","message":"Public scan rejected by SSRF guard","context":{"jobType":"public-scan","error":"SSRF blocked: CGNAT (100.64.0.0/10) (https://100.64.0.1/)"}}
{"level":30,"time":1791480230104,"pid":1222923,"hostname":"wina-LOQ-16IRH8","reqId":"req-a","res":{"statusCode":400},"responseTime":1.1807489999999916,"msg":"request completed"}
{"level":30,"time":1791480230104,"pid":1222923,"hostname":"wina-LOQ-16IRH8","reqId":"req-b","req":{"method":"POST","url":"/v1/public-scans","hostname":"localhost"},"msg":"incoming request"}
{"timestamp":"2026-10-08T17:23:50.105Z","level":"warn","message":"Public scan rejected by SSRF guard","context":{"jobType":"public-scan","error":"SSRF blocked: Multicast (224.0.0.0/4) (https://224.0.0.1/)"}}
▶ ssrf-integration
  ✔ rejects all SSRF payloads before any network request (40.389726ms)
{"level":30,"time":1791480230105,"pid":1222923,"hostname":"wina-LOQ-16IRH8","reqId":"req-b","res":{"statusCode":400},"responseTime":0.9499129999999241,"msg":"request completed"}
{"level":30,"time":1791480230107,"pid":1222923,"hostname":"wina-LOQ-16IRH8","reqId":"req-c","req":{"method":"POST","url":"/v1/public-scans","hostname":"localhost"},"msg":"incoming request"}
{"timestamp":"2026-10-08T17:23:50.119Z","level":"info","message":"Scan completed","traceId":"ec1a97f2-5691-4184-a145-87f7de937a03","context":{"jobType":"public-scan","traceId":"ec1a97f2-5691-4184-a145-87f7de937a03","domain":"https://example.com/","status":"completed","findingCount":1,"httpStatus":200}}
{"level":30,"time":1791480230116,"pid":1222923,"hostname":"wina-LOQ-16IRH8","reqId":"req-c","res":{"statusCode":201},"responseTime":8.42734699999994,"msg":"request completed"}
{"level":30,"time":1791480230120,"pid":1222923,"hostname":"wina-LOQ-16IRH8","reqId":"req-d","req":{"method":"POST","url":"/v1/public-scans","hostname":"localhost"},"msg":"incoming request"}
{"timestamp":"2026-10-08T17:23:50.122Z","level":"info","message":"Scan completed","traceId":"20df458d-7093-49e6-a3ba-6dd77687f953","context":{"jobType":"public-scan","traceId":"20df458d-7093-49e6-a3ba-6dd77687f953","domain":"https://www.github.com/","status":"completed","findingCount":1,"httpStatus":200}}
  ✔ accepts safe public domains (14.876329ms)
{"level":30,"time":1791480230120,"pid":1222923,"hostname":"wina-LOQ-16IRH8","reqId":"req-d","res":{"statusCode":201},"responseTime":0.7385440000000472,"msg":"request completed"}
{"level":30,"time":1791480230122,"pid":1222923,"hostname":"wina-LOQ-16IRH8","reqId":"req-e","req":{"method":"POST","url":"/v1/public-scans","hostname":"localhost"},"msg":"incoming request"}
{"timestamp":"2026-10-08T17:23:50.124Z","level":"info","message":"Scan completed","traceId":"977eab59-6a3b-4bbf-b4af-34f939214e63","context":{"jobType":"public-scan","traceId":"977eab59-6a3b-4bbf-b4af-34f939214e63","domain":"https://www.github.com/features/actions?source=winseo","status":"completed","findingCount":2,"httpStatus":200}}
  ✔ accepts a complete public page URL and preserves its path and query (3.707358ms)
  ✔ scan status endpoint returns 404 for unknown scan (1.481587ms)
✔ ssrf-integration (206.705463ms)
{"level":30,"time":1791480230124,"pid":1222923,"hostname":"wina-LOQ-16IRH8","reqId":"req-e","res":{"statusCode":201},"responseTime":1.181018999999992,"msg":"request completed"}
{"level":30,"time":1791480230124,"pid":1222923,"hostname":"wina-LOQ-16IRH8","reqId":"req-f","req":{"method":"GET","url":"/v1/public-scans/759cff37-c93a-4a92-b13d-e847673c51f5","hostname":"localhost"},"msg":"incoming request"}
{"level":30,"time":1791480230125,"pid":1222923,"hostname":"wina-LOQ-16IRH8","reqId":"req-f","res":{"statusCode":200},"responseTime":1.1398510000000215,"msg":"request completed"}
{"level":30,"time":1791480230126,"pid":1222923,"hostname":"wina-LOQ-16IRH8","reqId":"req-g","req":{"method":"GET","url":"/v1/public-scans/00000000-0000-0000-0000-000000000000","hostname":"localhost"},"msg":"incoming request"}
{"level":30,"time":1791480230127,"pid":1222923,"hostname":"wina-LOQ-16IRH8","reqId":"req-g","res":{"statusCode":404},"responseTime":0.8014429999999493,"msg":"request completed"}
▶ memory-store evidence metadata privacy
  ✔ filters historical group keys from evidence list and finding detail (4.19596ms)
  ✔ does not return groups using the legacy raw-URL-only method (1.314802ms)
✔ memory-store evidence metadata privacy (7.315599ms)
▶ persisted crawl template group privacy
  ✔ keeps safe route summaries and redacts legacy summaries before returning them (3.384869ms)
  ✔ accepts privacy-singleton metadata only when it is truly a singleton (0.679192ms)
  ✔ rejects legacy URL-only IDs and accepts only versioned redacted singletons (0.837621ms)
✔ persisted crawl template group privacy (6.712891ms)
{"level":40,"time":1791480231208,"pid":1222953,"hostname":"wina-LOQ-16IRH8","driver":"memory","msg":"store driver: MEMORY — no persistence (test/fixture use only; set STORE_DRIVER=postgres for durable runs)"}
{"level":30,"time":1791480231240,"pid":1222953,"hostname":"wina-LOQ-16IRH8","reqId":"req-1","req":{"method":"POST","url":"/v1/auth/register","hostname":"localhost"},"msg":"incoming request"}
{"timestamp":"2026-10-08T17:23:51.281Z","level":"info","message":"User registered","context":{"userId":"fee08d20-835a-4e37-a823-d7505063b5f0"}}
{"level":30,"time":1791480231283,"pid":1222953,"hostname":"wina-LOQ-16IRH8","reqId":"req-1","res":{"statusCode":201},"responseTime":42.678466999999955,"msg":"request completed"}
{"level":30,"time":1791480231284,"pid":1222953,"hostname":"wina-LOQ-16IRH8","reqId":"req-2","req":{"method":"POST","url":"/v1/auth/register","hostname":"localhost"},"msg":"incoming request"}
{"timestamp":"2026-10-08T17:23:51.318Z","level":"info","message":"User registered","context":{"userId":"26bdbfbd-e69a-4bab-8728-ffbacae54dd5"}}
{"level":30,"time":1791480231318,"pid":1222953,"hostname":"wina-LOQ-16IRH8","reqId":"req-2","res":{"statusCode":201},"responseTime":34.79136900000003,"msg":"request completed"}
{"timestamp":"2026-10-08T17:23:51.320Z","level":"info","message":"Organization created","organizationId":"7c927a1a-a173-4d55-8b04-880507023ab9","context":{"organizationId":"7c927a1a-a173-4d55-8b04-880507023ab9","userId":"fee08d20-835a-4e37-a823-d7505063b5f0"}}
{"level":30,"time":1791480231319,"pid":1222953,"hostname":"wina-LOQ-16IRH8","reqId":"req-3","req":{"method":"POST","url":"/v1/organizations","hostname":"localhost"},"msg":"incoming request"}
{"level":30,"time":1791480231320,"pid":1222953,"hostname":"wina-LOQ-16IRH8","reqId":"req-3","res":{"statusCode":201},"responseTime":1.3076780000000099,"msg":"request completed"}
{"level":30,"time":1791480231321,"pid":1222953,"hostname":"wina-LOQ-16IRH8","reqId":"req-4","req":{"method":"POST","url":"/v1/organizations","hostname":"localhost"},"msg":"incoming request"}
{"timestamp":"2026-10-08T17:23:51.321Z","level":"info","message":"Organization created","organizationId":"716e1227-0c50-4d22-a9e6-230e1b6b0824","context":{"organizationId":"716e1227-0c50-4d22-a9e6-230e1b6b0824","userId":"26bdbfbd-e69a-4bab-8728-ffbacae54dd5"}}
▶ tenant-isolation
  ✔ user A cannot access user B's organization (87.727658ms)
  ✔ unauthenticated request cannot access organizations (0.674052ms)
{"level":30,"time":1791480231321,"pid":1222953,"hostname":"wina-LOQ-16IRH8","reqId":"req-4","res":{"statusCode":201},"responseTime":0.7832989999999427,"msg":"request completed"}
{"level":30,"time":1791480231322,"pid":1222953,"hostname":"wina-LOQ-16IRH8","reqId":"req-5","req":{"method":"GET","url":"/v1/organizations/7c927a1a-a173-4d55-8b04-880507023ab9","hostname":"localhost"},"msg":"incoming request"}
{"level":30,"time":1791480231322,"pid":1222953,"hostname":"wina-LOQ-16IRH8","reqId":"req-5","res":{"statusCode":404},"responseTime":0.6287570000000642,"msg":"request completed"}
{"level":30,"time":1791480231323,"pid":1222953,"hostname":"wina-LOQ-16IRH8","reqId":"req-6","req":{"method":"GET","url":"/v1/organizations/any-id","hostname":"localhost"},"msg":"incoming request"}
{"level":30,"time":1791480231324,"pid":1222953,"hostname":"wina-LOQ-16IRH8","reqId":"req-6","res":{"statusCode":401},"responseTime":0.21300299999995786,"msg":"request completed"}
{"level":30,"time":1791480231324,"pid":1222953,"hostname":"wina-LOQ-16IRH8","reqId":"req-7","req":{"method":"POST","url":"/v1/auth/register","hostname":"localhost"},"msg":"incoming request"}
{"timestamp":"2026-10-08T17:23:51.351Z","level":"info","message":"User registered","context":{"userId":"e01f46eb-298c-46e4-b60c-844d0d06ed82"}}
{"level":30,"time":1791480231351,"pid":1222953,"hostname":"wina-LOQ-16IRH8","reqId":"req-7","res":{"statusCode":201},"responseTime":27.16724899999997,"msg":"request completed"}
{"timestamp":"2026-10-08T17:23:51.352Z","level":"info","message":"Organization created","organizationId":"23c24aa5-76d0-4196-b09e-1cd51c55a87f","context":{"organizationId":"23c24aa5-76d0-4196-b09e-1cd51c55a87f","userId":"e01f46eb-298c-46e4-b60c-844d0d06ed82"}}
  ✔ cannot guess another user's organization ID (29.815087ms)
{"level":30,"time":1791480231352,"pid":1222953,"hostname":"wina-LOQ-16IRH8","reqId":"req-8","req":{"method":"POST","url":"/v1/organizations","hostname":"localhost"},"msg":"incoming request"}
{"level":30,"time":1791480231352,"pid":1222953,"hostname":"wina-LOQ-16IRH8","reqId":"req-8","res":{"statusCode":201},"responseTime":0.622955999999931,"msg":"request completed"}
{"level":30,"time":1791480231352,"pid":1222953,"hostname":"wina-LOQ-16IRH8","reqId":"req-9","req":{"method":"GET","url":"/v1/organizations/23c24aa5-76d0-4196-b09e-1cd51c55a87f","hostname":"localhost"},"msg":"incoming request"}
{"level":30,"time":1791480231353,"pid":1222953,"hostname":"wina-LOQ-16IRH8","reqId":"req-9","res":{"statusCode":200},"responseTime":0.6174350000000004,"msg":"request completed"}
{"level":30,"time":1791480231353,"pid":1222953,"hostname":"wina-LOQ-16IRH8","reqId":"req-a","req":{"method":"GET","url":"/v1/organizations/23c24aa5-76d0-4196-b09e-1cd51c55a87f","hostname":"localhost"},"msg":"incoming request"}
{"level":30,"time":1791480231354,"pid":1222953,"hostname":"wina-LOQ-16IRH8","reqId":"req-a","res":{"statusCode":401},"responseTime":0.16176500000005944,"msg":"request completed"}
{"level":30,"time":1791480231354,"pid":1222953,"hostname":"wina-LOQ-16IRH8","reqId":"req-b","req":{"method":"POST","url":"/v1/auth/register","hostname":"localhost"},"msg":"incoming request"}
{"timestamp":"2026-10-08T17:23:51.388Z","level":"info","message":"User registered","context":{"userId":"435d21b4-27e0-4440-8d8a-ce9856fc740e"}}
{"level":30,"time":1791480231389,"pid":1222953,"hostname":"wina-LOQ-16IRH8","reqId":"req-b","res":{"statusCode":201},"responseTime":34.68159200000002,"msg":"request completed"}
  ✔ auth/me returns logged-in user correctly (36.241286ms)
  ✔ auth/me without session returns 401 (0.560037ms)
{"level":30,"time":1791480231389,"pid":1222953,"hostname":"wina-LOQ-16IRH8","reqId":"req-c","req":{"method":"GET","url":"/v1/auth/me","hostname":"localhost"},"msg":"incoming request"}
{"level":30,"time":1791480231390,"pid":1222953,"hostname":"wina-LOQ-16IRH8","reqId":"req-c","res":{"statusCode":200},"responseTime":0.4442990000000009,"msg":"request completed"}
{"level":30,"time":1791480231390,"pid":1222953,"hostname":"wina-LOQ-16IRH8","reqId":"req-d","req":{"method":"GET","url":"/v1/auth/me","hostname":"localhost"},"msg":"incoming request"}
{"level":30,"time":1791480231390,"pid":1222953,"hostname":"wina-LOQ-16IRH8","reqId":"req-d","res":{"statusCode":401},"responseTime":0.15584400000000187,"msg":"request completed"}
{"level":30,"time":1791480231391,"pid":1222953,"hostname":"wina-LOQ-16IRH8","reqId":"req-e","req":{"method":"POST","url":"/v1/auth/register","hostname":"localhost"},"msg":"incoming request"}
{"timestamp":"2026-10-08T17:23:51.425Z","level":"info","message":"User registered","context":{"userId":"349df5d5-66f7-48a9-9845-621bf8235ffb"}}
{"level":30,"time":1791480231426,"pid":1222953,"hostname":"wina-LOQ-16IRH8","reqId":"req-e","res":{"statusCode":201},"responseTime":34.667236,"msg":"request completed"}
  ✔ logout clears session (35.864285ms)
✔ tenant-isolation (260.494049ms)
{"level":30,"time":1791480231426,"pid":1222953,"hostname":"wina-LOQ-16IRH8","reqId":"req-f","req":{"method":"POST","url":"/v1/auth/logout","hostname":"localhost"},"msg":"incoming request"}
{"level":30,"time":1791480231426,"pid":1222953,"hostname":"wina-LOQ-16IRH8","reqId":"req-f","res":{"statusCode":200},"responseTime":0.3403729999999996,"msg":"request completed"}
{"level":30,"time":1791480231724,"pid":1222965,"hostname":"wina-LOQ-16IRH8","driver":"postgres","role":"serpvera_app","msg":"store driver: postgres — persistence + RLS enforced"}
{"level":30,"time":1791480231757,"pid":1222965,"hostname":"wina-LOQ-16IRH8","reqId":"req-1","req":{"method":"POST","url":"/v1/auth/register","hostname":"localhost"},"msg":"incoming request"}
{"timestamp":"2026-10-08T17:23:51.809Z","level":"info","message":"User registered","context":{"userId":"857fece6-d117-4b7e-80ef-5484e8f9be65"}}
{"level":30,"time":1791480231812,"pid":1222965,"hostname":"wina-LOQ-16IRH8","reqId":"req-1","res":{"statusCode":201},"responseTime":54.21822800000001,"msg":"request completed"}
{"level":30,"time":1791480231812,"pid":1222965,"hostname":"wina-LOQ-16IRH8","reqId":"req-2","req":{"method":"POST","url":"/v1/organizations","hostname":"localhost"},"msg":"incoming request"}
{"timestamp":"2026-10-08T17:23:51.817Z","level":"info","message":"Organization created","organizationId":"c76c52c7-8d3b-4b4e-8263-c11ede8a21b3","context":{"organizationId":"c76c52c7-8d3b-4b4e-8263-c11ede8a21b3","userId":"857fece6-d117-4b7e-80ef-5484e8f9be65"}}
{"level":30,"time":1791480231817,"pid":1222965,"hostname":"wina-LOQ-16IRH8","reqId":"req-2","res":{"statusCode":201},"responseTime":5.01201999999995,"msg":"request completed"}
{"level":30,"time":1791480231818,"pid":1222965,"hostname":"wina-LOQ-16IRH8","reqId":"req-3","req":{"method":"POST","url":"/v1/auth/select-organization","hostname":"localhost"},"msg":"incoming request"}
{"timestamp":"2026-10-08T17:23:51.821Z","level":"info","message":"Organization selected","organizationId":"c76c52c7-8d3b-4b4e-8263-c11ede8a21b3","context":{"userId":"857fece6-d117-4b7e-80ef-5484e8f9be65","organizationId":"c76c52c7-8d3b-4b4e-8263-c11ede8a21b3"}}
{"level":30,"time":1791480231821,"pid":1222965,"hostname":"wina-LOQ-16IRH8","reqId":"req-3","res":{"statusCode":200},"responseTime":3.3153179999999907,"msg":"request completed"}
{"level":30,"time":1791480231821,"pid":1222965,"hostname":"wina-LOQ-16IRH8","reqId":"req-4","req":{"method":"POST","url":"/v1/projects","hostname":"localhost"},"msg":"incoming request"}
{"level":30,"time":1791480231829,"pid":1222965,"hostname":"wina-LOQ-16IRH8","reqId":"req-4","res":{"statusCode":201},"responseTime":7.838836000000015,"msg":"request completed"}
{"level":30,"time":1791480231830,"pid":1222965,"hostname":"wina-LOQ-16IRH8","reqId":"req-5","req":{"method":"POST","url":"/v1/projects/e53ee0d0-00ec-428b-adbd-f22a6e93ea40/crawl-runs","hostname":"localhost"},"msg":"incoming request"}
{"level":30,"time":1791480231839,"pid":1222965,"hostname":"wina-LOQ-16IRH8","reqId":"req-5","res":{"statusCode":201},"responseTime":9.498469,"msg":"request completed"}
{"timestamp":"2026-10-08T17:23:51.868Z","level":"info","message":"Project crawl completed","traceId":"1219585a-5192-4e49-9bb2-c7f9faf941e2","organizationId":"c76c52c7-8d3b-4b4e-8263-c11ede8a21b3","projectId":"e53ee0d0-00ec-428b-adbd-f22a6e93ea40","context":{"jobType":"project-crawl","traceId":"1219585a-5192-4e49-9bb2-c7f9faf941e2","organizationId":"c76c52c7-8d3b-4b4e-8263-c11ede8a21b3","projectId":"e53ee0d0-00ec-428b-adbd-f22a6e93ea40","status":"completed","pagesCrawled":2,"pagesFailed":0,"pageLimit":50,"findingCount":2}}
{"level":30,"time":1791480232352,"pid":1222965,"hostname":"wina-LOQ-16IRH8","reqId":"req-6","req":{"method":"GET","url":"/v1/projects/e53ee0d0-00ec-428b-adbd-f22a6e93ea40/findings","hostname":"localhost"},"msg":"incoming request"}
{"level":30,"time":1791480232358,"pid":1222965,"hostname":"wina-LOQ-16IRH8","reqId":"req-6","res":{"statusCode":200},"responseTime":6.171478999999977,"msg":"request completed"}
{"level":30,"time":1791480232358,"pid":1222965,"hostname":"wina-LOQ-16IRH8","reqId":"req-7","req":{"method":"GET","url":"/v1/projects/e53ee0d0-00ec-428b-adbd-f22a6e93ea40/evidence","hostname":"localhost"},"msg":"incoming request"}
{"level":30,"time":1791480232361,"pid":1222965,"hostname":"wina-LOQ-16IRH8","reqId":"req-7","res":{"statusCode":200},"responseTime":3.1226839999999356,"msg":"request completed"}
{"level":30,"time":1791480232362,"pid":1222965,"hostname":"wina-LOQ-16IRH8","reqId":"req-8","req":{"method":"GET","url":"/v1/projects/e53ee0d0-00ec-428b-adbd-f22a6e93ea40/crawl-runs","hostname":"localhost"},"msg":"incoming request"}
{"level":30,"time":1791480232365,"pid":1222965,"hostname":"wina-LOQ-16IRH8","reqId":"req-8","res":{"statusCode":200},"responseTime":3.5315959999999222,"msg":"request completed"}
{"level":30,"time":1791480232366,"pid":1222965,"hostname":"wina-LOQ-16IRH8","reqId":"req-9","req":{"method":"POST","url":"/v1/auth/register","hostname":"localhost"},"msg":"incoming request"}
{"timestamp":"2026-10-08T17:23:52.404Z","level":"info","message":"User registered","context":{"userId":"77311399-66cf-4182-9930-38a87a145dd1"}}
{"level":30,"time":1791480232404,"pid":1222965,"hostname":"wina-LOQ-16IRH8","reqId":"req-9","res":{"statusCode":201},"responseTime":38.464542999999935,"msg":"request completed"}
{"level":30,"time":1791480232405,"pid":1222965,"hostname":"wina-LOQ-16IRH8","reqId":"req-a","req":{"method":"POST","url":"/v1/organizations","hostname":"localhost"},"msg":"incoming request"}
{"timestamp":"2026-10-08T17:23:52.407Z","level":"info","message":"Organization created","organizationId":"780b2285-fd0a-46ee-8c51-1dbe98cad45d","context":{"organizationId":"780b2285-fd0a-46ee-8c51-1dbe98cad45d","userId":"77311399-66cf-4182-9930-38a87a145dd1"}}
{"level":30,"time":1791480232408,"pid":1222965,"hostname":"wina-LOQ-16IRH8","reqId":"req-a","res":{"statusCode":201},"responseTime":2.975234999999998,"msg":"request completed"}
{"level":30,"time":1791480232408,"pid":1222965,"hostname":"wina-LOQ-16IRH8","reqId":"req-b","req":{"method":"POST","url":"/v1/auth/select-organization","hostname":"localhost"},"msg":"incoming request"}
{"timestamp":"2026-10-08T17:23:52.410Z","level":"info","message":"Organization selected","organizationId":"780b2285-fd0a-46ee-8c51-1dbe98cad45d","context":{"userId":"77311399-66cf-4182-9930-38a87a145dd1","organizationId":"780b2285-fd0a-46ee-8c51-1dbe98cad45d"}}
{"level":30,"time":1791480232410,"pid":1222965,"hostname":"wina-LOQ-16IRH8","reqId":"req-b","res":{"statusCode":200},"responseTime":2.2577019999999948,"msg":"request completed"}
{"level":30,"time":1791480232411,"pid":1222965,"hostname":"wina-LOQ-16IRH8","reqId":"req-c","req":{"method":"GET","url":"/v1/projects","hostname":"localhost"},"msg":"incoming request"}
{"level":30,"time":1791480232413,"pid":1222965,"hostname":"wina-LOQ-16IRH8","reqId":"req-c","res":{"statusCode":200},"responseTime":2.206955999999991,"msg":"request completed"}
{"level":30,"time":1791480232413,"pid":1222965,"hostname":"wina-LOQ-16IRH8","reqId":"req-d","req":{"method":"GET","url":"/v1/projects","hostname":"localhost"},"msg":"incoming request"}
{"level":30,"time":1791480232415,"pid":1222965,"hostname":"wina-LOQ-16IRH8","reqId":"req-d","res":{"statusCode":200},"responseTime":1.4009439999999813,"msg":"request completed"}
▶ workspace/Evidence-Ledger endpoints (real PostgreSQL)
  ✔ GET /v1/projects lists only the active org's projects (4.69889ms)
{"level":30,"time":1791480232416,"pid":1222965,"hostname":"wina-LOQ-16IRH8","reqId":"req-e","req":{"method":"GET","url":"/v1/projects/e53ee0d0-00ec-428b-adbd-f22a6e93ea40/overview","hostname":"localhost"},"msg":"incoming request"}
{"level":30,"time":1791480232426,"pid":1222965,"hostname":"wina-LOQ-16IRH8","reqId":"req-e","res":{"statusCode":200},"responseTime":9.701973000000066,"msg":"request completed"}
  ✔ GET overview aggregates only persisted fixture-derived data (10.213258ms)
{"level":30,"time":1791480232426,"pid":1222965,"hostname":"wina-LOQ-16IRH8","reqId":"req-f","req":{"method":"GET","url":"/v1/projects/e53ee0d0-00ec-428b-adbd-f22a6e93ea40/crawl-runs","hostname":"localhost"},"msg":"incoming request"}
{"level":30,"time":1791480232429,"pid":1222965,"hostname":"wina-LOQ-16IRH8","reqId":"req-f","res":{"statusCode":200},"responseTime":3.1213820000000396,"msg":"request completed"}
  ✔ GET crawl-runs returns real history newest-first (3.750099ms)
{"level":30,"time":1791480232430,"pid":1222965,"hostname":"wina-LOQ-16IRH8","reqId":"req-g","req":{"method":"GET","url":"/v1/projects/e53ee0d0-00ec-428b-adbd-f22a6e93ea40/findings","hostname":"localhost"},"msg":"incoming request"}
{"level":30,"time":1791480232434,"pid":1222965,"hostname":"wina-LOQ-16IRH8","reqId":"req-g","res":{"statusCode":200},"responseTime":3.277535999999941,"msg":"request completed"}
  ✔ findings expose scope, declared gate, provenance and action state (4.157878ms)
{"level":30,"time":1791480232435,"pid":1222965,"hostname":"wina-LOQ-16IRH8","reqId":"req-h","req":{"method":"GET","url":"/v1/projects/e53ee0d0-00ec-428b-adbd-f22a6e93ea40/findings","hostname":"localhost"},"msg":"incoming request"}
{"level":30,"time":1791480232437,"pid":1222965,"hostname":"wina-LOQ-16IRH8","reqId":"req-h","res":{"statusCode":200},"responseTime":2.727316999999971,"msg":"request completed"}
{"level":30,"time":1791480232438,"pid":1222965,"hostname":"wina-LOQ-16IRH8","reqId":"req-i","req":{"method":"GET","url":"/v1/findings/effdb819-afe3-40e0-adc7-21355095d75c","hostname":"localhost"},"msg":"incoming request"}
{"level":30,"time":1791480232440,"pid":1222965,"hostname":"wina-LOQ-16IRH8","reqId":"req-i","res":{"statusCode":200},"responseTime":2.7866089999999986,"msg":"request completed"}
  ✔ finding detail links the supporting evidence (hash + source) (6.557397ms)
{"level":30,"time":1791480232441,"pid":1222965,"hostname":"wina-LOQ-16IRH8","reqId":"req-j","req":{"method":"GET","url":"/v1/projects/e53ee0d0-00ec-428b-adbd-f22a6e93ea40/evidence","hostname":"localhost"},"msg":"incoming request"}
{"level":30,"time":1791480232443,"pid":1222965,"hostname":"wina-LOQ-16IRH8","reqId":"req-j","res":{"statusCode":200},"responseTime":2.563327999999956,"msg":"request completed"}
  ✔ GET evidence lists project evidence with hashes (2.954287ms)
{"level":30,"time":1791480232444,"pid":1222965,"hostname":"wina-LOQ-16IRH8","reqId":"req-k","req":{"method":"GET","url":"/v1/projects/e53ee0d0-00ec-428b-adbd-f22a6e93ea40/overview","hostname":"localhost"},"msg":"incoming request"}
{"level":30,"time":1791480232445,"pid":1222965,"hostname":"wina-LOQ-16IRH8","reqId":"req-k","res":{"statusCode":404},"responseTime":1.204072999999994,"msg":"request completed"}
{"level":30,"time":1791480232445,"pid":1222965,"hostname":"wina-LOQ-16IRH8","reqId":"req-l","req":{"method":"GET","url":"/v1/projects/e53ee0d0-00ec-428b-adbd-f22a6e93ea40/crawl-runs","hostname":"localhost"},"msg":"incoming request"}
{"level":30,"time":1791480232446,"pid":1222965,"hostname":"wina-LOQ-16IRH8","reqId":"req-l","res":{"statusCode":404},"responseTime":0.9951780000000099,"msg":"request completed"}
{"level":30,"time":1791480232446,"pid":1222965,"hostname":"wina-LOQ-16IRH8","reqId":"req-m","req":{"method":"GET","url":"/v1/projects/e53ee0d0-00ec-428b-adbd-f22a6e93ea40/evidence","hostname":"localhost"},"msg":"incoming request"}
{"level":30,"time":1791480232447,"pid":1222965,"hostname":"wina-LOQ-16IRH8","reqId":"req-m","res":{"statusCode":404},"responseTime":0.9514360000000579,"msg":"request completed"}
{"level":30,"time":1791480232447,"pid":1222965,"hostname":"wina-LOQ-16IRH8","reqId":"req-n","req":{"method":"GET","url":"/v1/projects/e53ee0d0-00ec-428b-adbd-f22a6e93ea40/findings","hostname":"localhost"},"msg":"incoming request"}
{"level":30,"time":1791480232448,"pid":1222965,"hostname":"wina-LOQ-16IRH8","reqId":"req-n","res":{"statusCode":404},"responseTime":0.9877950000000055,"msg":"request completed"}
{"level":30,"time":1791480232449,"pid":1222965,"hostname":"wina-LOQ-16IRH8","reqId":"req-o","req":{"method":"GET","url":"/v1/projects/e53ee0d0-00ec-428b-adbd-f22a6e93ea40/findings","hostname":"localhost"},"msg":"incoming request"}
{"level":30,"time":1791480232451,"pid":1222965,"hostname":"wina-LOQ-16IRH8","reqId":"req-o","res":{"statusCode":200},"responseTime":1.9268070000000534,"msg":"request completed"}
{"level":30,"time":1791480232451,"pid":1222965,"hostname":"wina-LOQ-16IRH8","reqId":"req-p","req":{"method":"GET","url":"/v1/findings/effdb819-afe3-40e0-adc7-21355095d75c","hostname":"localhost"},"msg":"incoming request"}
{"level":30,"time":1791480232458,"pid":1222965,"hostname":"wina-LOQ-16IRH8","reqId":"req-p","res":{"statusCode":404},"responseTime":7.57334400000002,"msg":"request completed"}
{"level":30,"time":1791480232458,"pid":1222965,"hostname":"wina-LOQ-16IRH8","reqId":"req-q","req":{"method":"GET","url":"/v1/projects","hostname":"localhost"},"msg":"incoming request"}
{"level":30,"time":1791480232459,"pid":1222965,"hostname":"wina-LOQ-16IRH8","reqId":"req-q","res":{"statusCode":401},"responseTime":0.08436999999992167,"msg":"request completed"}
  ✔ cross-tenant: B gets 404 everywhere on A's workspace, 401 unauthenticated (15.835229ms)
✔ workspace/Evidence-Ledger endpoints (real PostgreSQL) (795.227201ms)
ℹ tests 221
ℹ suites 48
ℹ pass 221
ℹ fail 0
ℹ cancelled 0
ℹ skipped 0
ℹ todo 0
ℹ duration_ms 45829.465233
