GATE_START PostgreSQL identity and migration ledger
   database   | role | port  
--------------+------+-------
 serpvera_dev | wina | 55432
(1 row)

DO
                                                                                                                                                                                                     required_recent_migrations                                                                                                                                                                                                     
------------------------------------------------------------------------------------------------------------------------------------------------------------------------------------------------------------------------------------------------------------------------------------------------------------------------------------------------------------------------------------------------------------------------------------
 0019_gsc_property_scoped_measurements, 0019w_gsc_effective_acl_fence, 0019x_gsc_parent_delete_fence, 0019y_gsc_sync_write_fence, 0019z_gsc_claim_order_preflight, 0019zz_gsc_sync_migration_guard, 0020_gsc_sync_claim_order, 0021_remove_gsc_sync_migration_guard, 0022_restore_gsc_runtime_writes, 0023_restore_gsc_parent_deletes, 0024_restore_gsc_acl_baseline, 0025_ai_visibility_imports, 0026_ai_visibility_capture_org_fk
(1 row)

GATE_PASS PostgreSQL identity and migration ledger
GATE_START format:check

> serpvera@0.1.0 format:check /tmp/winseo-publish
> prettier --check .

Checking formatting...
All matched files use Prettier code style!
GATE_PASS format:check
GATE_START git diff --check
GATE_PASS git diff --check
GATE_START workspace lint (cache disabled)

   • turbo 2.11.6
   • Packages in scope: @serpvera/api, @serpvera/authz, @serpvera/config, @serpvera/contracts, @serpvera/crawler, @serpvera/db, @serpvera/telemetry, @serpvera/test-fixtures, @serpvera/web
   • Running lint in 9 packages
   • Remote caching disabled

@serpvera/contracts:lint: cache bypass, force executing 18935308bd6c3376
@serpvera/telemetry:build: cache bypass, force executing e74df6b8bd5aeb96
@serpvera/contracts:build: cache bypass, force executing 792525fe2426ecef
@serpvera/telemetry:lint: cache bypass, force executing df1ed6ea335da74d
@serpvera/contracts:build: 
@serpvera/contracts:build: > @serpvera/contracts@0.1.0 build /tmp/winseo-publish/packages/contracts
@serpvera/contracts:build: > tsc
@serpvera/contracts:build: 
@serpvera/contracts:lint: 
@serpvera/contracts:lint: > @serpvera/contracts@0.1.0 lint /tmp/winseo-publish/packages/contracts
@serpvera/contracts:lint: > eslint . --max-warnings 0
@serpvera/contracts:lint: 
@serpvera/telemetry:build: 
@serpvera/telemetry:build: > @serpvera/telemetry@0.1.0 build /tmp/winseo-publish/packages/telemetry
@serpvera/telemetry:build: > tsc
@serpvera/telemetry:build: 
@serpvera/telemetry:lint: 
@serpvera/telemetry:lint: > @serpvera/telemetry@0.1.0 lint /tmp/winseo-publish/packages/telemetry
@serpvera/telemetry:lint: > eslint . --max-warnings 0
@serpvera/telemetry:lint: 
@serpvera/config:build: cache bypass, force executing 51809dc19fab9df4
@serpvera/config:lint: cache bypass, force executing de87eaf2f7af4896
@serpvera/authz:lint: cache bypass, force executing a987833701c9e7f8
@serpvera/test-fixtures:lint: cache bypass, force executing c182c39bf50fdf0a
@serpvera/authz:build: cache bypass, force executing 55788d3d58c44271
@serpvera/crawler:lint: cache bypass, force executing 9dfcc290c284e6ae
@serpvera/crawler:build: cache bypass, force executing 2ce609c76651ddeb
@serpvera/test-fixtures:lint: 
@serpvera/test-fixtures:lint: > @serpvera/test-fixtures@0.1.0 lint /tmp/winseo-publish/packages/test-fixtures
@serpvera/test-fixtures:lint: > eslint . --max-warnings 0
@serpvera/test-fixtures:lint: 
@serpvera/authz:lint: 
@serpvera/authz:lint: > @serpvera/authz@0.1.0 lint /tmp/winseo-publish/packages/authz
@serpvera/authz:lint: > eslint . --max-warnings 0
@serpvera/authz:lint: 
@serpvera/crawler:build: 
@serpvera/crawler:build: > @serpvera/crawler@0.1.0 build /tmp/winseo-publish/services/crawler
@serpvera/crawler:build: > tsc
@serpvera/crawler:build: 
@serpvera/authz:build: 
@serpvera/authz:build: > @serpvera/authz@0.1.0 build /tmp/winseo-publish/packages/authz
@serpvera/authz:build: > tsc
@serpvera/authz:build: 
@serpvera/config:build: 
@serpvera/config:build: > @serpvera/config@0.1.0 build /tmp/winseo-publish/packages/config
@serpvera/config:build: > tsc
@serpvera/config:build: 
@serpvera/crawler:lint: 
@serpvera/crawler:lint: > @serpvera/crawler@0.1.0 lint /tmp/winseo-publish/services/crawler
@serpvera/crawler:lint: > eslint . --max-warnings 0
@serpvera/crawler:lint: 
@serpvera/config:lint: 
@serpvera/config:lint: > @serpvera/config@0.1.0 lint /tmp/winseo-publish/packages/config
@serpvera/config:lint: > eslint . --max-warnings 0
@serpvera/config:lint: 
@serpvera/db:lint: cache bypass, force executing 59b04cfde795b6c5
@serpvera/db:lint: 
@serpvera/db:lint: > @serpvera/db@0.1.0 lint /tmp/winseo-publish/packages/db
@serpvera/db:lint: > eslint . --max-warnings 0
@serpvera/db:lint: 
@serpvera/api:build: cache bypass, force executing 1d091e7842920755
@serpvera/api:lint: cache bypass, force executing ad25993c3fa28e61
@serpvera/api:build: 
@serpvera/api:build: > @serpvera/api@0.1.0 build /tmp/winseo-publish/apps/api
@serpvera/api:build: > tsc
@serpvera/api:build: 
@serpvera/api:lint: 
@serpvera/api:lint: > @serpvera/api@0.1.0 lint /tmp/winseo-publish/apps/api
@serpvera/api:lint: > eslint . --max-warnings 0
@serpvera/api:lint: 
@serpvera/web:lint: cache bypass, force executing 225ec43a27cded22
@serpvera/web:lint: 
@serpvera/web:lint: > @serpvera/web@0.1.0 lint /tmp/winseo-publish/apps/web
@serpvera/web:lint: > eslint src
@serpvera/web:lint: 

 Tasks:    15 successful, 15 total
Cached:    0 cached, 15 total
  Time:    11.664s 

GATE_PASS workspace lint (cache disabled)
GATE_START workspace typecheck (cache disabled)

   • turbo 2.11.6
   • Packages in scope: @serpvera/api, @serpvera/authz, @serpvera/config, @serpvera/contracts, @serpvera/crawler, @serpvera/db, @serpvera/telemetry, @serpvera/test-fixtures, @serpvera/web
   • Running typecheck in 9 packages
   • Remote caching disabled

@serpvera/contracts:typecheck: cache bypass, force executing 565d2e303cc2e30a
@serpvera/telemetry:typecheck: cache bypass, force executing 4d3c2a14e477e3d6
@serpvera/contracts:build: cache bypass, force executing 792525fe2426ecef
@serpvera/telemetry:build: cache bypass, force executing e74df6b8bd5aeb96
@serpvera/telemetry:build: 
@serpvera/telemetry:build: > @serpvera/telemetry@0.1.0 build /tmp/winseo-publish/packages/telemetry
@serpvera/telemetry:build: > tsc
@serpvera/telemetry:build: 
@serpvera/contracts:typecheck: 
@serpvera/contracts:typecheck: > @serpvera/contracts@0.1.0 typecheck /tmp/winseo-publish/packages/contracts
@serpvera/contracts:typecheck: > tsc --noEmit
@serpvera/contracts:typecheck: 
@serpvera/contracts:build: 
@serpvera/contracts:build: > @serpvera/contracts@0.1.0 build /tmp/winseo-publish/packages/contracts
@serpvera/contracts:build: > tsc
@serpvera/contracts:build: 
@serpvera/telemetry:typecheck: 
@serpvera/telemetry:typecheck: > @serpvera/telemetry@0.1.0 typecheck /tmp/winseo-publish/packages/telemetry
@serpvera/telemetry:typecheck: > tsc --noEmit
@serpvera/telemetry:typecheck: 
@serpvera/test-fixtures:typecheck: cache bypass, force executing 1d8986f0b19bf748
@serpvera/authz:typecheck: cache bypass, force executing ed642c7686ad4915
@serpvera/authz:build: cache bypass, force executing 55788d3d58c44271
@serpvera/config:typecheck: cache bypass, force executing 4d1bbf46adb69e2e
@serpvera/config:build: cache bypass, force executing 51809dc19fab9df4
@serpvera/crawler:typecheck: cache bypass, force executing 23b80c478a753ae5
@serpvera/crawler:build: cache bypass, force executing 2ce609c76651ddeb
@serpvera/authz:typecheck: 
@serpvera/authz:typecheck: > @serpvera/authz@0.1.0 typecheck /tmp/winseo-publish/packages/authz
@serpvera/authz:typecheck: > tsc --noEmit
@serpvera/authz:typecheck: 
@serpvera/crawler:typecheck: 
@serpvera/crawler:typecheck: > @serpvera/crawler@0.1.0 typecheck /tmp/winseo-publish/services/crawler
@serpvera/crawler:typecheck: > tsc --noEmit
@serpvera/crawler:typecheck: 
@serpvera/authz:build: 
@serpvera/authz:build: > @serpvera/authz@0.1.0 build /tmp/winseo-publish/packages/authz
@serpvera/authz:build: > tsc
@serpvera/authz:build: 
@serpvera/crawler:build: 
@serpvera/crawler:build: > @serpvera/crawler@0.1.0 build /tmp/winseo-publish/services/crawler
@serpvera/crawler:build: > tsc
@serpvera/crawler:build: 
@serpvera/test-fixtures:typecheck: 
@serpvera/test-fixtures:typecheck: > @serpvera/test-fixtures@0.1.0 typecheck /tmp/winseo-publish/packages/test-fixtures
@serpvera/test-fixtures:typecheck: > tsc --noEmit
@serpvera/test-fixtures:typecheck: 
@serpvera/config:typecheck: 
@serpvera/config:typecheck: > @serpvera/config@0.1.0 typecheck /tmp/winseo-publish/packages/config
@serpvera/config:typecheck: > tsc --noEmit
@serpvera/config:typecheck: 
@serpvera/config:build: 
@serpvera/config:build: > @serpvera/config@0.1.0 build /tmp/winseo-publish/packages/config
@serpvera/config:build: > tsc
@serpvera/config:build: 
@serpvera/db:typecheck: cache bypass, force executing 905709c9e49e5f08
@serpvera/api:build: cache bypass, force executing 1d091e7842920755
@serpvera/api:typecheck: cache bypass, force executing 72bc28f925eac6f4
@serpvera/db:typecheck: 
@serpvera/db:typecheck: > @serpvera/db@0.1.0 typecheck /tmp/winseo-publish/packages/db
@serpvera/db:typecheck: > tsc --noEmit
@serpvera/db:typecheck: 
@serpvera/api:typecheck: 
@serpvera/api:typecheck: > @serpvera/api@0.1.0 typecheck /tmp/winseo-publish/apps/api
@serpvera/api:typecheck: > tsc --noEmit
@serpvera/api:typecheck: 
@serpvera/api:build: 
@serpvera/api:build: > @serpvera/api@0.1.0 build /tmp/winseo-publish/apps/api
@serpvera/api:build: > tsc
@serpvera/api:build: 
@serpvera/web:typecheck: cache bypass, force executing f7ac207e9ca64bc7
@serpvera/web:typecheck: 
@serpvera/web:typecheck: > @serpvera/web@0.1.0 typecheck /tmp/winseo-publish/apps/web
@serpvera/web:typecheck: > tsc --noEmit
@serpvera/web:typecheck: 

 Tasks:    15 successful, 15 total
Cached:    0 cached, 15 total
  Time:    4.581s 

GATE_PASS workspace typecheck (cache disabled)
GATE_START workspace tests (cache disabled)

   • turbo 2.11.6
   • Packages in scope: @serpvera/api, @serpvera/authz, @serpvera/config, @serpvera/contracts, @serpvera/crawler, @serpvera/db, @serpvera/telemetry, @serpvera/test-fixtures, @serpvera/web
   • Running test in 9 packages
   • Remote caching disabled

@serpvera/telemetry:build: cache bypass, force executing e6aee4a8f88eb892
@serpvera/telemetry:build: 
@serpvera/telemetry:build: > @serpvera/telemetry@0.1.0 build /tmp/winseo-publish/packages/telemetry
@serpvera/telemetry:build: > tsc
@serpvera/telemetry:build: 
@serpvera/contracts:build: cache bypass, force executing 973485482161db73
@serpvera/contracts:build: 
@serpvera/contracts:build: > @serpvera/contracts@0.1.0 build /tmp/winseo-publish/packages/contracts
@serpvera/contracts:build: > tsc
@serpvera/contracts:build: 
@serpvera/config:build: cache bypass, force executing a970391e701d710c
@serpvera/config:build: 
@serpvera/config:build: > @serpvera/config@0.1.0 build /tmp/winseo-publish/packages/config
@serpvera/config:build: > tsc
@serpvera/config:build: 
@serpvera/contracts:test: cache bypass, force executing 768e59c531f5db86
@serpvera/contracts:test: 
@serpvera/contracts:test: > @serpvera/contracts@0.1.0 test /tmp/winseo-publish/packages/contracts
@serpvera/contracts:test: > node --experimental-strip-types --test src/*.test.ts
@serpvera/contracts:test: 
@serpvera/contracts:test: ▶ AI visibility CSV contract
@serpvera/contracts:test:   ✔ parses captures, optional timestamps, quoted fields, and groups by engine/prompt (2.123194ms)
@serpvera/contracts:test:   ✔ calculates a two-sided 95% Wilson interval from each k/n denominator (0.346383ms)
@serpvera/contracts:test:   ✔ rejects malformed structure, ambiguous booleans, and invalid domains (0.368885ms)
@serpvera/contracts:test:   ✔ rejects impossible calendar dates, times, and UTC offsets (0.492349ms)
@serpvera/contracts:test:   ✔ enforces row and byte limits (15.029987ms)
@serpvera/contracts:test: ✔ AI visibility CSV contract (20.176164ms)
@serpvera/contracts:test: ▶ evidence-validator
@serpvera/contracts:test:   ▶ validateFinding
@serpvera/contracts:test:     ✔ passes a valid OBSERVED finding (1.291316ms)
@serpvera/contracts:test:     ✔ rejects missing required fields (0.224343ms)
@serpvera/contracts:test:     ✔ rejects HYPOTHESIS as EVIDENCED (0.252777ms)
@serpvera/contracts:test:     ✔ rejects INFERRED as EVIDENCED (0.162015ms)
@serpvera/contracts:test:     ✔ rejects UNKNOWN as EVIDENCED (0.798235ms)
@serpvera/contracts:test:     ✔ rejects EVIDENCED without evidence (0.126178ms)
@serpvera/contracts:test:     ✔ rejects certainty language in INFERRED claims (0.146647ms)
@serpvera/contracts:test:     ✔ rejects certainty language in HYPOTHESIS claims (0.160452ms)
@serpvera/contracts:test:     ✔ allows certainty language for OBSERVED findings (0.188586ms)
@serpvera/contracts:test:     ✔ accepts PENDING and BLOCKED verdicts (0.234503ms)
@serpvera/contracts:test:     ✔ rejects invalid classification (0.13754ms)
@serpvera/contracts:test:     ✔ rejects invalid verdict (0.111951ms)
@serpvera/contracts:test:   ✔ validateFinding (5.05777ms)
@serpvera/contracts:test:   ▶ validateFindingsBatch
@serpvera/contracts:test:     ✔ passes a batch of valid findings (0.202232ms)
@serpvera/contracts:test:     ✔ rejects batch with mixed valid/invalid (0.141597ms)
@serpvera/contracts:test:   ✔ validateFindingsBatch (0.505533ms)
@serpvera/contracts:test: ✔ evidence-validator (5.978616ms)
@serpvera/contracts:test: ℹ tests 19
@serpvera/contracts:test: ℹ suites 4
@serpvera/contracts:test: ℹ pass 19
@serpvera/contracts:test: ℹ fail 0
@serpvera/contracts:test: ℹ cancelled 0
@serpvera/contracts:test: ℹ skipped 0
@serpvera/contracts:test: ℹ todo 0
@serpvera/contracts:test: ℹ duration_ms 114.36829
@serpvera/authz:build: cache bypass, force executing c8ef595cadc34f2d
@serpvera/authz:build: 
@serpvera/authz:build: > @serpvera/authz@0.1.0 build /tmp/winseo-publish/packages/authz
@serpvera/authz:build: > tsc
@serpvera/authz:build: 
@serpvera/crawler:build: cache bypass, force executing 8efd35dd77cf1c4a
@serpvera/crawler:build: 
@serpvera/crawler:build: > @serpvera/crawler@0.1.0 build /tmp/winseo-publish/services/crawler
@serpvera/crawler:build: > tsc
@serpvera/crawler:build: 
@serpvera/test-fixtures:test: cache bypass, force executing 6dce0646c4b27fa7
@serpvera/test-fixtures:test: 
@serpvera/test-fixtures:test: > @serpvera/test-fixtures@0.1.0 test /tmp/winseo-publish/packages/test-fixtures
@serpvera/test-fixtures:test: > node --experimental-strip-types --test src/**/*.test.ts
@serpvera/test-fixtures:test: 
@serpvera/test-fixtures:test: ℹ tests 0
@serpvera/test-fixtures:test: ℹ suites 0
@serpvera/test-fixtures:test: ℹ pass 0
@serpvera/test-fixtures:test: ℹ fail 0
@serpvera/test-fixtures:test: ℹ cancelled 0
@serpvera/test-fixtures:test: ℹ skipped 0
@serpvera/test-fixtures:test: ℹ todo 0
@serpvera/test-fixtures:test: ℹ duration_ms 5.191271
@serpvera/authz:test: cache bypass, force executing d14fee7f6295eaa2
@serpvera/authz:test: 
@serpvera/authz:test: > @serpvera/authz@0.1.0 test /tmp/winseo-publish/packages/authz
@serpvera/authz:test: > node --experimental-strip-types --test src/**/*.test.ts
@serpvera/authz:test: 
@serpvera/authz:test: ▶ authz
@serpvera/authz:test:   ▶ hasPermission
@serpvera/authz:test:     ✔ OWNER has all permissions (0.580034ms)
@serpvera/authz:test:     ✔ VIEWER only has read permissions (0.135365ms)
@serpvera/authz:test:     ✔ EDITOR has production.write but not billing.manage (0.106871ms)
@serpvera/authz:test:     ✔ BILLING can read project evidence but cannot add evidence (0.133412ms)
@serpvera/authz:test:     ✔ production.write is separate from action.approve (0.106771ms)
@serpvera/authz:test:   ✔ hasPermission (1.8611ms)
@serpvera/authz:test:   ▶ requirePermission
@serpvera/authz:test:     ✔ throws AuthorizationError when permission denied (1.082141ms)
@serpvera/authz:test:     ✔ does not throw when permission granted (0.161565ms)
@serpvera/authz:test:   ✔ requirePermission (1.439595ms)
@serpvera/authz:test:   ▶ canManageRole
@serpvera/authz:test:     ✔ OWNER can manage ADMIN (0.179108ms)
@serpvera/authz:test:     ✔ ADMIN cannot manage OWNER (0.091112ms)
@serpvera/authz:test:     ✔ VIEWER cannot manage anyone (0.139583ms)
@serpvera/authz:test:     ✔ ADMIN cannot manage another ADMIN (0.097424ms)
@serpvera/authz:test:   ✔ canManageRole (0.761416ms)
@serpvera/authz:test: ✔ authz (4.62862ms)
@serpvera/authz:test: ▶ priority-engine
@serpvera/authz:test:   ▶ computePriorityIndex
@serpvera/authz:test:     ✔ high value, low effort = high priority (0.606664ms)
@serpvera/authz:test:     ✔ low value, high effort = low priority (0.132189ms)
@serpvera/authz:test:     ✔ defaults to minimum 0.5 effort and safe risk denominator (0.794659ms)
@serpvera/authz:test:     ✔ handles zero risk safely via damping (0.119336ms)
@serpvera/authz:test:     ✔ high risk reduces priority but never to zero (0.112011ms)
@serpvera/authz:test:   ✔ computePriorityIndex (2.549759ms)
@serpvera/authz:test:   ▶ explainPriority
@serpvera/authz:test:     ✔ returns explanations for strong signals (0.192192ms)
@serpvera/authz:test:   ✔ explainPriority (0.28652ms)
@serpvera/authz:test:   ▶ isValidTransition
@serpvera/authz:test:     ✔ DETECTED → EVIDENCED is valid (0.169269ms)
@serpvera/authz:test:     ✔ DETECTED → REPORTED_MANUALLY is invalid (must go through EVIDENCED) (0.098436ms)
@serpvera/authz:test:     ✔ MEASURING → VERIFIED is valid (0.098846ms)
@serpvera/authz:test:     ✔ MEASURING → INCONCLUSIVE is valid (0.138291ms)
@serpvera/authz:test:     ✔ INCONCLUSIVE → PROPOSED allows re-proposal (0.086533ms)
@serpvera/authz:test:   ✔ isValidTransition (0.86949ms)
@serpvera/authz:test:   ▶ requireEvidence
@serpvera/authz:test:     ✔ DETECTED is not evidenced yet (0.097073ms)
@serpvera/authz:test:     ✔ EVIDENCED and beyond require evidence (0.067828ms)
@serpvera/authz:test:   ✔ requireEvidence (0.24931ms)
@serpvera/authz:test: ✔ priority-engine (4.471664ms)
@serpvera/authz:test: ℹ tests 24
@serpvera/authz:test: ℹ suites 9
@serpvera/authz:test: ℹ pass 24
@serpvera/authz:test: ℹ fail 0
@serpvera/authz:test: ℹ cancelled 0
@serpvera/authz:test: ℹ skipped 0
@serpvera/authz:test: ℹ todo 0
@serpvera/authz:test: ℹ duration_ms 98.539746
@serpvera/crawler:test: cache bypass, force executing 3034c8c3ee6441d0
@serpvera/crawler:test: 
@serpvera/crawler:test: > @serpvera/crawler@0.1.0 test /tmp/winseo-publish/services/crawler
@serpvera/crawler:test: > node --experimental-strip-types --test src/**/*.test.ts
@serpvera/crawler:test: 
@serpvera/crawler:test: ▶ html-parser
@serpvera/crawler:test:   ▶ parseHtmlPage
@serpvera/crawler:test:     ✔ extracts title (2.780574ms)
@serpvera/crawler:test:     ✔ extracts meta description (0.890781ms)
@serpvera/crawler:test:     ✔ extracts meta description (reversed attrs) (0.20715ms)
@serpvera/crawler:test:     ✔ returns null for missing description (0.142529ms)
@serpvera/crawler:test:     ✔ extracts H1 tags (1.704115ms)
@serpvera/crawler:test:     ✔ extracts canonical (0.233962ms)
@serpvera/crawler:test:     ✔ resolves relative canonical (1.668197ms)
@serpvera/crawler:test:     ✔ extracts robots meta (0.205608ms)
@serpvera/crawler:test:     ✔ parses valid JSON-LD structured data (0.311667ms)
@serpvera/crawler:test:     ✔ handles invalid JSON-LD (0.32316ms)
@serpvera/crawler:test:     ✔ extracts internal links only (0.247677ms)
@serpvera/crawler:test:     ✔ extracts html lang (0.147198ms)
@serpvera/crawler:test:     ✔ detects viewport meta (0.150985ms)
@serpvera/crawler:test:   ✔ parseHtmlPage (10.600183ms)
@serpvera/crawler:test:   ▶ stripTags
@serpvera/crawler:test:     ✔ strips HTML tags (0.266262ms)
@serpvera/crawler:test:     ✔ normalizes whitespace (0.192253ms)
@serpvera/crawler:test:   ✔ stripTags (1.240389ms)
@serpvera/crawler:test: ✔ html-parser (12.399887ms)
@serpvera/crawler:test: {"timestamp":"2026-10-07T16:28:12.870Z","level":"warn","message":"SSRF: resolved IP 169.254.169.254 is blocked (Link-local (169.254.0.0/16))","traceId":"rebind-metadata","context":{"traceId":"rebind-metadata","jobType":"crawler"}}
@serpvera/crawler:test: {"timestamp":"2026-10-07T16:28:12.872Z","level":"warn","message":"SSRF: resolved IP 10.0.0.5 is blocked (RFC1918 Class A (10.0.0.0/8))","traceId":"rebind-rfc1918","context":{"traceId":"rebind-rfc1918","jobType":"crawler"}}
@serpvera/crawler:test: {"timestamp":"2026-10-07T16:28:12.872Z","level":"warn","message":"SSRF: resolved IP 127.0.0.1 is blocked (IPv4 loopback (127.0.0.0/8))","traceId":"rebind-loopback","context":{"traceId":"rebind-loopback","jobType":"crawler"}}
@serpvera/crawler:test: ▶ http-fetcher connection-time SSRF defence
@serpvera/crawler:test:   ✔ pre-flight guard accepts a plain public hostname (control) (4.425747ms)
@serpvera/crawler:test:   ✔ blocks a public-looking name that resolves to the AWS metadata IP (rebinding) (1.808702ms)
@serpvera/crawler:test:   ✔ blocks a name that resolves to an RFC1918 address (1.157173ms)
@serpvera/crawler:test:   ✔ blocks a name that resolves to loopback (0.292522ms)
@serpvera/crawler:test:   ✔ fails closed when DNS returns no addresses (0.256884ms)
@serpvera/crawler:test:   ✔ pins both Node lookup callback forms to the validated IP (0.788427ms)
@serpvera/crawler:test: {"timestamp":"2026-10-07T16:28:12.882Z","level":"warn","message":"SSRF: resolved IP 127.0.0.1 is blocked (IPv4 loopback (127.0.0.0/8))","traceId":"mixed-dns","context":{"traceId":"mixed-dns","jobType":"crawler"}}
@serpvera/crawler:test:   ✔ decodes bounded HTTP response encodings supported by the transport (7.807737ms)
@serpvera/crawler:test:   ✔ rejects a mixed public/private DNS answer before transport (0.706473ms)
@serpvera/crawler:test:   ✔ guardUrl still rejects a private IP literal outright (no DNS needed) (0.311608ms)
@serpvera/crawler:test: ✔ http-fetcher connection-time SSRF defence (19.115153ms)
@serpvera/crawler:test: ▶ source-vs-render comparison
@serpvera/crawler:test:   ✔ reports no divergence for identical documents (3.215184ms)
@serpvera/crawler:test:   ✔ detects a JS-injected canonical (0.553604ms)
@serpvera/crawler:test:   ✔ detects a runtime title change (0.332678ms)
@serpvera/crawler:test:   ✔ detects H1 sets that only exist after render (0.414572ms)
@serpvera/crawler:test:   ✔ describeDivergences produces a human summary (0.314533ms)
@serpvera/crawler:test: ✔ source-vs-render comparison (6.38851ms)
@serpvera/crawler:test: ▶ render escalation decision
@serpvera/crawler:test:   ✔ does NOT escalate a content-complete static page (2.811563ms)
@serpvera/crawler:test:   ✔ escalates a thin SPA shell with SHELL_ONLY_BODY (1.470894ms)
@serpvera/crawler:test:   ✔ escalates an empty framework mount with APP_MOUNT_EMPTY (0.34476ms)
@serpvera/crawler:test:   ✔ escalates when content is gated behind JavaScript (NOSCRIPT_CONTENT) (0.251745ms)
@serpvera/crawler:test:   ✔ escalates when source has neither title nor meta description (0.226126ms)
@serpvera/crawler:test:   ✔ every escalation carries explicit human-readable reasons (0.233421ms)
@serpvera/crawler:test: ✔ render escalation decision (7.770566ms)
@serpvera/crawler:test: ▶ renderer (real Chromium)
@serpvera/crawler:test:   ✔ captures a rendered DOM with client-side mutations applied (973.536333ms)
@serpvera/crawler:test:   ✔ rejects private targets BEFORE any browser work (SSRF) (0.375518ms)
@serpvera/crawler:test:   ✔ bounds concurrency to RENDER_MAX_CONCURRENCY (semaphore, no leak) (1375.633848ms)
@serpvera/crawler:test: ✔ renderer (real Chromium) (2351.077478ms)
@serpvera/crawler:test: ▶ seo-rules (deterministic, no network)
@serpvera/crawler:test:   ✔ a clean page produces no findings (4.703672ms)
@serpvera/crawler:test:   ✔ is deterministic: identical input yields identical output (0.735086ms)
@serpvera/crawler:test:   ✔ every finding is epistemically OBSERVED and carries a ruleVersion (0.791313ms)
@serpvera/crawler:test:   ✔ no finding claims engine behaviour (no penalty/ranking assertions) (0.314082ms)
@serpvera/crawler:test:   ✔ flags a missing title / description / H1 (0.187534ms)
@serpvera/crawler:test:   ✔ flags title too short and too long, but only one rule fires per title (0.237027ms)
@serpvera/crawler:test:   ✔ flags an over-long meta description (0.272433ms)
@serpvera/crawler:test:   ✔ flags multiple H1s (0.228872ms)
@serpvera/crawler:test:   ✔ flags missing canonical (0.170972ms)
@serpvera/crawler:test:   ✔ flags a canonical pointing elsewhere, worded as observation not penalty (0.389334ms)
@serpvera/crawler:test:   ✔ a self-referencing canonical produces no canonical finding (0.121068ms)
@serpvera/crawler:test:   ✔ flags noindex in robots meta (0.128032ms)
@serpvera/crawler:test:   ✔ flags invalid JSON-LD but accepts valid JSON-LD (0.21723ms)
@serpvera/crawler:test:   ✔ flags missing html lang and missing viewport (0.145485ms)
@serpvera/crawler:test:   ✔ records a redirect chain as an observation with the real hop path (0.148901ms)
@serpvera/crawler:test:   ✔ escalates redirect severity past two hops (0.167636ms)
@serpvera/crawler:test:   ✔ no redirect chain => no redirect finding (0.125958ms)
@serpvera/crawler:test:   ✔ evidence carries the content hash and final url (reproducibility) (0.130075ms)
@serpvera/crawler:test:   ✔ severity values stay within the contract vocabulary (0.119205ms)
@serpvera/crawler:test: ✔ seo-rules (deterministic, no network) (11.395062ms)
@serpvera/crawler:test: ▶ sitemap-parser
@serpvera/crawler:test:   ▶ parseRobotsTxt
@serpvera/crawler:test:     ✔ parses basic robots.txt (1.959737ms)
@serpvera/crawler:test:     ✔ parses multiple user agents (0.331055ms)
@serpvera/crawler:test:   ✔ parseRobotsTxt (3.433245ms)
@serpvera/crawler:test:   ▶ isUrlAllowed
@serpvera/crawler:test:     ✔ allows public path (0.579854ms)
@serpvera/crawler:test:     ✔ blocks disallowed path (0.195258ms)
@serpvera/crawler:test:     ✔ allow overrides disallow (0.144743ms)
@serpvera/crawler:test:   ✔ isUrlAllowed (1.406853ms)
@serpvera/crawler:test:   ▶ parseSitemapXml
@serpvera/crawler:test:     ✔ parses URL sitemap (1.533683ms)
@serpvera/crawler:test:     ✔ parses sitemap index (0.666718ms)
@serpvera/crawler:test:   ✔ parseSitemapXml (2.816823ms)
@serpvera/crawler:test: ✔ sitemap-parser (8.391107ms)
@serpvera/crawler:test: ▶ ssrf-guard
@serpvera/crawler:test:   ▶ isPrivateIp
@serpvera/crawler:test:     ✔ blocks 127.0.0.1 (1.267371ms)
@serpvera/crawler:test:     ✔ blocks 10.0.0.1 (0.233761ms)
@serpvera/crawler:test:     ✔ blocks 172.16.0.1 (0.236887ms)
@serpvera/crawler:test:     ✔ blocks 172.31.255.255 (0.18547ms)
@serpvera/crawler:test:     ✔ does not block 172.32.0.1 (0.231347ms)
@serpvera/crawler:test:     ✔ blocks 192.168.1.1 (0.163899ms)
@serpvera/crawler:test:     ✔ blocks 169.254.169.254 (metadata) (0.163478ms)
@serpvera/crawler:test:     ✔ blocks 0.0.0.0 (0.15373ms)
@serpvera/crawler:test:     ✔ blocks multicast 224.0.0.1 (0.197863ms)
@serpvera/crawler:test:     ✔ blocks CGNAT 100.64.0.1 (0.265571ms)
@serpvera/crawler:test:     ✔ allows public IP 8.8.8.8 (0.150053ms)
@serpvera/crawler:test:     ✔ allows public IP 1.1.1.1 (0.12221ms)
@serpvera/crawler:test:     ✔ blocks IPv6 unique-local and multicast addresses (3.706401ms)
@serpvera/crawler:test:     ✔ blocks IPv4-mapped IPv6 loopback in dotted and hexadecimal forms (0.214434ms)
@serpvera/crawler:test:     ✔ allows a public IPv6 address (0.162175ms)
@serpvera/crawler:test:   ✔ isPrivateIp (9.155068ms)
@serpvera/crawler:test:   ▶ validateHostname
@serpvera/crawler:test:     ✔ blocks metadata.google.internal (0.182093ms)
@serpvera/crawler:test:     ✔ allows example.com (0.09013ms)
@serpvera/crawler:test:   ✔ validateHostname (0.394314ms)
@serpvera/crawler:test:   ▶ guardUrl
@serpvera/crawler:test:     ✔ passes safe URLs (0.403772ms)
@serpvera/crawler:test:     ✔ blocks private IP in hostname (0.368084ms)
@serpvera/crawler:test:     ✔ blocks AWS metadata endpoint (0.136077ms)
@serpvera/crawler:test:     ✔ blocks file:// protocol via URL parsing (0.108304ms)
@serpvera/crawler:test:     ✔ SSRF corpus: IPv4 loopback (0.112242ms)
@serpvera/crawler:test:     ✔ SSRF corpus: IPv6 loopback (0.078898ms)
@serpvera/crawler:test:     ✔ SSRF corpus: localhost hostname (0.075732ms)
@serpvera/crawler:test:     ✔ SSRF corpus: Unspecified address (0.078959ms)
@serpvera/crawler:test:     ✔ SSRF corpus: 10.0.0.0/8 (0.091021ms)
@serpvera/crawler:test:     ✔ SSRF corpus: 172.16.0.0/12 (0.094027ms)
@serpvera/crawler:test:     ✔ SSRF corpus: 192.168.0.0/16 (0.088747ms)
@serpvera/crawler:test:     ✔ SSRF corpus: AWS metadata endpoint (0.07951ms)
@serpvera/crawler:test:     ✔ SSRF corpus: Link-local range (0.089409ms)
@serpvera/crawler:test:     ✔ SSRF corpus: GCP metadata (0.083067ms)
@serpvera/crawler:test:     ✔ SSRF corpus: GCP metadata IP (0.069481ms)
@serpvera/crawler:test:     ✔ SSRF corpus: 100.64.0.0/10 (CGNAT) (0.082706ms)
@serpvera/crawler:test:     ✔ SSRF corpus: Multicast range (0.077556ms)
@serpvera/crawler:test:     ✔ SSRF corpus: file:// protocol (0.081053ms)
@serpvera/crawler:test:     ✔ SSRF corpus: ftp:// protocol (0.161034ms)
@serpvera/crawler:test:     ✔ SSRF corpus: gopher:// protocol (0.092024ms)
@serpvera/crawler:test:     ✔ SSRF corpus: URL with credentials (0.089909ms)
@serpvera/crawler:test:     ✔ safe URL: Normal HTTPS URL (0.161063ms)
@serpvera/crawler:test:     ✔ safe URL: URL with query params (0.068319ms)
@serpvera/crawler:test:     ✔ safe URL: Normal HTTP URL (0.06339ms)
@serpvera/crawler:test:     ✔ safe URL: Complex subdomain (0.101451ms)
@serpvera/crawler:test:   ✔ guardUrl (3.783466ms)
@serpvera/crawler:test: ✔ ssrf-guard (14.062954ms)
@serpvera/crawler:test: ▶ url-normalizer
@serpvera/crawler:test:   ▶ normalizeUrl
@serpvera/crawler:test:     ✔ normalizes a basic HTTPS URL (1.425378ms)
@serpvera/crawler:test:     ✔ strips fragments (0.225896ms)
@serpvera/crawler:test:     ✔ lowercases hostname (0.146887ms)
@serpvera/crawler:test:     ✔ removes default HTTPS port (0.410474ms)
@serpvera/crawler:test:     ✔ removes default HTTP port (2.0094ms)
@serpvera/crawler:test:     ✔ preserves non-default ports (0.62585ms)
@serpvera/crawler:test:     ✔ preserves query parameters (0.322278ms)
@serpvera/crawler:test:     ✔ rejects file:// protocol (0.678279ms)
@serpvera/crawler:test:     ✔ rejects ftp:// protocol (0.93322ms)
@serpvera/crawler:test:     ✔ rejects URLs with embedded credentials (0.279106ms)
@serpvera/crawler:test:     ✔ rejects URLs exceeding max length (0.170933ms)
@serpvera/crawler:test:     ✔ rejects malformed URLs (0.143431ms)
@serpvera/crawler:test:     ✔ handles URLs with path and complex query string (0.226307ms)
@serpvera/crawler:test:   ✔ normalizeUrl (9.640262ms)
@serpvera/crawler:test:   ▶ normalizeAuditTarget
@serpvera/crawler:test:     ✔ defaults a bare domain to HTTPS (0.436453ms)
@serpvera/crawler:test:     ✔ preserves an entered page path and query (0.208533ms)
@serpvera/crawler:test:     ✔ preserves explicit HTTP (0.144272ms)
@serpvera/crawler:test:     ✔ rejects non-HTTP schemes (0.160052ms)
@serpvera/crawler:test:     ✔ rejects blank targets (0.123813ms)
@serpvera/crawler:test:   ✔ normalizeAuditTarget (1.328225ms)
@serpvera/crawler:test: ✔ url-normalizer (11.712271ms)
@serpvera/crawler:test: ℹ tests 124
@serpvera/crawler:test: ℹ suites 19
@serpvera/crawler:test: ℹ pass 124
@serpvera/crawler:test: ℹ fail 0
@serpvera/crawler:test: ℹ cancelled 0
@serpvera/crawler:test: ℹ skipped 0
@serpvera/crawler:test: ℹ todo 0
@serpvera/crawler:test: ℹ duration_ms 2495.321266
@serpvera/db:test: cache bypass, force executing 1d6cc23bae22f824
@serpvera/db:test: 
@serpvera/db:test: > @serpvera/db@0.1.0 test /tmp/winseo-publish/packages/db
@serpvera/db:test: > node --experimental-strip-types --test --test-concurrency=1 src/**/*.test.ts
@serpvera/db:test: 
@serpvera/db:test: ▶ AI visibility persistence and forced tenant RLS (real PostgreSQL)
@serpvera/db:test:   ✔ stores provenance, captures, and aggregate stats from persisted rows (5.547934ms)
@serpvera/db:test:   ✔ checks evidence.write inside the persistence transaction (1.862873ms)
@serpvera/db:test:   ✔ hides tenant A rows from tenant B even without application predicates (3.733892ms)
@serpvera/db:test:   ✔ enforces RLS WITH CHECK and composite project/import integrity (2.67226ms)
@serpvera/db:test: ✔ AI visibility persistence and forced tenant RLS (real PostgreSQL) (45.6393ms)
@serpvera/db:test: ▶ 0019z GSC claim-order migration preflight
@serpvera/db:test:   ✔ sorts before 0020 so the guard runs before destructive cleanup (1.966088ms)
@serpvera/db:test:   ✔ fails closed if the runtime role owns any protected table (33.883839ms)
@serpvera/db:test:   ✔ fails closed if the runtime role inherits another role (19.925381ms)
@serpvera/db:test:   ✔ aborts and preserves metrics when client-clock order conflicts with DB order (18.149141ms)
@serpvera/db:test:   ✔ allows ordered histories and records the preflight migration (17.582292ms)
@serpvera/db:test:   ✔ blocks runtime writes until cleanup and resumes them after 0021 (42.739712ms)
@serpvera/db:test:   ✔ blocks a client-clock conflict even when a historical metric falls outside its source window (21.661185ms)
@serpvera/db:test: ✔ 0019z GSC claim-order migration preflight (178.76101ms)
@serpvera/db:test: ▶ GSC-003 tenant isolation on GSC tables (real PostgreSQL RLS)
@serpvera/db:test:   ✔ POSITIVE CONTROL — tenant A's GSC rows really exist (admin view) (3.088094ms)
@serpvera/db:test:   ✔ tenant B sees ZERO of tenant A's GSC rows on every table (no WHERE clause helps) (0.987933ms)
@serpvera/db:test:   ✔ tenant B cannot UPDATE or DELETE tenant A's token material (0 rows) (1.040442ms)
@serpvera/db:test:   ✔ tenant B cannot INSERT rows stamped with tenant A (WITH CHECK) (2.093148ms)
@serpvera/db:test:   ✔ the store functions refuse to cross tenants even with known foreign ids (6.041214ms)
@serpvera/db:test:   ✔ OAuth state is single-use at the database boundary and tenant-scoped (3.146214ms)
@serpvera/db:test:   ✔ an expired state is unclaimable (2.967757ms)
@serpvera/db:test:   ✔ reuses an in-flight job and creates a new attempt after a completed window (5.504402ms)
@serpvera/db:test:   ✔ serializes concurrent job claims and rejects stale fencing attempts (8.528997ms)
@serpvera/db:test:   ✔ reclaims an expired RUNNING job without exposing its partial rows (19.220381ms)
@serpvera/db:test:   ✔ preserves writes from distinct jobs with overlapping windows (20.00403ms)
@serpvera/db:test:   ✔ lets the newest fetch replace an older completed overlap (18.227048ms)
@serpvera/db:test:   ✔ window replacement is atomic: revised rows overwrite, empty re-sync erases (14.917386ms)
@serpvera/db:test:   ✔ read paths filter dimensions and report honest freshness (35.478996ms)
@serpvera/db:test:   ✔ keeps complete rows visible and excludes partial rows until the new job completes (7.693391ms)
@serpvera/db:test:   ✔ credential deletion is tenant-scoped (disconnect cannot hit a foreign grant) (1.864005ms)
@serpvera/db:test:   ✔ stores only opaque ciphertext — no plaintext token column exists (3.512295ms)
@serpvera/db:test: ✔ GSC-003 tenant isolation on GSC tables (real PostgreSQL RLS) (203.122499ms)
@serpvera/db:test: ▶ 0015 finding evidence tenant migration
@serpvera/db:test:   ✔ aborts atomically and preserves a legacy cross-organization relation (36.775021ms)
@serpvera/db:test:   ✔ backfills valid legacy links and applies forced tenant RLS (26.188104ms)
@serpvera/db:test: ✔ 0015 finding evidence tenant migration (72.998632ms)
@serpvera/db:test: ▶ patch persistence RLS and immutable event ledger
@serpvera/db:test:   ✔ stores the tenant's proposal and appends versioned events with compare-and-swap (8.743481ms)
@serpvera/db:test:   ✔ hides proposal and history rows from another organization (2.842912ms)
@serpvera/db:test:   ✔ prevents the runtime role from rewriting append-only patch history (2.390528ms)
@serpvera/db:test: ✔ patch persistence RLS and immutable event ledger (42.068695ms)
@serpvera/db:test: ▶ project creation idempotency (PostgreSQL)
@serpvera/db:test:   ✔ replays concurrent same-payload requests and rejects payload reuse (15.097125ms)
@serpvera/db:test:   ✔ scopes keys to the tenant and leaves unkeyed callers unchanged (7.557594ms)
@serpvera/db:test: ✔ project creation idempotency (PostgreSQL) (47.647848ms)
@serpvera/db:test: ▶ shared PostgreSQL rate-limit windows
@serpvera/db:test:   ✔ serializes concurrent attempts across API instances through atomic UPSERTs (20.308033ms)
@serpvera/db:test: ✔ shared PostgreSQL rate-limit windows (24.083233ms)
@serpvera/db:test: ▶ repository CRUD (real PostgreSQL)
@serpvera/db:test:   ✔ creates and reads back a user (password hash stored, not returned by findUserById) (7.941177ms)
@serpvera/db:test:   ✔ rejects duplicate user email (UNIQUE constraint) (2.200049ms)
@serpvera/db:test:   ✔ creates an organization and grants OWNER membership (8.021659ms)
@serpvera/db:test:   ✔ creates and reads a project scoped to the org (3.62667ms)
@serpvera/db:test:   ✔ public scan: create, non-predictable id, update, read back (2.83652ms)
@serpvera/db:test:   ✔ getPublicScan returns null for unknown id (no info leak) (0.454156ms)
@serpvera/db:test: ✔ repository CRUD (real PostgreSQL) (40.066048ms)
@serpvera/db:test: ▶ RLS isolation (real PostgreSQL)
@serpvera/db:test:   ✔ DB-03a: tenant A sees exactly its own project (2.717275ms)
@serpvera/db:test:   ✔ DB-03b: tenant A can read project A by id (1.004023ms)
@serpvera/db:test:   ✔ DB-03c: tenant A CANNOT read tenant B's project by id (RLS returns nothing) (0.921968ms)
@serpvera/db:test:   ✔ DB-03d: tenant B CANNOT read tenant A's project (reverse direction) (0.777366ms)
@serpvera/db:test:   ✔ DB-03e: tenant B sees only its own project (0.777817ms)
@serpvera/db:test:   ✔ DB-03f: tenant A CANNOT INSERT a project into tenant B (WITH CHECK violation) (2.044626ms)
@serpvera/db:test:   ✔ DB-03g: tenant A CANNOT UPDATE tenant B's project (1.331051ms)
@serpvera/db:test:   ✔ DB-03h: tenant A CANNOT DELETE tenant B's project (0.793396ms)
@serpvera/db:test:   ✔ DB-03h2: the legacy evidence-link insert derives its tenant under RLS (3.693516ms)
@serpvera/db:test:   ✔ DB-03i: cross-tenant foreign-key INSERT fails even for a known org id (1.02323ms)
@serpvera/db:test:   ✔ DB-07: tenant B cannot read tenant A's finding-evidence link (0.812082ms)
@serpvera/db:test:   ✔ DB-08: tenant B cannot stamp a link with tenant A's organization id (0.755966ms)
@serpvera/db:test:   ✔ DB-09: composite foreign keys reject a tenant B link to tenant A endpoints (1.112429ms)
@serpvera/db:test:   ✔ DB-10: repository linking and evidence reads remain tenant-scoped (3.080079ms)
@serpvera/db:test:   ✔ DB-04: runtime role cannot bypass RLS to see all projects (0.631892ms)
@serpvera/db:test:   ✔ DB-06: POSITIVE CONTROL — bypass-capable role DOES see both tenants (proves isolation is RLS-caused, not missing data) (0.748702ms)
@serpvera/db:test:   ✔ DB-05: tenant context does NOT leak across pooled connections (2.508942ms)
@serpvera/db:test: ✔ RLS isolation (real PostgreSQL) (64.048863ms)
@serpvera/db:test: ▶ DB-02 schema integrity (real PostgreSQL catalogs)
@serpvera/db:test:   ✔ catalog contains all expected tables, including finding_evidence (4.261247ms)
@serpvera/db:test:   ✔ migration is recorded in the ledger (1.048257ms)
@serpvera/db:test:   ✔ removes the temporary GSC migration guard after the migration chain (1.593706ms)
@serpvera/db:test:   ✔ restores runtime GSC writes only after the migration guard is removed (0.871173ms)
@serpvera/db:test:   ✔ restores scoped parent deletes after the GSC cascade fence is removed (0.792785ms)
@serpvera/db:test:   ✔ restores app DML without leaving PUBLIC table or column write grants (1.776681ms)
@serpvera/db:test:   ✔ uses a monotonic per-property GSC claim order (4.120521ms)
@serpvera/db:test:   ✔ allows at most one connected Search Console property per project (0.822792ms)
@serpvera/db:test:   ✔ legacy evidence-link tenant trigger is installed and least-privileged (1.143837ms)
@serpvera/db:test:   ✔ patch storage accepts the complete lifecycle vocabulary (0.965291ms)
@serpvera/db:test:   ✔ the Action Center no longer accepts an unverified IMPLEMENTED state (1.162172ms)
@serpvera/db:test:   ✔ every tenant-owned table has organization_id NOT NULL and its declared timestamp (23.866084ms)
@serpvera/db:test:   ✔ primary keys exist on core tables (1.274764ms)
@serpvera/db:test:   ✔ foreign keys enforce organization ownership on tenant tables (5.346283ms)
@serpvera/db:test:   ✔ unique constraints: users.email, organizations.slug (1.259826ms)
@serpvera/db:test:   ✔ indexes exist on hot columns (1.253615ms)
@serpvera/db:test:   ✔ every tenant-owned table has ENABLED and FORCED RLS (0.788377ms)
@serpvera/db:test:   ✔ every tenant-owned table has a tenant_isolation policy (0.879158ms)
@serpvera/db:test:   ✔ finding_evidence has composite tenant foreign keys to both endpoints (0.62039ms)
@serpvera/db:test:   ✔ runtime role is non-superuser and non-bypassrls (0.66813ms)
@serpvera/db:test: ✔ DB-02 schema integrity (real PostgreSQL catalogs) (63.751692ms)
@serpvera/db:test: ℹ tests 79
@serpvera/db:test: ℹ suites 10
@serpvera/db:test: ℹ pass 79
@serpvera/db:test: ℹ fail 0
@serpvera/db:test: ℹ cancelled 0
@serpvera/db:test: ℹ skipped 0
@serpvera/db:test: ℹ todo 0
@serpvera/db:test: ℹ duration_ms 1921.582601
@serpvera/api:build: cache bypass, force executing 36e6d96c82fb4fae
@serpvera/api:build: 
@serpvera/api:build: > @serpvera/api@0.1.0 build /tmp/winseo-publish/apps/api
@serpvera/api:build: > tsc
@serpvera/api:build: 
@serpvera/web:build: cache bypass, force executing ef1cd248ca733dde
@serpvera/web:build: 
@serpvera/web:build: > @serpvera/web@0.1.0 build /tmp/winseo-publish/apps/web
@serpvera/web:build: > next build
@serpvera/web:build: 
@serpvera/web:build:    ▲ Next.js 15.5.27
@serpvera/web:build: 
@serpvera/web:build:    Creating an optimized production build ...
@serpvera/web:build:  ✓ Compiled successfully in 1938ms
@serpvera/web:build:    Linting and checking validity of types ...
@serpvera/web:build: 
@serpvera/web:build:  ⚠ The Next.js plugin was not detected in your ESLint configuration. See https://nextjs.org/docs/app/api-reference/config/eslint#migrating-existing-config
@serpvera/web:build:    Collecting page data ...
@serpvera/web:build:    Generating static pages (0/7) ...
@serpvera/web:build:    Generating static pages (1/7) 
@serpvera/web:build:    Generating static pages (3/7) 
@serpvera/web:build:    Generating static pages (5/7) 
@serpvera/web:build:  ✓ Generating static pages (7/7)
@serpvera/web:build:    Finalizing page optimization ...
@serpvera/web:build:    Collecting build traces ...
@serpvera/web:build: 
@serpvera/web:build: Route (app)                                                     Size  First Load JS
@serpvera/web:build: ┌ ƒ /                                                        2.39 kB         108 kB
@serpvera/web:build: ├ ○ /_not-found                                                992 B         104 kB
@serpvera/web:build: ├ ƒ /api/integrations/gsc/callback                             147 B         103 kB
@serpvera/web:build: ├ ƒ /api/scan                                                  147 B         103 kB
@serpvera/web:build: ├ ƒ /api/v1/[...path]                                          147 B         103 kB
@serpvera/web:build: ├ ƒ /dashboard                                               3.19 kB         109 kB
@serpvera/web:build: ├ ƒ /dashboard/[projectId]                                     923 B         107 kB
@serpvera/web:build: ├ ƒ /dashboard/[projectId]/actions                             170 B         106 kB
@serpvera/web:build: ├ ƒ /dashboard/[projectId]/actions/[actionId]                2.35 kB         108 kB
@serpvera/web:build: ├ ƒ /dashboard/[projectId]/ai-visibility                     6.39 kB         112 kB
@serpvera/web:build: ├ ƒ /dashboard/[projectId]/autofix                           3.69 kB         110 kB
@serpvera/web:build: ├ ƒ /dashboard/[projectId]/crawls                              170 B         106 kB
@serpvera/web:build: ├ ƒ /dashboard/[projectId]/decision-center                     170 B         106 kB
@serpvera/web:build: ├ ƒ /dashboard/[projectId]/findings                          1.75 kB         108 kB
@serpvera/web:build: ├ ƒ /dashboard/[projectId]/findings/[findingId]                170 B         106 kB
@serpvera/web:build: ├ ƒ /dashboard/[projectId]/reports                             370 B         106 kB
@serpvera/web:build: ├ ƒ /dashboard/[projectId]/search-performance                1.44 kB         108 kB
@serpvera/web:build: ├ ƒ /dashboard/[projectId]/search-performance/changes          981 B         107 kB
@serpvera/web:build: ├ ƒ /dashboard/[projectId]/search-performance/opportunities    981 B         107 kB
@serpvera/web:build: ├ ƒ /dashboard/[projectId]/search-performance/pages            981 B         107 kB
@serpvera/web:build: ├ ƒ /dashboard/[projectId]/search-performance/queries          981 B         107 kB
@serpvera/web:build: ├ ƒ /dashboard/security                                      1.76 kB         104 kB
@serpvera/web:build: ├ ○ /login                                                   1.98 kB         105 kB
@serpvera/web:build: ├ ○ /methodology                                               147 B         103 kB
@serpvera/web:build: ├ ○ /pricing                                                   147 B         103 kB
@serpvera/web:build: ├ ƒ /projects/[projectId]/actions                              147 B         103 kB
@serpvera/web:build: ├ ƒ /scan/[scanId]                                           2.16 kB         105 kB
@serpvera/web:build: └ ƒ /signup                                                    147 B         103 kB
@serpvera/web:build: + First Load JS shared by all                                 103 kB
@serpvera/web:build:   ├ chunks/812-52aaa9f8a3640ba4.js                           46.5 kB
@serpvera/web:build:   ├ chunks/9923a0e2-1a45aa5d099bff40.js                      54.2 kB
@serpvera/web:build:   └ other shared chunks (total)                              1.92 kB
@serpvera/web:build: 
@serpvera/web:build: 
@serpvera/web:build: ○  (Static)   prerendered as static content
@serpvera/web:build: ƒ  (Dynamic)  server-rendered on demand
@serpvera/web:build: 
@serpvera/api:test: cache bypass, force executing 3ad9cb6ee2816ea4
@serpvera/api:test: 
@serpvera/api:test: > @serpvera/api@0.1.0 test /tmp/winseo-publish/apps/api
@serpvera/api:test: > node --import ./src/test-env.ts --experimental-strip-types --test --test-concurrency=1 src/*.test.ts src/**/*.test.ts
@serpvera/api:test: 
@serpvera/api:test: {"level":30,"time":1791390512640,"pid":953532,"hostname":"wina-LOQ-16IRH8","driver":"postgres","role":"serpvera_app","msg":"store driver: postgres — persistence + RLS enforced"}
@serpvera/api:test: {"level":30,"time":1791390512670,"pid":953532,"hostname":"wina-LOQ-16IRH8","reqId":"req-1","req":{"method":"POST","url":"/v1/auth/register","host":"localhost:80","remoteAddress":"127.0.0.1"},"msg":"incoming request"}
@serpvera/api:test: {"timestamp":"2026-10-07T16:28:32.729Z","level":"info","message":"User registered","context":{"userId":"ef7b6528-cf37-42a9-9b75-f89a03823801"}}
@serpvera/api:test: {"level":30,"time":1791390512731,"pid":953532,"hostname":"wina-LOQ-16IRH8","reqId":"req-1","res":{"statusCode":201},"responseTime":60.34818200000001,"msg":"request completed"}
@serpvera/api:test: {"level":30,"time":1791390512732,"pid":953532,"hostname":"wina-LOQ-16IRH8","reqId":"req-2","req":{"method":"POST","url":"/v1/organizations","host":"localhost:80","remoteAddress":"127.0.0.1"},"msg":"incoming request"}
@serpvera/api:test: {"timestamp":"2026-10-07T16:28:32.736Z","level":"info","message":"Organization created","organizationId":"ae2d75be-75b9-40ee-9773-9d0f67df632f","context":{"organizationId":"ae2d75be-75b9-40ee-9773-9d0f67df632f","userId":"ef7b6528-cf37-42a9-9b75-f89a03823801"}}
@serpvera/api:test: {"level":30,"time":1791390512736,"pid":953532,"hostname":"wina-LOQ-16IRH8","reqId":"req-2","res":{"statusCode":201},"responseTime":4.355775999999992,"msg":"request completed"}
@serpvera/api:test: {"level":30,"time":1791390512736,"pid":953532,"hostname":"wina-LOQ-16IRH8","reqId":"req-3","req":{"method":"POST","url":"/v1/auth/select-organization","host":"localhost:80","remoteAddress":"127.0.0.1"},"msg":"incoming request"}
@serpvera/api:test: {"timestamp":"2026-10-07T16:28:32.741Z","level":"info","message":"Organization selected","organizationId":"ae2d75be-75b9-40ee-9773-9d0f67df632f","context":{"userId":"ef7b6528-cf37-42a9-9b75-f89a03823801","organizationId":"ae2d75be-75b9-40ee-9773-9d0f67df632f"}}
@serpvera/api:test: {"level":30,"time":1791390512741,"pid":953532,"hostname":"wina-LOQ-16IRH8","reqId":"req-3","res":{"statusCode":200},"responseTime":4.552286000000038,"msg":"request completed"}
@serpvera/api:test: {"level":30,"time":1791390512741,"pid":953532,"hostname":"wina-LOQ-16IRH8","reqId":"req-4","req":{"method":"POST","url":"/v1/auth/register","host":"localhost:80","remoteAddress":"127.0.0.1"},"msg":"incoming request"}
@serpvera/api:test: {"timestamp":"2026-10-07T16:28:32.778Z","level":"info","message":"User registered","context":{"userId":"1aa47912-0bb6-4a98-a08a-a32ff9a347a6"}}
@serpvera/api:test: {"level":30,"time":1791390512779,"pid":953532,"hostname":"wina-LOQ-16IRH8","reqId":"req-4","res":{"statusCode":201},"responseTime":37.339665999999966,"msg":"request completed"}
@serpvera/api:test: {"level":30,"time":1791390512779,"pid":953532,"hostname":"wina-LOQ-16IRH8","reqId":"req-5","req":{"method":"POST","url":"/v1/organizations","host":"localhost:80","remoteAddress":"127.0.0.1"},"msg":"incoming request"}
@serpvera/api:test: {"timestamp":"2026-10-07T16:28:32.782Z","level":"info","message":"Organization created","organizationId":"6195a298-cfbe-4952-89a2-5dc3ca2f076b","context":{"organizationId":"6195a298-cfbe-4952-89a2-5dc3ca2f076b","userId":"1aa47912-0bb6-4a98-a08a-a32ff9a347a6"}}
@serpvera/api:test: {"level":30,"time":1791390512782,"pid":953532,"hostname":"wina-LOQ-16IRH8","reqId":"req-5","res":{"statusCode":201},"responseTime":3.4477729999999838,"msg":"request completed"}
@serpvera/api:test: {"level":30,"time":1791390512783,"pid":953532,"hostname":"wina-LOQ-16IRH8","reqId":"req-6","req":{"method":"POST","url":"/v1/auth/select-organization","host":"localhost:80","remoteAddress":"127.0.0.1"},"msg":"incoming request"}
@serpvera/api:test: {"timestamp":"2026-10-07T16:28:32.786Z","level":"info","message":"Organization selected","organizationId":"6195a298-cfbe-4952-89a2-5dc3ca2f076b","context":{"userId":"1aa47912-0bb6-4a98-a08a-a32ff9a347a6","organizationId":"6195a298-cfbe-4952-89a2-5dc3ca2f076b"}}
@serpvera/api:test: {"level":30,"time":1791390512786,"pid":953532,"hostname":"wina-LOQ-16IRH8","reqId":"req-6","res":{"statusCode":200},"responseTime":3.5215220000000045,"msg":"request completed"}
@serpvera/api:test: {"level":30,"time":1791390512786,"pid":953532,"hostname":"wina-LOQ-16IRH8","reqId":"req-7","req":{"method":"POST","url":"/v1/projects","host":"localhost:80","remoteAddress":"127.0.0.1"},"msg":"incoming request"}
@serpvera/api:test: {"level":30,"time":1791390512790,"pid":953532,"hostname":"wina-LOQ-16IRH8","reqId":"req-7","res":{"statusCode":201},"responseTime":3.9573540000000094,"msg":"request completed"}
@serpvera/api:test: {"level":30,"time":1791390512810,"pid":953532,"hostname":"wina-LOQ-16IRH8","reqId":"req-8","req":{"method":"POST","url":"/v1/actions/ca08b9fd-a3d6-48b3-b660-f6d96678a4e5/transitions","host":"localhost:80","remoteAddress":"127.0.0.1"},"msg":"incoming request"}
@serpvera/api:test: {"level":30,"time":1791390512815,"pid":953532,"hostname":"wina-LOQ-16IRH8","reqId":"req-8","res":{"statusCode":409},"responseTime":5.19946699999997,"msg":"request completed"}
@serpvera/api:test: ▶ Action Center API + verification loop (real PostgreSQL)
@serpvera/api:test:   ✔ rejects an action without evidence (6.141183ms)
@serpvera/api:test: {"level":30,"time":1791390512816,"pid":953532,"hostname":"wina-LOQ-16IRH8","reqId":"req-9","req":{"method":"POST","url":"/v1/actions/d5a1783d-248e-4404-a00b-b7294dcfd78a/transitions","host":"localhost:80","remoteAddress":"127.0.0.1"},"msg":"incoming request"}
@serpvera/api:test: {"timestamp":"2026-10-07T16:28:32.818Z","level":"warn","message":"Request validation failed","context":{"issues":1}}
@serpvera/api:test:   ✔ rejects the former IMPLEMENTED label because it did not prove a site write (2.394075ms)
@serpvera/api:test: {"level":30,"time":1791390512818,"pid":953532,"hostname":"wina-LOQ-16IRH8","reqId":"req-9","res":{"statusCode":400},"responseTime":1.9380350000000135,"msg":"request completed"}
@serpvera/api:test: {"level":30,"time":1791390512819,"pid":953532,"hostname":"wina-LOQ-16IRH8","reqId":"req-a","req":{"method":"POST","url":"/v1/actions/0f2a7c54-d5a4-4001-b5f2-81bc8b3c41b4/transitions","host":"localhost:80","remoteAddress":"127.0.0.1"},"msg":"incoming request"}
@serpvera/api:test: {"level":30,"time":1791390512819,"pid":953532,"hostname":"wina-LOQ-16IRH8","reqId":"req-b","req":{"method":"POST","url":"/v1/actions/0f2a7c54-d5a4-4001-b5f2-81bc8b3c41b4/transitions","host":"localhost:80","remoteAddress":"127.0.0.1"},"msg":"incoming request"}
@serpvera/api:test: {"level":30,"time":1791390512825,"pid":953532,"hostname":"wina-LOQ-16IRH8","reqId":"req-a","res":{"statusCode":200},"responseTime":5.910667999999987,"msg":"request completed"}
@serpvera/api:test: {"level":30,"time":1791390512825,"pid":953532,"hostname":"wina-LOQ-16IRH8","reqId":"req-b","res":{"statusCode":409},"responseTime":6.134991000000014,"msg":"request completed"}
@serpvera/api:test: {"level":30,"time":1791390512826,"pid":953532,"hostname":"wina-LOQ-16IRH8","reqId":"req-c","req":{"method":"POST","url":"/v1/actions/0f2a7c54-d5a4-4001-b5f2-81bc8b3c41b4/transitions","host":"localhost:80","remoteAddress":"127.0.0.1"},"msg":"incoming request"}
@serpvera/api:test: {"level":30,"time":1791390512832,"pid":953532,"hostname":"wina-LOQ-16IRH8","reqId":"req-c","res":{"statusCode":200},"responseTime":5.649795999999981,"msg":"request completed"}
@serpvera/api:test: {"level":30,"time":1791390512832,"pid":953532,"hostname":"wina-LOQ-16IRH8","reqId":"req-d","req":{"method":"POST","url":"/v1/actions/0f2a7c54-d5a4-4001-b5f2-81bc8b3c41b4/transitions","host":"localhost:80","remoteAddress":"127.0.0.1"},"msg":"incoming request"}
@serpvera/api:test: {"level":30,"time":1791390512836,"pid":953532,"hostname":"wina-LOQ-16IRH8","reqId":"req-d","res":{"statusCode":200},"responseTime":4.088169999999991,"msg":"request completed"}
@serpvera/api:test:   ✔ protects concurrent transitions and audits explicit recommendation rejection (17.45385ms)
@serpvera/api:test: {"level":30,"time":1791390512836,"pid":953532,"hostname":"wina-LOQ-16IRH8","reqId":"req-e","req":{"method":"POST","url":"/v1/actions/d5a1783d-248e-4404-a00b-b7294dcfd78a/transitions","host":"localhost:80","remoteAddress":"127.0.0.1"},"msg":"incoming request"}
@serpvera/api:test: {"level":30,"time":1791390512840,"pid":953532,"hostname":"wina-LOQ-16IRH8","reqId":"req-e","res":{"statusCode":200},"responseTime":3.805507999999975,"msg":"request completed"}
@serpvera/api:test: {"level":30,"time":1791390512840,"pid":953532,"hostname":"wina-LOQ-16IRH8","reqId":"req-f","req":{"method":"POST","url":"/v1/actions/d5a1783d-248e-4404-a00b-b7294dcfd78a/transitions","host":"localhost:80","remoteAddress":"127.0.0.1"},"msg":"incoming request"}
@serpvera/api:test: {"level":30,"time":1791390512842,"pid":953532,"hostname":"wina-LOQ-16IRH8","reqId":"req-f","res":{"statusCode":409},"responseTime":1.3154910000000086,"msg":"request completed"}
@serpvera/api:test: {"level":30,"time":1791390512842,"pid":953532,"hostname":"wina-LOQ-16IRH8","reqId":"req-g","req":{"method":"POST","url":"/v1/actions/d5a1783d-248e-4404-a00b-b7294dcfd78a/transitions","host":"localhost:80","remoteAddress":"127.0.0.1"},"msg":"incoming request"}
@serpvera/api:test: {"level":30,"time":1791390512846,"pid":953532,"hostname":"wina-LOQ-16IRH8","reqId":"req-g","res":{"statusCode":200},"responseTime":4.034229000000039,"msg":"request completed"}
@serpvera/api:test: {"level":30,"time":1791390512846,"pid":953532,"hostname":"wina-LOQ-16IRH8","reqId":"req-h","req":{"method":"POST","url":"/v1/actions/d5a1783d-248e-4404-a00b-b7294dcfd78a/transitions","host":"localhost:80","remoteAddress":"127.0.0.1"},"msg":"incoming request"}
@serpvera/api:test: {"level":30,"time":1791390512849,"pid":953532,"hostname":"wina-LOQ-16IRH8","reqId":"req-h","res":{"statusCode":409},"responseTime":2.923103000000026,"msg":"request completed"}
@serpvera/api:test: {"level":30,"time":1791390512849,"pid":953532,"hostname":"wina-LOQ-16IRH8","reqId":"req-i","req":{"method":"POST","url":"/v1/actions/d5a1783d-248e-4404-a00b-b7294dcfd78a/transitions","host":"localhost:80","remoteAddress":"127.0.0.1"},"msg":"incoming request"}
@serpvera/api:test: {"level":30,"time":1791390512853,"pid":953532,"hostname":"wina-LOQ-16IRH8","reqId":"req-i","res":{"statusCode":200},"responseTime":3.477037999999993,"msg":"request completed"}
@serpvera/api:test: {"level":30,"time":1791390512853,"pid":953532,"hostname":"wina-LOQ-16IRH8","reqId":"req-j","req":{"method":"POST","url":"/v1/actions/d5a1783d-248e-4404-a00b-b7294dcfd78a/transitions","host":"localhost:80","remoteAddress":"127.0.0.1"},"msg":"incoming request"}
@serpvera/api:test: {"level":30,"time":1791390512856,"pid":953532,"hostname":"wina-LOQ-16IRH8","reqId":"req-j","res":{"statusCode":200},"responseTime":3.389293000000009,"msg":"request completed"}
@serpvera/api:test: {"level":30,"time":1791390512856,"pid":953532,"hostname":"wina-LOQ-16IRH8","reqId":"req-k","req":{"method":"POST","url":"/v1/actions/d5a1783d-248e-4404-a00b-b7294dcfd78a/transitions","host":"localhost:80","remoteAddress":"127.0.0.1"},"msg":"incoming request"}
@serpvera/api:test: {"level":30,"time":1791390512858,"pid":953532,"hostname":"wina-LOQ-16IRH8","reqId":"req-k","res":{"statusCode":409},"responseTime":1.5114300000000185,"msg":"request completed"}
@serpvera/api:test: {"level":30,"time":1791390512858,"pid":953532,"hostname":"wina-LOQ-16IRH8","reqId":"req-l","req":{"method":"POST","url":"/v1/actions/d5a1783d-248e-4404-a00b-b7294dcfd78a/transitions","host":"localhost:80","remoteAddress":"127.0.0.1"},"msg":"incoming request"}
@serpvera/api:test: {"level":30,"time":1791390512863,"pid":953532,"hostname":"wina-LOQ-16IRH8","reqId":"req-l","res":{"statusCode":200},"responseTime":4.561935000000005,"msg":"request completed"}
@serpvera/api:test: {"level":30,"time":1791390512864,"pid":953532,"hostname":"wina-LOQ-16IRH8","reqId":"req-m","req":{"method":"POST","url":"/v1/actions/d5a1783d-248e-4404-a00b-b7294dcfd78a/transitions","host":"localhost:80","remoteAddress":"127.0.0.1"},"msg":"incoming request"}
@serpvera/api:test: {"level":30,"time":1791390512869,"pid":953532,"hostname":"wina-LOQ-16IRH8","reqId":"req-m","res":{"statusCode":200},"responseTime":4.607210000000009,"msg":"request completed"}
@serpvera/api:test: {"level":30,"time":1791390512869,"pid":953532,"hostname":"wina-LOQ-16IRH8","reqId":"req-n","req":{"method":"POST","url":"/v1/actions/d5a1783d-248e-4404-a00b-b7294dcfd78a/transitions","host":"localhost:80","remoteAddress":"127.0.0.1"},"msg":"incoming request"}
@serpvera/api:test: {"level":30,"time":1791390512873,"pid":953532,"hostname":"wina-LOQ-16IRH8","reqId":"req-n","res":{"statusCode":200},"responseTime":3.5942190000000096,"msg":"request completed"}
@serpvera/api:test:   ✔ rejects implementation without approval, rejects verification without measurement, and computes VERIFIED from the declared gate (36.667689ms)
@serpvera/api:test: {"level":30,"time":1791390512873,"pid":953532,"hostname":"wina-LOQ-16IRH8","reqId":"req-o","req":{"method":"GET","url":"/v1/actions/d5a1783d-248e-4404-a00b-b7294dcfd78a","host":"localhost:80","remoteAddress":"127.0.0.1"},"msg":"incoming request"}
@serpvera/api:test: {"level":30,"time":1791390512874,"pid":953532,"hostname":"wina-LOQ-16IRH8","reqId":"req-o","res":{"statusCode":404},"responseTime":1.3082270000000449,"msg":"request completed"}
@serpvera/api:test: {"level":30,"time":1791390512875,"pid":953532,"hostname":"wina-LOQ-16IRH8","reqId":"req-p","req":{"method":"POST","url":"/v1/actions/d5a1783d-248e-4404-a00b-b7294dcfd78a/transitions","host":"localhost:80","remoteAddress":"127.0.0.1"},"msg":"incoming request"}
@serpvera/api:test: {"level":30,"time":1791390512876,"pid":953532,"hostname":"wina-LOQ-16IRH8","reqId":"req-p","res":{"statusCode":404},"responseTime":1.1402410000000032,"msg":"request completed"}
@serpvera/api:test:   ✔ returns uniform 404 for cross-tenant action reads and writes (2.940887ms)
@serpvera/api:test:   ✔ keeps audit history append-only at the database boundary (2.196333ms)
@serpvera/api:test: ✔ Action Center API + verification loop (real PostgreSQL) (287.255111ms)
@serpvera/api:test: {"level":30,"time":1791390513172,"pid":953546,"hostname":"wina-LOQ-16IRH8","driver":"postgres","role":"serpvera_app","msg":"store driver: postgres — persistence + RLS enforced"}
@serpvera/api:test: {"level":30,"time":1791390513203,"pid":953546,"hostname":"wina-LOQ-16IRH8","reqId":"req-1","req":{"method":"POST","url":"/v1/auth/register","host":"localhost:80","remoteAddress":"127.0.0.1"},"msg":"incoming request"}
@serpvera/api:test: {"timestamp":"2026-10-07T16:28:33.262Z","level":"info","message":"User registered","context":{"userId":"54dc6da4-2f2f-43fc-a09d-3bfa17448e65"}}
@serpvera/api:test: {"level":30,"time":1791390513264,"pid":953546,"hostname":"wina-LOQ-16IRH8","reqId":"req-1","res":{"statusCode":201},"responseTime":60.57810699999999,"msg":"request completed"}
@serpvera/api:test: {"level":30,"time":1791390513265,"pid":953546,"hostname":"wina-LOQ-16IRH8","reqId":"req-2","req":{"method":"POST","url":"/v1/organizations","host":"localhost:80","remoteAddress":"127.0.0.1"},"msg":"incoming request"}
@serpvera/api:test: {"timestamp":"2026-10-07T16:28:33.269Z","level":"info","message":"Organization created","organizationId":"e251a36c-80ab-4f1a-a843-d3a1bbaf3904","context":{"organizationId":"e251a36c-80ab-4f1a-a843-d3a1bbaf3904","userId":"54dc6da4-2f2f-43fc-a09d-3bfa17448e65"}}
@serpvera/api:test: {"level":30,"time":1791390513269,"pid":953546,"hostname":"wina-LOQ-16IRH8","reqId":"req-2","res":{"statusCode":201},"responseTime":4.530915999999991,"msg":"request completed"}
@serpvera/api:test: {"level":30,"time":1791390513270,"pid":953546,"hostname":"wina-LOQ-16IRH8","reqId":"req-3","req":{"method":"POST","url":"/v1/auth/select-organization","host":"localhost:80","remoteAddress":"127.0.0.1"},"msg":"incoming request"}
@serpvera/api:test: {"timestamp":"2026-10-07T16:28:33.274Z","level":"info","message":"Organization selected","organizationId":"e251a36c-80ab-4f1a-a843-d3a1bbaf3904","context":{"userId":"54dc6da4-2f2f-43fc-a09d-3bfa17448e65","organizationId":"e251a36c-80ab-4f1a-a843-d3a1bbaf3904"}}
@serpvera/api:test: {"level":30,"time":1791390513274,"pid":953546,"hostname":"wina-LOQ-16IRH8","reqId":"req-3","res":{"statusCode":200},"responseTime":4.630934999999965,"msg":"request completed"}
@serpvera/api:test: {"level":30,"time":1791390513275,"pid":953546,"hostname":"wina-LOQ-16IRH8","reqId":"req-4","req":{"method":"POST","url":"/v1/auth/register","host":"localhost:80","remoteAddress":"127.0.0.1"},"msg":"incoming request"}
@serpvera/api:test: {"timestamp":"2026-10-07T16:28:33.312Z","level":"info","message":"User registered","context":{"userId":"49cac97e-7279-4b7f-9c6b-c2a4ee1542c1"}}
@serpvera/api:test: {"level":30,"time":1791390513313,"pid":953546,"hostname":"wina-LOQ-16IRH8","reqId":"req-4","res":{"statusCode":201},"responseTime":37.747615999999994,"msg":"request completed"}
@serpvera/api:test: {"level":30,"time":1791390513313,"pid":953546,"hostname":"wina-LOQ-16IRH8","reqId":"req-5","req":{"method":"POST","url":"/v1/organizations","host":"localhost:80","remoteAddress":"127.0.0.1"},"msg":"incoming request"}
@serpvera/api:test: {"timestamp":"2026-10-07T16:28:33.316Z","level":"info","message":"Organization created","organizationId":"7d6c9d28-4df9-427d-bfd9-e877e916686e","context":{"organizationId":"7d6c9d28-4df9-427d-bfd9-e877e916686e","userId":"49cac97e-7279-4b7f-9c6b-c2a4ee1542c1"}}
@serpvera/api:test: {"level":30,"time":1791390513316,"pid":953546,"hostname":"wina-LOQ-16IRH8","reqId":"req-5","res":{"statusCode":201},"responseTime":2.8603449999999953,"msg":"request completed"}
@serpvera/api:test: {"level":30,"time":1791390513316,"pid":953546,"hostname":"wina-LOQ-16IRH8","reqId":"req-6","req":{"method":"POST","url":"/v1/auth/select-organization","host":"localhost:80","remoteAddress":"127.0.0.1"},"msg":"incoming request"}
@serpvera/api:test: {"timestamp":"2026-10-07T16:28:33.319Z","level":"info","message":"Organization selected","organizationId":"7d6c9d28-4df9-427d-bfd9-e877e916686e","context":{"userId":"49cac97e-7279-4b7f-9c6b-c2a4ee1542c1","organizationId":"7d6c9d28-4df9-427d-bfd9-e877e916686e"}}
@serpvera/api:test: {"level":30,"time":1791390513320,"pid":953546,"hostname":"wina-LOQ-16IRH8","reqId":"req-6","res":{"statusCode":200},"responseTime":3.633503000000019,"msg":"request completed"}
@serpvera/api:test: {"level":30,"time":1791390513320,"pid":953546,"hostname":"wina-LOQ-16IRH8","reqId":"req-7","req":{"method":"POST","url":"/v1/projects","host":"localhost:80","remoteAddress":"127.0.0.1"},"msg":"incoming request"}
@serpvera/api:test: {"level":30,"time":1791390513324,"pid":953546,"hostname":"wina-LOQ-16IRH8","reqId":"req-7","res":{"statusCode":201},"responseTime":4.11623400000002,"msg":"request completed"}
@serpvera/api:test: {"level":30,"time":1791390513324,"pid":953546,"hostname":"wina-LOQ-16IRH8","reqId":"req-8","req":{"method":"POST","url":"/v1/projects","host":"localhost:80","remoteAddress":"127.0.0.1"},"msg":"incoming request"}
@serpvera/api:test: {"level":30,"time":1791390513328,"pid":953546,"hostname":"wina-LOQ-16IRH8","reqId":"req-8","res":{"statusCode":201},"responseTime":3.5329229999999825,"msg":"request completed"}
@serpvera/api:test: {"level":30,"time":1791390513328,"pid":953546,"hostname":"wina-LOQ-16IRH8","reqId":"req-9","req":{"method":"POST","url":"/v1/auth/register","host":"localhost:80","remoteAddress":"127.0.0.1"},"msg":"incoming request"}
@serpvera/api:test: {"timestamp":"2026-10-07T16:28:33.365Z","level":"info","message":"User registered","context":{"userId":"bdbd52ec-c78f-4bf0-9878-16ce2e53b395"}}
@serpvera/api:test: {"level":30,"time":1791390513365,"pid":953546,"hostname":"wina-LOQ-16IRH8","reqId":"req-9","res":{"statusCode":201},"responseTime":36.777957000000015,"msg":"request completed"}
@serpvera/api:test: {"level":30,"time":1791390513367,"pid":953546,"hostname":"wina-LOQ-16IRH8","reqId":"req-a","req":{"method":"POST","url":"/v1/auth/select-organization","host":"localhost:80","remoteAddress":"127.0.0.1"},"msg":"incoming request"}
@serpvera/api:test: {"timestamp":"2026-10-07T16:28:33.370Z","level":"info","message":"Organization selected","organizationId":"e251a36c-80ab-4f1a-a843-d3a1bbaf3904","context":{"userId":"bdbd52ec-c78f-4bf0-9878-16ce2e53b395","organizationId":"e251a36c-80ab-4f1a-a843-d3a1bbaf3904"}}
@serpvera/api:test: {"level":30,"time":1791390513370,"pid":953546,"hostname":"wina-LOQ-16IRH8","reqId":"req-a","res":{"statusCode":200},"responseTime":3.1111480000000142,"msg":"request completed"}
@serpvera/api:test: {"level":30,"time":1791390513370,"pid":953546,"hostname":"wina-LOQ-16IRH8","reqId":"req-b","req":{"method":"POST","url":"/v1/auth/register","host":"localhost:80","remoteAddress":"127.0.0.1"},"msg":"incoming request"}
@serpvera/api:test: {"timestamp":"2026-10-07T16:28:33.400Z","level":"info","message":"User registered","context":{"userId":"e815465d-fc71-4632-b352-48590ef0162a"}}
@serpvera/api:test: {"level":30,"time":1791390513400,"pid":953546,"hostname":"wina-LOQ-16IRH8","reqId":"req-b","res":{"statusCode":201},"responseTime":29.423225000000002,"msg":"request completed"}
@serpvera/api:test: {"level":30,"time":1791390513402,"pid":953546,"hostname":"wina-LOQ-16IRH8","reqId":"req-c","req":{"method":"POST","url":"/v1/auth/select-organization","host":"localhost:80","remoteAddress":"127.0.0.1"},"msg":"incoming request"}
@serpvera/api:test: {"timestamp":"2026-10-07T16:28:33.405Z","level":"info","message":"Organization selected","organizationId":"e251a36c-80ab-4f1a-a843-d3a1bbaf3904","context":{"userId":"e815465d-fc71-4632-b352-48590ef0162a","organizationId":"e251a36c-80ab-4f1a-a843-d3a1bbaf3904"}}
@serpvera/api:test: {"level":30,"time":1791390513405,"pid":953546,"hostname":"wina-LOQ-16IRH8","reqId":"req-c","res":{"statusCode":200},"responseTime":3.2837640000000192,"msg":"request completed"}
@serpvera/api:test: {"level":30,"time":1791390513405,"pid":953546,"hostname":"wina-LOQ-16IRH8","reqId":"req-d","req":{"method":"POST","url":"/v1/auth/register","host":"localhost:80","remoteAddress":"127.0.0.1"},"msg":"incoming request"}
@serpvera/api:test: {"timestamp":"2026-10-07T16:28:33.434Z","level":"info","message":"User registered","context":{"userId":"a01d2725-341a-40ab-bae8-d2a3880fc9f5"}}
@serpvera/api:test: {"level":30,"time":1791390513434,"pid":953546,"hostname":"wina-LOQ-16IRH8","reqId":"req-d","res":{"statusCode":201},"responseTime":29.42628099999996,"msg":"request completed"}
@serpvera/api:test: {"level":30,"time":1791390513436,"pid":953546,"hostname":"wina-LOQ-16IRH8","reqId":"req-e","req":{"method":"POST","url":"/v1/auth/select-organization","host":"localhost:80","remoteAddress":"127.0.0.1"},"msg":"incoming request"}
@serpvera/api:test: {"timestamp":"2026-10-07T16:28:33.441Z","level":"info","message":"Organization selected","organizationId":"e251a36c-80ab-4f1a-a843-d3a1bbaf3904","context":{"userId":"a01d2725-341a-40ab-bae8-d2a3880fc9f5","organizationId":"e251a36c-80ab-4f1a-a843-d3a1bbaf3904"}}
@serpvera/api:test: {"level":30,"time":1791390513441,"pid":953546,"hostname":"wina-LOQ-16IRH8","reqId":"req-e","res":{"statusCode":200},"responseTime":4.547708000000057,"msg":"request completed"}
@serpvera/api:test: {"level":30,"time":1791390513442,"pid":953546,"hostname":"wina-LOQ-16IRH8","reqId":"req-f","req":{"method":"POST","url":"/v1/projects/e96a96f3-0aaa-4703-bb62-7bdc13557fce/ai-visibility/imports","host":"localhost:80","remoteAddress":"127.0.0.1"},"msg":"incoming request"}
@serpvera/api:test: {"level":30,"time":1791390513452,"pid":953546,"hostname":"wina-LOQ-16IRH8","reqId":"req-f","res":{"statusCode":201},"responseTime":9.600757999999928,"msg":"request completed"}
@serpvera/api:test: {"level":30,"time":1791390513453,"pid":953546,"hostname":"wina-LOQ-16IRH8","reqId":"req-g","req":{"method":"GET","url":"/v1/projects/e96a96f3-0aaa-4703-bb62-7bdc13557fce/ai-visibility/imports","host":"localhost:80","remoteAddress":"127.0.0.1"},"msg":"incoming request"}
@serpvera/api:test: {"level":30,"time":1791390513455,"pid":953546,"hostname":"wina-LOQ-16IRH8","reqId":"req-g","res":{"statusCode":200},"responseTime":2.3571860000000697,"msg":"request completed"}
@serpvera/api:test: {"level":30,"time":1791390513455,"pid":953546,"hostname":"wina-LOQ-16IRH8","reqId":"req-h","req":{"method":"GET","url":"/v1/projects/e96a96f3-0aaa-4703-bb62-7bdc13557fce/ai-visibility/imports/ac8f6464-941d-4449-acc8-bbd5fd971ef4","host":"localhost:80","remoteAddress":"127.0.0.1"},"msg":"incoming request"}
@serpvera/api:test: {"level":30,"time":1791390513463,"pid":953546,"hostname":"wina-LOQ-16IRH8","reqId":"req-h","res":{"statusCode":200},"responseTime":7.408923999999956,"msg":"request completed"}
@serpvera/api:test: {"level":30,"time":1791390513463,"pid":953546,"hostname":"wina-LOQ-16IRH8","reqId":"req-i","req":{"method":"POST","url":"/v1/projects/e96a96f3-0aaa-4703-bb62-7bdc13557fce/ai-visibility/imports","host":"localhost:80","remoteAddress":"127.0.0.1"},"msg":"incoming request"}
@serpvera/api:test: {"level":30,"time":1791390513470,"pid":953546,"hostname":"wina-LOQ-16IRH8","reqId":"req-i","res":{"statusCode":201},"responseTime":7.435103000000026,"msg":"request completed"}
@serpvera/api:test: {"level":30,"time":1791390513471,"pid":953546,"hostname":"wina-LOQ-16IRH8","reqId":"req-j","req":{"method":"GET","url":"/v1/projects/e96a96f3-0aaa-4703-bb62-7bdc13557fce/ai-visibility/imports?compare=ac8f6464-941d-4449-acc8-bbd5fd971ef4,64f365ca-d037-4813-ac20-b0a26d1ef8cc","host":"localhost:80","remoteAddress":"127.0.0.1"},"msg":"incoming request"}
@serpvera/api:test: {"level":30,"time":1791390513479,"pid":953546,"hostname":"wina-LOQ-16IRH8","reqId":"req-j","res":{"statusCode":200},"responseTime":8.597386000000029,"msg":"request completed"}
@serpvera/api:test: ▶ AI visibility imports (authenticated API + PostgreSQL)
@serpvera/api:test:   ✔ persists the exact CSV hash and returns stored per-engine/prompt statistics (38.312581ms)
@serpvera/api:test: {"level":30,"time":1791390513481,"pid":953546,"hostname":"wina-LOQ-16IRH8","reqId":"req-k","req":{"method":"POST","url":"/v1/projects/e96a96f3-0aaa-4703-bb62-7bdc13557fce/ai-visibility/imports","host":"localhost:80","remoteAddress":"127.0.0.1"},"msg":"incoming request"}
@serpvera/api:test: {"level":30,"time":1791390513482,"pid":953546,"hostname":"wina-LOQ-16IRH8","reqId":"req-k","res":{"statusCode":403},"responseTime":1.7315959999999677,"msg":"request completed"}
@serpvera/api:test: {"level":30,"time":1791390513482,"pid":953546,"hostname":"wina-LOQ-16IRH8","reqId":"req-l","req":{"method":"POST","url":"/v1/projects/e96a96f3-0aaa-4703-bb62-7bdc13557fce/ai-visibility/imports","host":"localhost:80","remoteAddress":"127.0.0.1"},"msg":"incoming request"}
@serpvera/api:test: {"level":30,"time":1791390513484,"pid":953546,"hostname":"wina-LOQ-16IRH8","reqId":"req-l","res":{"statusCode":403},"responseTime":1.1379660000000058,"msg":"request completed"}
@serpvera/api:test:   ✔ denies evidence imports to same-tenant VIEWER and BILLING roles (3.371209ms)
@serpvera/api:test: {"level":30,"time":1791390513486,"pid":953546,"hostname":"wina-LOQ-16IRH8","reqId":"req-m","req":{"method":"POST","url":"/v1/projects/e96a96f3-0aaa-4703-bb62-7bdc13557fce/ai-visibility/imports","host":"localhost:80","remoteAddress":"127.0.0.1"},"msg":"incoming request"}
@serpvera/api:test: {"level":30,"time":1791390513487,"pid":953546,"hostname":"wina-LOQ-16IRH8","reqId":"req-m","res":{"statusCode":403},"responseTime":1.1441780000000108,"msg":"request completed"}
@serpvera/api:test:   ✔ uses the current membership role after a session role is downgraded (3.115786ms)
@serpvera/api:test: {"level":30,"time":1791390513487,"pid":953546,"hostname":"wina-LOQ-16IRH8","reqId":"req-n","req":{"method":"POST","url":"/v1/projects/e96a96f3-0aaa-4703-bb62-7bdc13557fce/ai-visibility/imports","host":"localhost:80","remoteAddress":"127.0.0.1"},"msg":"incoming request"}
@serpvera/api:test: {"level":30,"time":1791390513488,"pid":953546,"hostname":"wina-LOQ-16IRH8","reqId":"req-n","res":{"statusCode":400},"responseTime":1.29945100000009,"msg":"request completed"}
@serpvera/api:test: {"level":30,"time":1791390513489,"pid":953546,"hostname":"wina-LOQ-16IRH8","reqId":"req-o","req":{"method":"POST","url":"/v1/projects/e96a96f3-0aaa-4703-bb62-7bdc13557fce/ai-visibility/imports","host":"localhost:80","remoteAddress":"127.0.0.1"},"msg":"incoming request"}
@serpvera/api:test: {"level":30,"time":1791390513490,"pid":953546,"hostname":"wina-LOQ-16IRH8","reqId":"req-o","res":{"statusCode":400},"responseTime":1.302616999999941,"msg":"request completed"}
@serpvera/api:test: {"level":30,"time":1791390513493,"pid":953546,"hostname":"wina-LOQ-16IRH8","reqId":"req-p","req":{"method":"POST","url":"/v1/projects/e96a96f3-0aaa-4703-bb62-7bdc13557fce/ai-visibility/imports","host":"localhost:80","remoteAddress":"127.0.0.1"},"msg":"incoming request"}
@serpvera/api:test: {"level":30,"time":1791390513496,"pid":953546,"hostname":"wina-LOQ-16IRH8","reqId":"req-p","res":{"statusCode":413},"responseTime":2.718497999999954,"msg":"request completed"}
@serpvera/api:test: {"level":30,"time":1791390513496,"pid":953546,"hostname":"wina-LOQ-16IRH8","reqId":"req-q","req":{"method":"POST","url":"/v1/projects/e96a96f3-0aaa-4703-bb62-7bdc13557fce/ai-visibility/imports","host":"localhost:80","remoteAddress":"127.0.0.1"},"msg":"incoming request"}
@serpvera/api:test: {"level":30,"time":1791390513499,"pid":953546,"hostname":"wina-LOQ-16IRH8","reqId":"req-q","res":{"statusCode":409},"responseTime":2.6312829999999394,"msg":"request completed"}
@serpvera/api:test:   ✔ rejects a false hash, malformed CSV, oversized CSV, and duplicate file (12.057031ms)
@serpvera/api:test: {"level":30,"time":1791390513499,"pid":953546,"hostname":"wina-LOQ-16IRH8","reqId":"req-r","req":{"method":"GET","url":"/v1/projects/e96a96f3-0aaa-4703-bb62-7bdc13557fce/ai-visibility/imports","host":"localhost:80","remoteAddress":"127.0.0.1"},"msg":"incoming request"}
@serpvera/api:test: {"level":30,"time":1791390513500,"pid":953546,"hostname":"wina-LOQ-16IRH8","reqId":"req-r","res":{"statusCode":401},"responseTime":0.19858399999998255,"msg":"request completed"}
@serpvera/api:test: {"level":30,"time":1791390513500,"pid":953546,"hostname":"wina-LOQ-16IRH8","reqId":"req-s","req":{"method":"GET","url":"/v1/projects/e96a96f3-0aaa-4703-bb62-7bdc13557fce/ai-visibility/imports","host":"localhost:80","remoteAddress":"127.0.0.1"},"msg":"incoming request"}
@serpvera/api:test: {"level":30,"time":1791390513501,"pid":953546,"hostname":"wina-LOQ-16IRH8","reqId":"req-s","res":{"statusCode":404},"responseTime":1.6616439999999102,"msg":"request completed"}
@serpvera/api:test: {"level":30,"time":1791390513501,"pid":953546,"hostname":"wina-LOQ-16IRH8","reqId":"req-t","req":{"method":"GET","url":"/v1/projects/9e98671b-6e4c-4c8d-b080-a0b8e52ca59b/ai-visibility/imports/ac8f6464-941d-4449-acc8-bbd5fd971ef4","host":"localhost:80","remoteAddress":"127.0.0.1"},"msg":"incoming request"}
@serpvera/api:test: {"level":30,"time":1791390513504,"pid":953546,"hostname":"wina-LOQ-16IRH8","reqId":"req-t","res":{"statusCode":404},"responseTime":2.1669369999999617,"msg":"request completed"}
@serpvera/api:test: {"level":30,"time":1791390513504,"pid":953546,"hostname":"wina-LOQ-16IRH8","reqId":"req-u","req":{"method":"POST","url":"/v1/projects/e96a96f3-0aaa-4703-bb62-7bdc13557fce/ai-visibility/imports","host":"localhost:80","remoteAddress":"127.0.0.1"},"msg":"incoming request"}
@serpvera/api:test: {"level":30,"time":1791390513505,"pid":953546,"hostname":"wina-LOQ-16IRH8","reqId":"req-u","res":{"statusCode":404},"responseTime":1.309861000000069,"msg":"request completed"}
@serpvera/api:test:   ✔ requires a session and hides project/import IDs across tenants (6.338024ms)
@serpvera/api:test: ✔ AI visibility imports (authenticated API + PostgreSQL) (381.383927ms)
@serpvera/api:test: {"level":30,"time":1791390513796,"pid":953560,"hostname":"wina-LOQ-16IRH8","driver":"postgres","role":"serpvera_app","msg":"store driver: postgres — persistence + RLS enforced"}
@serpvera/api:test: {"level":30,"time":1791390513828,"pid":953560,"hostname":"wina-LOQ-16IRH8","reqId":"req-1","req":{"method":"POST","url":"/v1/auth/register","host":"localhost:80","remoteAddress":"127.0.0.1"},"msg":"incoming request"}
@serpvera/api:test: {"timestamp":"2026-10-07T16:28:33.887Z","level":"info","message":"User registered","context":{"userId":"e3275a0f-357d-413f-8ea8-e7d8ae570615"}}
@serpvera/api:test: {"level":30,"time":1791390513889,"pid":953560,"hostname":"wina-LOQ-16IRH8","reqId":"req-1","res":{"statusCode":201},"responseTime":60.33989699999995,"msg":"request completed"}
@serpvera/api:test: {"level":30,"time":1791390513892,"pid":953560,"hostname":"wina-LOQ-16IRH8","reqId":"req-2","req":{"method":"POST","url":"/v1/auth/register","host":"localhost:80","remoteAddress":"127.0.0.1"},"msg":"incoming request"}
@serpvera/api:test: ▶ API persistence over real PostgreSQL (RLS enforced)
@serpvera/api:test:   ✔ register persists the user in PostgreSQL (hash stored, no plaintext leak) (70.74888ms)
@serpvera/api:test: {"level":30,"time":1791390513927,"pid":953560,"hostname":"wina-LOQ-16IRH8","reqId":"req-2","res":{"statusCode":409},"responseTime":34.78969599999999,"msg":"request completed"}
@serpvera/api:test:   ✔ duplicate register is rejected by the DB UNIQUE constraint (409 EMAIL_EXISTS) (35.466955ms)
@serpvera/api:test: {"level":30,"time":1791390513928,"pid":953560,"hostname":"wina-LOQ-16IRH8","reqId":"req-3","req":{"method":"GET","url":"/v1/auth/me","host":"localhost:80","remoteAddress":"127.0.0.1"},"msg":"incoming request"}
@serpvera/api:test: {"level":30,"time":1791390513932,"pid":953560,"hostname":"wina-LOQ-16IRH8","reqId":"req-3","res":{"statusCode":401},"responseTime":3.9272770000000037,"msg":"request completed"}
@serpvera/api:test:   ✔ a forged session cookie is rejected (opaque server-side tokens) (4.583736ms)
@serpvera/api:test: {"level":30,"time":1791390513932,"pid":953560,"hostname":"wina-LOQ-16IRH8","reqId":"req-4","req":{"method":"POST","url":"/v1/auth/login","host":"localhost:80","remoteAddress":"127.0.0.1"},"msg":"incoming request"}
@serpvera/api:test: {"level":30,"time":1791390513972,"pid":953560,"hostname":"wina-LOQ-16IRH8","reqId":"req-4","res":{"statusCode":200},"responseTime":39.36062800000002,"msg":"request completed"}
@serpvera/api:test: {"level":30,"time":1791390513972,"pid":953560,"hostname":"wina-LOQ-16IRH8","reqId":"req-5","req":{"method":"POST","url":"/v1/organizations","host":"localhost:80","remoteAddress":"127.0.0.1"},"msg":"incoming request"}
@serpvera/api:test: {"timestamp":"2026-10-07T16:28:33.976Z","level":"info","message":"Organization created","organizationId":"ba53cf0b-9184-4b06-8939-082aa16900e7","context":{"organizationId":"ba53cf0b-9184-4b06-8939-082aa16900e7","userId":"e3275a0f-357d-413f-8ea8-e7d8ae570615"}}
@serpvera/api:test: {"level":30,"time":1791390513976,"pid":953560,"hostname":"wina-LOQ-16IRH8","reqId":"req-5","res":{"statusCode":201},"responseTime":3.953045999999972,"msg":"request completed"}
@serpvera/api:test: {"level":30,"time":1791390513978,"pid":953560,"hostname":"wina-LOQ-16IRH8","reqId":"req-6","req":{"method":"POST","url":"/v1/auth/select-organization","host":"localhost:80","remoteAddress":"127.0.0.1"},"msg":"incoming request"}
@serpvera/api:test: {"timestamp":"2026-10-07T16:28:33.982Z","level":"info","message":"Organization selected","organizationId":"ba53cf0b-9184-4b06-8939-082aa16900e7","context":{"userId":"e3275a0f-357d-413f-8ea8-e7d8ae570615","organizationId":"ba53cf0b-9184-4b06-8939-082aa16900e7"}}
@serpvera/api:test: {"level":30,"time":1791390513982,"pid":953560,"hostname":"wina-LOQ-16IRH8","reqId":"req-6","res":{"statusCode":200},"responseTime":4.61799000000002,"msg":"request completed"}
@serpvera/api:test:   ✔ select-organization establishes a verified tenant context (role read from DB) (50.552507ms)
@serpvera/api:test: {"level":30,"time":1791390513983,"pid":953560,"hostname":"wina-LOQ-16IRH8","reqId":"req-7","req":{"method":"POST","url":"/v1/projects","host":"localhost:80","remoteAddress":"127.0.0.1"},"msg":"incoming request"}
@serpvera/api:test: {"level":30,"time":1791390513987,"pid":953560,"hostname":"wina-LOQ-16IRH8","reqId":"req-7","res":{"statusCode":201},"responseTime":4.048797000000036,"msg":"request completed"}
@serpvera/api:test: {"level":30,"time":1791390513987,"pid":953560,"hostname":"wina-LOQ-16IRH8","reqId":"req-8","req":{"method":"GET","url":"/v1/projects/bc14bb49-69c4-49e1-842f-a7059d648f17","host":"localhost:80","remoteAddress":"127.0.0.1"},"msg":"incoming request"}
@serpvera/api:test: {"level":30,"time":1791390513990,"pid":953560,"hostname":"wina-LOQ-16IRH8","reqId":"req-8","res":{"statusCode":200},"responseTime":2.357486999999992,"msg":"request completed"}
@serpvera/api:test: {"level":30,"time":1791390513991,"pid":953560,"hostname":"wina-LOQ-16IRH8","reqId":"req-9","req":{"method":"POST","url":"/v1/auth/login","host":"localhost:80","remoteAddress":"127.0.0.1"},"msg":"incoming request"}
@serpvera/api:test:   ✔ project creation + read persist under the owner tenant (RLS allows own rows) (7.556051ms)
@serpvera/api:test: {"level":30,"time":1791390514019,"pid":953560,"hostname":"wina-LOQ-16IRH8","reqId":"req-9","res":{"statusCode":200},"responseTime":28.865182000000004,"msg":"request completed"}
@serpvera/api:test: {"level":30,"time":1791390514020,"pid":953560,"hostname":"wina-LOQ-16IRH8","reqId":"req-a","req":{"method":"GET","url":"/v1/projects/bc14bb49-69c4-49e1-842f-a7059d648f17","host":"localhost:80","remoteAddress":"127.0.0.1"},"msg":"incoming request"}
@serpvera/api:test: {"level":30,"time":1791390514021,"pid":953560,"hostname":"wina-LOQ-16IRH8","reqId":"req-a","res":{"statusCode":400},"responseTime":1.0219579999999837,"msg":"request completed"}
@serpvera/api:test:   ✔ project read without an active organization is rejected (400, no tenant context) (30.762832ms)
@serpvera/api:test: {"level":30,"time":1791390514021,"pid":953560,"hostname":"wina-LOQ-16IRH8","reqId":"req-b","req":{"method":"POST","url":"/v1/auth/register","host":"localhost:80","remoteAddress":"127.0.0.1"},"msg":"incoming request"}
@serpvera/api:test: {"timestamp":"2026-10-07T16:28:34.051Z","level":"info","message":"User registered","context":{"userId":"a7ad0877-1b6b-443a-a112-41878cbbb46f"}}
@serpvera/api:test: {"level":30,"time":1791390514051,"pid":953560,"hostname":"wina-LOQ-16IRH8","reqId":"req-b","res":{"statusCode":201},"responseTime":29.94627200000002,"msg":"request completed"}
@serpvera/api:test: {"level":30,"time":1791390514052,"pid":953560,"hostname":"wina-LOQ-16IRH8","reqId":"req-c","req":{"method":"POST","url":"/v1/organizations","host":"localhost:80","remoteAddress":"127.0.0.1"},"msg":"incoming request"}
@serpvera/api:test: {"timestamp":"2026-10-07T16:28:34.055Z","level":"info","message":"Organization created","organizationId":"c187cf59-2330-431b-8672-6358474e61d0","context":{"organizationId":"c187cf59-2330-431b-8672-6358474e61d0","userId":"a7ad0877-1b6b-443a-a112-41878cbbb46f"}}
@serpvera/api:test: {"level":30,"time":1791390514055,"pid":953560,"hostname":"wina-LOQ-16IRH8","reqId":"req-c","res":{"statusCode":201},"responseTime":3.3924279999999953,"msg":"request completed"}
@serpvera/api:test: {"level":30,"time":1791390514055,"pid":953560,"hostname":"wina-LOQ-16IRH8","reqId":"req-d","req":{"method":"POST","url":"/v1/auth/select-organization","host":"localhost:80","remoteAddress":"127.0.0.1"},"msg":"incoming request"}
@serpvera/api:test: {"timestamp":"2026-10-07T16:28:34.058Z","level":"info","message":"Organization selected","organizationId":"c187cf59-2330-431b-8672-6358474e61d0","context":{"userId":"a7ad0877-1b6b-443a-a112-41878cbbb46f","organizationId":"c187cf59-2330-431b-8672-6358474e61d0"}}
@serpvera/api:test: {"level":30,"time":1791390514058,"pid":953560,"hostname":"wina-LOQ-16IRH8","reqId":"req-d","res":{"statusCode":200},"responseTime":3.1461440000000493,"msg":"request completed"}
@serpvera/api:test: {"level":30,"time":1791390514059,"pid":953560,"hostname":"wina-LOQ-16IRH8","reqId":"req-e","req":{"method":"GET","url":"/v1/projects/bc14bb49-69c4-49e1-842f-a7059d648f17","host":"localhost:80","remoteAddress":"127.0.0.1"},"msg":"incoming request"}
@serpvera/api:test: {"level":30,"time":1791390514060,"pid":953560,"hostname":"wina-LOQ-16IRH8","reqId":"req-e","res":{"statusCode":404},"responseTime":1.80299100000002,"msg":"request completed"}
@serpvera/api:test: {"level":30,"time":1791390514061,"pid":953560,"hostname":"wina-LOQ-16IRH8","reqId":"req-f","req":{"method":"GET","url":"/v1/organizations/ba53cf0b-9184-4b06-8939-082aa16900e7","host":"localhost:80","remoteAddress":"127.0.0.1"},"msg":"incoming request"}
@serpvera/api:test: {"level":30,"time":1791390514062,"pid":953560,"hostname":"wina-LOQ-16IRH8","reqId":"req-f","res":{"statusCode":404},"responseTime":1.1865480000000161,"msg":"request completed"}
@serpvera/api:test: {"level":30,"time":1791390514064,"pid":953560,"hostname":"wina-LOQ-16IRH8","reqId":"req-g","req":{"method":"POST","url":"/v1/public-scans","host":"localhost:80","remoteAddress":"127.0.0.1"},"msg":"incoming request"}
@serpvera/api:test:   ✔ RLS blocks cross-tenant project + org reads through the REAL API path (uniform 404) (42.006398ms)
@serpvera/api:test: {"level":30,"time":1791390514070,"pid":953560,"hostname":"wina-LOQ-16IRH8","reqId":"req-g","res":{"statusCode":201},"responseTime":6.289823000000069,"msg":"request completed"}
@serpvera/api:test: {"level":30,"time":1791390514074,"pid":953560,"hostname":"wina-LOQ-16IRH8","reqId":"req-h","req":{"method":"GET","url":"/v1/public-scans/84dec684-bce4-4892-b2c1-50634f2c2124","host":"localhost:80","remoteAddress":"127.0.0.1"},"msg":"incoming request"}
@serpvera/api:test: {"timestamp":"2026-10-07T16:28:34.075Z","level":"info","message":"Scan completed","traceId":"99a046f4-0a87-4772-a293-65892e34f137","context":{"jobType":"public-scan","traceId":"99a046f4-0a87-4772-a293-65892e34f137","domain":"https://api953560alz-scan.example.invalid/","status":"completed","findingCount":1,"httpStatus":200}}
@serpvera/api:test: {"level":30,"time":1791390514075,"pid":953560,"hostname":"wina-LOQ-16IRH8","reqId":"req-h","res":{"statusCode":200},"responseTime":0.726099999999974,"msg":"request completed"}
@serpvera/api:test:   ✔ public scan persists to PostgreSQL and is retrievable by UUID (11.726908ms)
@serpvera/api:test: {"level":30,"time":1791390514075,"pid":953560,"hostname":"wina-LOQ-16IRH8","reqId":"req-i","req":{"method":"POST","url":"/v1/auth/login","host":"localhost:80","remoteAddress":"127.0.0.1"},"msg":"incoming request"}
@serpvera/api:test: {"level":30,"time":1791390514105,"pid":953560,"hostname":"wina-LOQ-16IRH8","reqId":"req-i","res":{"statusCode":200},"responseTime":29.644402000000014,"msg":"request completed"}
@serpvera/api:test: {"level":30,"time":1791390514105,"pid":953560,"hostname":"wina-LOQ-16IRH8","reqId":"req-j","req":{"method":"POST","url":"/v1/organizations","host":"localhost:80","remoteAddress":"127.0.0.1"},"msg":"incoming request"}
@serpvera/api:test: {"timestamp":"2026-10-07T16:28:34.107Z","level":"warn","message":"Request validation failed","context":{"issues":1}}
@serpvera/api:test: {"level":30,"time":1791390514107,"pid":953560,"hostname":"wina-LOQ-16IRH8","reqId":"req-j","res":{"statusCode":400},"responseTime":1.7332689999999502,"msg":"request completed"}
@serpvera/api:test:   ✔ invalid slug is rejected as 400 VALIDATION_ERROR without leaking schema internals (32.136473ms)
@serpvera/api:test: {"level":30,"time":1791390514109,"pid":953560,"hostname":"wina-LOQ-16IRH8","reqId":"req-k","req":{"method":"POST","url":"/v1/public-scans","host":"localhost:80","remoteAddress":"127.0.0.1"},"msg":"incoming request"}
@serpvera/api:test:   ✔ store error mapping depends on exact UNIQUE constraint names (regression guard) (1.532871ms)
@serpvera/api:test: {"timestamp":"2026-10-07T16:28:34.110Z","level":"warn","message":"Public scan rejected by SSRF guard","context":{"jobType":"public-scan","error":"SSRF blocked: IPv4 loopback (127.0.0.0/8) (https://127.0.0.1/)"}}
@serpvera/api:test: {"level":30,"time":1791390514110,"pid":953560,"hostname":"wina-LOQ-16IRH8","reqId":"req-k","res":{"statusCode":400},"responseTime":0.7526390000000447,"msg":"request completed"}
@serpvera/api:test:   ✔ public scan REJECTS a private/loopback target (SSRF, pre-queue, 400) (1.47939ms)
@serpvera/api:test: ✔ API persistence over real PostgreSQL (RLS enforced) (362.33503ms)
@serpvera/api:test: ▶ TOTP seed handling
@serpvera/api:test:   ✔ matches RFC 6238 SHA-1 vectors with six digits (1.427423ms)
@serpvera/api:test:   ✔ encrypts seeds with authenticated encryption and rejects tampering (1.106326ms)
@serpvera/api:test:   ✔ fixture codes round-trip only in the active TOTP time window (0.247387ms)
@serpvera/api:test: ✔ TOTP seed handling (3.62649ms)
@serpvera/api:test: {"level":30,"time":1791390514489,"pid":953582,"hostname":"wina-LOQ-16IRH8","driver":"postgres","role":"serpvera_app","msg":"store driver: postgres — persistence + RLS enforced"}
@serpvera/api:test: {"level":30,"time":1791390514521,"pid":953582,"hostname":"wina-LOQ-16IRH8","reqId":"req-1","req":{"method":"POST","url":"/v1/auth/register","host":"localhost:80","remoteAddress":"127.0.0.1"},"msg":"incoming request"}
@serpvera/api:test: {"timestamp":"2026-10-07T16:28:34.581Z","level":"info","message":"User registered","context":{"userId":"88884ed2-7d9c-47fe-98f1-41a6dcbfbdb0"}}
@serpvera/api:test: {"level":30,"time":1791390514583,"pid":953582,"hostname":"wina-LOQ-16IRH8","reqId":"req-1","res":{"statusCode":201},"responseTime":62.21649699999995,"msg":"request completed"}
@serpvera/api:test: {"level":30,"time":1791390514584,"pid":953582,"hostname":"wina-LOQ-16IRH8","reqId":"req-2","req":{"method":"POST","url":"/v1/organizations","host":"localhost:80","remoteAddress":"127.0.0.1"},"msg":"incoming request"}
@serpvera/api:test: {"timestamp":"2026-10-07T16:28:34.588Z","level":"info","message":"Organization created","organizationId":"2d9db687-3a12-4fd1-b668-9f67a337b7c6","context":{"organizationId":"2d9db687-3a12-4fd1-b668-9f67a337b7c6","userId":"88884ed2-7d9c-47fe-98f1-41a6dcbfbdb0"}}
@serpvera/api:test: {"level":30,"time":1791390514588,"pid":953582,"hostname":"wina-LOQ-16IRH8","reqId":"req-2","res":{"statusCode":201},"responseTime":4.213225999999963,"msg":"request completed"}
@serpvera/api:test: {"level":30,"time":1791390514589,"pid":953582,"hostname":"wina-LOQ-16IRH8","reqId":"req-3","req":{"method":"POST","url":"/v1/auth/select-organization","host":"localhost:80","remoteAddress":"127.0.0.1"},"msg":"incoming request"}
@serpvera/api:test: {"timestamp":"2026-10-07T16:28:34.594Z","level":"info","message":"Organization selected","organizationId":"2d9db687-3a12-4fd1-b668-9f67a337b7c6","context":{"userId":"88884ed2-7d9c-47fe-98f1-41a6dcbfbdb0","organizationId":"2d9db687-3a12-4fd1-b668-9f67a337b7c6"}}
@serpvera/api:test: {"level":30,"time":1791390514595,"pid":953582,"hostname":"wina-LOQ-16IRH8","reqId":"req-3","res":{"statusCode":200},"responseTime":5.401087000000018,"msg":"request completed"}
@serpvera/api:test: {"level":30,"time":1791390514595,"pid":953582,"hostname":"wina-LOQ-16IRH8","reqId":"req-4","req":{"method":"POST","url":"/v1/auth/register","host":"localhost:80","remoteAddress":"127.0.0.1"},"msg":"incoming request"}
@serpvera/api:test: {"timestamp":"2026-10-07T16:28:34.634Z","level":"info","message":"User registered","context":{"userId":"ec537f25-567f-42c3-bdbd-ced943281c31"}}
@serpvera/api:test: {"level":30,"time":1791390514634,"pid":953582,"hostname":"wina-LOQ-16IRH8","reqId":"req-4","res":{"statusCode":201},"responseTime":38.907103000000006,"msg":"request completed"}
@serpvera/api:test: {"level":30,"time":1791390514635,"pid":953582,"hostname":"wina-LOQ-16IRH8","reqId":"req-5","req":{"method":"POST","url":"/v1/organizations","host":"localhost:80","remoteAddress":"127.0.0.1"},"msg":"incoming request"}
@serpvera/api:test: {"timestamp":"2026-10-07T16:28:34.639Z","level":"info","message":"Organization created","organizationId":"666c1d07-7957-44f4-8cc0-d42622ef761d","context":{"organizationId":"666c1d07-7957-44f4-8cc0-d42622ef761d","userId":"ec537f25-567f-42c3-bdbd-ced943281c31"}}
@serpvera/api:test: {"level":30,"time":1791390514639,"pid":953582,"hostname":"wina-LOQ-16IRH8","reqId":"req-5","res":{"statusCode":201},"responseTime":3.6251669999999763,"msg":"request completed"}
@serpvera/api:test: {"level":30,"time":1791390514639,"pid":953582,"hostname":"wina-LOQ-16IRH8","reqId":"req-6","req":{"method":"POST","url":"/v1/auth/select-organization","host":"localhost:80","remoteAddress":"127.0.0.1"},"msg":"incoming request"}
@serpvera/api:test: {"timestamp":"2026-10-07T16:28:34.644Z","level":"info","message":"Organization selected","organizationId":"666c1d07-7957-44f4-8cc0-d42622ef761d","context":{"userId":"ec537f25-567f-42c3-bdbd-ced943281c31","organizationId":"666c1d07-7957-44f4-8cc0-d42622ef761d"}}
@serpvera/api:test: {"level":30,"time":1791390514644,"pid":953582,"hostname":"wina-LOQ-16IRH8","reqId":"req-6","res":{"statusCode":200},"responseTime":5.013344999999958,"msg":"request completed"}
@serpvera/api:test: {"level":30,"time":1791390514645,"pid":953582,"hostname":"wina-LOQ-16IRH8","reqId":"req-7","req":{"method":"POST","url":"/v1/projects","host":"localhost:80","remoteAddress":"127.0.0.1"},"msg":"incoming request"}
@serpvera/api:test: {"level":30,"time":1791390514650,"pid":953582,"hostname":"wina-LOQ-16IRH8","reqId":"req-7","res":{"statusCode":201},"responseTime":4.242702000000008,"msg":"request completed"}
@serpvera/api:test: {"level":30,"time":1791390514651,"pid":953582,"hostname":"wina-LOQ-16IRH8","reqId":"req-8","req":{"method":"POST","url":"/v1/auth/mfa/enroll","host":"localhost:80","remoteAddress":"127.0.0.1"},"msg":"incoming request"}
@serpvera/api:test: {"level":30,"time":1791390514689,"pid":953582,"hostname":"wina-LOQ-16IRH8","reqId":"req-8","res":{"statusCode":200},"responseTime":37.52034699999996,"msg":"request completed"}
@serpvera/api:test: {"level":30,"time":1791390514690,"pid":953582,"hostname":"wina-LOQ-16IRH8","reqId":"req-9","req":{"method":"POST","url":"/v1/auth/mfa/confirm-enrollment","host":"localhost:80","remoteAddress":"127.0.0.1"},"msg":"incoming request"}
@serpvera/api:test: {"level":30,"time":1791390514693,"pid":953582,"hostname":"wina-LOQ-16IRH8","reqId":"req-9","res":{"statusCode":200},"responseTime":3.0163089999999784,"msg":"request completed"}
@serpvera/api:test: {"level":30,"time":1791390514693,"pid":953582,"hostname":"wina-LOQ-16IRH8","reqId":"req-a","req":{"method":"POST","url":"/v1/projects/8020b9e9-eece-43c5-8583-dc9e344fe5db/autofix/demo","host":"localhost:80","remoteAddress":"127.0.0.1"},"msg":"incoming request"}
@serpvera/api:test: {"level":30,"time":1791390514708,"pid":953582,"hostname":"wina-LOQ-16IRH8","reqId":"req-a","res":{"statusCode":201},"responseTime":15.453746999999964,"msg":"request completed"}
@serpvera/api:test: {"level":30,"time":1791390514709,"pid":953582,"hostname":"wina-LOQ-16IRH8","reqId":"req-b","req":{"method":"POST","url":"/v1/autofix/b2e88dbc-c2f3-4c75-9da5-85b960fb8e9c/preview","host":"localhost:80","remoteAddress":"127.0.0.1"},"msg":"incoming request"}
@serpvera/api:test: {"level":30,"time":1791390514716,"pid":953582,"hostname":"wina-LOQ-16IRH8","reqId":"req-b","res":{"statusCode":200},"responseTime":7.231009000000029,"msg":"request completed"}
@serpvera/api:test: {"level":30,"time":1791390514716,"pid":953582,"hostname":"wina-LOQ-16IRH8","reqId":"req-c","req":{"method":"POST","url":"/v1/autofix/b2e88dbc-c2f3-4c75-9da5-85b960fb8e9c/approve","host":"localhost:80","remoteAddress":"127.0.0.1"},"msg":"incoming request"}
@serpvera/api:test: {"level":30,"time":1791390514722,"pid":953582,"hostname":"wina-LOQ-16IRH8","reqId":"req-c","res":{"statusCode":200},"responseTime":5.701853999999969,"msg":"request completed"}
@serpvera/api:test: {"level":30,"time":1791390514723,"pid":953582,"hostname":"wina-LOQ-16IRH8","reqId":"req-d","req":{"method":"POST","url":"/v1/autofix/b2e88dbc-c2f3-4c75-9da5-85b960fb8e9c/deploy","host":"localhost:80","remoteAddress":"127.0.0.1"},"msg":"incoming request"}
@serpvera/api:test: {"level":30,"time":1791390514733,"pid":953582,"hostname":"wina-LOQ-16IRH8","reqId":"req-d","res":{"statusCode":200},"responseTime":10.084420000000023,"msg":"request completed"}
@serpvera/api:test: {"level":30,"time":1791390514733,"pid":953582,"hostname":"wina-LOQ-16IRH8","reqId":"req-e","req":{"method":"POST","url":"/v1/autofix/b2e88dbc-c2f3-4c75-9da5-85b960fb8e9c/verify","host":"localhost:80","remoteAddress":"127.0.0.1"},"msg":"incoming request"}
@serpvera/api:test: {"level":30,"time":1791390514738,"pid":953582,"hostname":"wina-LOQ-16IRH8","reqId":"req-e","res":{"statusCode":200},"responseTime":5.196169999999995,"msg":"request completed"}
@serpvera/api:test: {"level":30,"time":1791390514739,"pid":953582,"hostname":"wina-LOQ-16IRH8","reqId":"req-f","req":{"method":"POST","url":"/v1/autofix/b2e88dbc-c2f3-4c75-9da5-85b960fb8e9c/rollback","host":"localhost:80","remoteAddress":"127.0.0.1"},"msg":"incoming request"}
@serpvera/api:test: {"level":30,"time":1791390514745,"pid":953582,"hostname":"wina-LOQ-16IRH8","reqId":"req-f","res":{"statusCode":200},"responseTime":6.50280500000008,"msg":"request completed"}
@serpvera/api:test: {"level":30,"time":1791390514745,"pid":953582,"hostname":"wina-LOQ-16IRH8","reqId":"req-g","req":{"method":"POST","url":"/v1/projects/8020b9e9-eece-43c5-8583-dc9e344fe5db/autofix/demo","host":"localhost:80","remoteAddress":"127.0.0.1"},"msg":"incoming request"}
@serpvera/api:test: {"level":30,"time":1791390514754,"pid":953582,"hostname":"wina-LOQ-16IRH8","reqId":"req-g","res":{"statusCode":201},"responseTime":9.144538000000011,"msg":"request completed"}
@serpvera/api:test: {"level":30,"time":1791390514755,"pid":953582,"hostname":"wina-LOQ-16IRH8","reqId":"req-h","req":{"method":"POST","url":"/v1/autofix/e6ae92af-99bd-4001-a494-3a671c038557/preview","host":"localhost:80","remoteAddress":"127.0.0.1"},"msg":"incoming request"}
@serpvera/api:test: {"level":30,"time":1791390514759,"pid":953582,"hostname":"wina-LOQ-16IRH8","reqId":"req-h","res":{"statusCode":200},"responseTime":4.34680800000001,"msg":"request completed"}
@serpvera/api:test: {"level":30,"time":1791390514759,"pid":953582,"hostname":"wina-LOQ-16IRH8","reqId":"req-i","req":{"method":"POST","url":"/v1/autofix/e6ae92af-99bd-4001-a494-3a671c038557/approve","host":"localhost:80","remoteAddress":"127.0.0.1"},"msg":"incoming request"}
@serpvera/api:test: {"level":30,"time":1791390514763,"pid":953582,"hostname":"wina-LOQ-16IRH8","reqId":"req-i","res":{"statusCode":200},"responseTime":4.14725199999998,"msg":"request completed"}
@serpvera/api:test: {"level":30,"time":1791390514764,"pid":953582,"hostname":"wina-LOQ-16IRH8","reqId":"req-j","req":{"method":"POST","url":"/v1/autofix/e6ae92af-99bd-4001-a494-3a671c038557/manual","host":"localhost:80","remoteAddress":"127.0.0.1"},"msg":"incoming request"}
@serpvera/api:test: {"level":30,"time":1791390514769,"pid":953582,"hostname":"wina-LOQ-16IRH8","reqId":"req-j","res":{"statusCode":200},"responseTime":5.662951000000021,"msg":"request completed"}
@serpvera/api:test: {"level":30,"time":1791390514769,"pid":953582,"hostname":"wina-LOQ-16IRH8","reqId":"req-k","req":{"method":"POST","url":"/v1/autofix/e6ae92af-99bd-4001-a494-3a671c038557/verify","host":"localhost:80","remoteAddress":"127.0.0.1"},"msg":"incoming request"}
@serpvera/api:test: {"level":30,"time":1791390514774,"pid":953582,"hostname":"wina-LOQ-16IRH8","reqId":"req-k","res":{"statusCode":200},"responseTime":4.280434000000014,"msg":"request completed"}
@serpvera/api:test: {"level":30,"time":1791390514774,"pid":953582,"hostname":"wina-LOQ-16IRH8","reqId":"req-l","req":{"method":"POST","url":"/v1/autofix/e6ae92af-99bd-4001-a494-3a671c038557/verify","host":"localhost:80","remoteAddress":"127.0.0.1"},"msg":"incoming request"}
@serpvera/api:test: {"level":30,"time":1791390514779,"pid":953582,"hostname":"wina-LOQ-16IRH8","reqId":"req-l","res":{"statusCode":200},"responseTime":5.4090119999999615,"msg":"request completed"}
@serpvera/api:test: {"level":30,"time":1791390514780,"pid":953582,"hostname":"wina-LOQ-16IRH8","reqId":"req-m","req":{"method":"POST","url":"/v1/autofix/e6ae92af-99bd-4001-a494-3a671c038557/rollback","host":"localhost:80","remoteAddress":"127.0.0.1"},"msg":"incoming request"}
@serpvera/api:test: {"level":30,"time":1791390514787,"pid":953582,"hostname":"wina-LOQ-16IRH8","reqId":"req-m","res":{"statusCode":200},"responseTime":7.341588000000002,"msg":"request completed"}
@serpvera/api:test: {"level":30,"time":1791390514788,"pid":953582,"hostname":"wina-LOQ-16IRH8","reqId":"req-n","req":{"method":"GET","url":"/v1/projects/8020b9e9-eece-43c5-8583-dc9e344fe5db/autofix/patches","host":"localhost:80","remoteAddress":"127.0.0.1"},"msg":"incoming request"}
@serpvera/api:test: {"level":30,"time":1791390514790,"pid":953582,"hostname":"wina-LOQ-16IRH8","reqId":"req-n","res":{"statusCode":200},"responseTime":2.5434169999999767,"msg":"request completed"}
@serpvera/api:test: {"level":30,"time":1791390514790,"pid":953582,"hostname":"wina-LOQ-16IRH8","reqId":"req-o","req":{"method":"GET","url":"/v1/autofix/b2e88dbc-c2f3-4c75-9da5-85b960fb8e9c","host":"localhost:80","remoteAddress":"127.0.0.1"},"msg":"incoming request"}
@serpvera/api:test: {"level":30,"time":1791390514792,"pid":953582,"hostname":"wina-LOQ-16IRH8","reqId":"req-o","res":{"statusCode":404},"responseTime":1.0651279999999588,"msg":"request completed"}
@serpvera/api:test: ▶ PostgreSQL API + WordPress REST simulator patch loop
@serpvera/api:test:   ✔ explores, persists, publishes, verifies, and rolls back R0 and R1 patches (147.115384ms)
@serpvera/api:test: ✔ PostgreSQL API + WordPress REST simulator patch loop (348.572743ms)
@serpvera/api:test: {"level":40,"time":1791390515081,"pid":953595,"hostname":"wina-LOQ-16IRH8","driver":"memory","msg":"store driver: MEMORY — no persistence (test/fixture use only; set STORE_DRIVER=postgres for durable runs)"}
@serpvera/api:test: {"level":30,"time":1791390515111,"pid":953595,"hostname":"wina-LOQ-16IRH8","reqId":"req-1","req":{"method":"POST","url":"/v1/auth/register","host":"localhost:80","remoteAddress":"127.0.0.1"},"msg":"incoming request"}
@serpvera/api:test: {"timestamp":"2026-10-07T16:28:35.154Z","level":"info","message":"User registered","context":{"userId":"fc0a13d4-2d8b-4a65-ad60-290fd374ab6c"}}
@serpvera/api:test: {"level":30,"time":1791390515156,"pid":953595,"hostname":"wina-LOQ-16IRH8","reqId":"req-1","res":{"statusCode":201},"responseTime":44.597104,"msg":"request completed"}
@serpvera/api:test: {"timestamp":"2026-10-07T16:28:35.158Z","level":"info","message":"Organization created","organizationId":"213b6e0f-4dc4-4971-83c9-1f6381ce6222","context":{"organizationId":"213b6e0f-4dc4-4971-83c9-1f6381ce6222","userId":"fc0a13d4-2d8b-4a65-ad60-290fd374ab6c"}}
@serpvera/api:test: {"level":30,"time":1791390515156,"pid":953595,"hostname":"wina-LOQ-16IRH8","reqId":"req-2","req":{"method":"POST","url":"/v1/organizations","host":"localhost:80","remoteAddress":"127.0.0.1"},"msg":"incoming request"}
@serpvera/api:test: {"level":30,"time":1791390515158,"pid":953595,"hostname":"wina-LOQ-16IRH8","reqId":"req-2","res":{"statusCode":201},"responseTime":1.310512000000017,"msg":"request completed"}
@serpvera/api:test: {"level":30,"time":1791390515158,"pid":953595,"hostname":"wina-LOQ-16IRH8","reqId":"req-3","req":{"method":"POST","url":"/v1/auth/select-organization","host":"localhost:80","remoteAddress":"127.0.0.1"},"msg":"incoming request"}
@serpvera/api:test: {"timestamp":"2026-10-07T16:28:35.159Z","level":"info","message":"Organization selected","organizationId":"213b6e0f-4dc4-4971-83c9-1f6381ce6222","context":{"userId":"fc0a13d4-2d8b-4a65-ad60-290fd374ab6c","organizationId":"213b6e0f-4dc4-4971-83c9-1f6381ce6222"}}
@serpvera/api:test: {"level":30,"time":1791390515159,"pid":953595,"hostname":"wina-LOQ-16IRH8","reqId":"req-3","res":{"statusCode":200},"responseTime":0.911990000000003,"msg":"request completed"}
@serpvera/api:test: {"level":30,"time":1791390515159,"pid":953595,"hostname":"wina-LOQ-16IRH8","reqId":"req-4","req":{"method":"POST","url":"/v1/auth/register","host":"localhost:80","remoteAddress":"127.0.0.1"},"msg":"incoming request"}
@serpvera/api:test: {"timestamp":"2026-10-07T16:28:35.192Z","level":"info","message":"User registered","context":{"userId":"b84cba03-df77-4f20-b7a0-6bb3029ed170"}}
@serpvera/api:test: {"level":30,"time":1791390515193,"pid":953595,"hostname":"wina-LOQ-16IRH8","reqId":"req-4","res":{"statusCode":201},"responseTime":33.74947499999996,"msg":"request completed"}
@serpvera/api:test: {"timestamp":"2026-10-07T16:28:35.194Z","level":"info","message":"Organization created","organizationId":"52e0f578-b4bd-4af3-9fb0-f2932d0fa46f","context":{"organizationId":"52e0f578-b4bd-4af3-9fb0-f2932d0fa46f","userId":"b84cba03-df77-4f20-b7a0-6bb3029ed170"}}
@serpvera/api:test: {"level":30,"time":1791390515193,"pid":953595,"hostname":"wina-LOQ-16IRH8","reqId":"req-5","req":{"method":"POST","url":"/v1/organizations","host":"localhost:80","remoteAddress":"127.0.0.1"},"msg":"incoming request"}
@serpvera/api:test: {"level":30,"time":1791390515194,"pid":953595,"hostname":"wina-LOQ-16IRH8","reqId":"req-5","res":{"statusCode":201},"responseTime":0.8955789999999979,"msg":"request completed"}
@serpvera/api:test: {"level":30,"time":1791390515195,"pid":953595,"hostname":"wina-LOQ-16IRH8","reqId":"req-6","req":{"method":"POST","url":"/v1/auth/select-organization","host":"localhost:80","remoteAddress":"127.0.0.1"},"msg":"incoming request"}
@serpvera/api:test: {"timestamp":"2026-10-07T16:28:35.195Z","level":"info","message":"Organization selected","organizationId":"52e0f578-b4bd-4af3-9fb0-f2932d0fa46f","context":{"userId":"b84cba03-df77-4f20-b7a0-6bb3029ed170","organizationId":"52e0f578-b4bd-4af3-9fb0-f2932d0fa46f"}}
@serpvera/api:test: {"level":30,"time":1791390515195,"pid":953595,"hostname":"wina-LOQ-16IRH8","reqId":"req-6","res":{"statusCode":200},"responseTime":0.6408579999999802,"msg":"request completed"}
@serpvera/api:test: {"level":30,"time":1791390515195,"pid":953595,"hostname":"wina-LOQ-16IRH8","reqId":"req-7","req":{"method":"POST","url":"/v1/projects","host":"localhost:80","remoteAddress":"127.0.0.1"},"msg":"incoming request"}
@serpvera/api:test: {"level":30,"time":1791390515196,"pid":953595,"hostname":"wina-LOQ-16IRH8","reqId":"req-7","res":{"statusCode":201},"responseTime":0.8148370000000114,"msg":"request completed"}
@serpvera/api:test: {"level":30,"time":1791390515196,"pid":953595,"hostname":"wina-LOQ-16IRH8","reqId":"req-8","req":{"method":"POST","url":"/v1/projects/925a48d3-7814-4168-8261-4c822d446fc3/autofix/demo","host":"localhost:80","remoteAddress":"127.0.0.1"},"msg":"incoming request"}
@serpvera/api:test: {"level":30,"time":1791390515199,"pid":953595,"hostname":"wina-LOQ-16IRH8","reqId":"req-8","res":{"statusCode":201},"responseTime":2.1050500000000056,"msg":"request completed"}
@serpvera/api:test: {"level":30,"time":1791390515199,"pid":953595,"hostname":"wina-LOQ-16IRH8","reqId":"req-9","req":{"method":"GET","url":"/v1/autofix/e681d301-c212-4311-b87a-575e64b07679","host":"localhost:80","remoteAddress":"127.0.0.1"},"msg":"incoming request"}
@serpvera/api:test: {"level":30,"time":1791390515199,"pid":953595,"hostname":"wina-LOQ-16IRH8","reqId":"req-9","res":{"statusCode":404},"responseTime":0.48627699999997276,"msg":"request completed"}
@serpvera/api:test: {"level":30,"time":1791390515200,"pid":953595,"hostname":"wina-LOQ-16IRH8","reqId":"req-a","req":{"method":"POST","url":"/v1/autofix/e681d301-c212-4311-b87a-575e64b07679/preview","host":"localhost:80","remoteAddress":"127.0.0.1"},"msg":"incoming request"}
@serpvera/api:test: {"level":30,"time":1791390515201,"pid":953595,"hostname":"wina-LOQ-16IRH8","reqId":"req-a","res":{"statusCode":200},"responseTime":1.892990999999995,"msg":"request completed"}
@serpvera/api:test: {"level":30,"time":1791390515202,"pid":953595,"hostname":"wina-LOQ-16IRH8","reqId":"req-b","req":{"method":"POST","url":"/v1/autofix/e681d301-c212-4311-b87a-575e64b07679/approve","host":"localhost:80","remoteAddress":"127.0.0.1"},"msg":"incoming request"}
@serpvera/api:test: {"level":30,"time":1791390515203,"pid":953595,"hostname":"wina-LOQ-16IRH8","reqId":"req-b","res":{"statusCode":200},"responseTime":1.5770350000000235,"msg":"request completed"}
@serpvera/api:test: {"level":30,"time":1791390515203,"pid":953595,"hostname":"wina-LOQ-16IRH8","reqId":"req-c","req":{"method":"POST","url":"/v1/autofix/e681d301-c212-4311-b87a-575e64b07679/deploy","host":"localhost:80","remoteAddress":"127.0.0.1"},"msg":"incoming request"}
@serpvera/api:test: {"level":30,"time":1791390515205,"pid":953595,"hostname":"wina-LOQ-16IRH8","reqId":"req-c","res":{"statusCode":403},"responseTime":1.3095299999999952,"msg":"request completed"}
@serpvera/api:test: {"level":30,"time":1791390515205,"pid":953595,"hostname":"wina-LOQ-16IRH8","reqId":"req-d","req":{"method":"POST","url":"/v1/auth/mfa/enroll","host":"localhost:80","remoteAddress":"127.0.0.1"},"msg":"incoming request"}
@serpvera/api:test: {"level":30,"time":1791390515238,"pid":953595,"hostname":"wina-LOQ-16IRH8","reqId":"req-d","res":{"statusCode":200},"responseTime":33.44171399999999,"msg":"request completed"}
@serpvera/api:test: {"level":30,"time":1791390515239,"pid":953595,"hostname":"wina-LOQ-16IRH8","reqId":"req-e","req":{"method":"POST","url":"/v1/auth/mfa/confirm-enrollment","host":"localhost:80","remoteAddress":"127.0.0.1"},"msg":"incoming request"}
@serpvera/api:test: {"level":30,"time":1791390515240,"pid":953595,"hostname":"wina-LOQ-16IRH8","reqId":"req-e","res":{"statusCode":200},"responseTime":0.9180519999999888,"msg":"request completed"}
@serpvera/api:test: {"level":30,"time":1791390515240,"pid":953595,"hostname":"wina-LOQ-16IRH8","reqId":"req-f","req":{"method":"POST","url":"/v1/autofix/e681d301-c212-4311-b87a-575e64b07679/deploy","host":"localhost:80","remoteAddress":"127.0.0.1"},"msg":"incoming request"}
@serpvera/api:test: {"level":30,"time":1791390515242,"pid":953595,"hostname":"wina-LOQ-16IRH8","reqId":"req-f","res":{"statusCode":200},"responseTime":1.4943190000000186,"msg":"request completed"}
@serpvera/api:test: {"level":30,"time":1791390515242,"pid":953595,"hostname":"wina-LOQ-16IRH8","reqId":"req-g","req":{"method":"POST","url":"/v1/autofix/e681d301-c212-4311-b87a-575e64b07679/verify","host":"localhost:80","remoteAddress":"127.0.0.1"},"msg":"incoming request"}
@serpvera/api:test: {"level":30,"time":1791390515243,"pid":953595,"hostname":"wina-LOQ-16IRH8","reqId":"req-g","res":{"statusCode":200},"responseTime":0.994515999999976,"msg":"request completed"}
@serpvera/api:test: {"level":30,"time":1791390515243,"pid":953595,"hostname":"wina-LOQ-16IRH8","reqId":"req-h","req":{"method":"POST","url":"/v1/autofix/e681d301-c212-4311-b87a-575e64b07679/rollback","host":"localhost:80","remoteAddress":"127.0.0.1"},"msg":"incoming request"}
@serpvera/api:test: {"level":30,"time":1791390515244,"pid":953595,"hostname":"wina-LOQ-16IRH8","reqId":"req-h","res":{"statusCode":200},"responseTime":1.2183779999999729,"msg":"request completed"}
@serpvera/api:test: {"level":30,"time":1791390515244,"pid":953595,"hostname":"wina-LOQ-16IRH8","reqId":"req-i","req":{"method":"POST","url":"/v1/projects/925a48d3-7814-4168-8261-4c822d446fc3/autofix/demo","host":"localhost:80","remoteAddress":"127.0.0.1"},"msg":"incoming request"}
@serpvera/api:test: {"level":30,"time":1791390515245,"pid":953595,"hostname":"wina-LOQ-16IRH8","reqId":"req-i","res":{"statusCode":201},"responseTime":0.9011590000000069,"msg":"request completed"}
@serpvera/api:test: {"level":30,"time":1791390515245,"pid":953595,"hostname":"wina-LOQ-16IRH8","reqId":"req-j","req":{"method":"POST","url":"/v1/autofix/d5e529ec-ecd5-4700-a63b-1635c1544bbe/preview","host":"localhost:80","remoteAddress":"127.0.0.1"},"msg":"incoming request"}
@serpvera/api:test: {"level":30,"time":1791390515246,"pid":953595,"hostname":"wina-LOQ-16IRH8","reqId":"req-j","res":{"statusCode":200},"responseTime":0.7279229999999757,"msg":"request completed"}
@serpvera/api:test: {"level":30,"time":1791390515246,"pid":953595,"hostname":"wina-LOQ-16IRH8","reqId":"req-k","req":{"method":"POST","url":"/v1/autofix/d5e529ec-ecd5-4700-a63b-1635c1544bbe/approve","host":"localhost:80","remoteAddress":"127.0.0.1"},"msg":"incoming request"}
@serpvera/api:test: {"level":30,"time":1791390515247,"pid":953595,"hostname":"wina-LOQ-16IRH8","reqId":"req-k","res":{"statusCode":200},"responseTime":0.8074930000000222,"msg":"request completed"}
@serpvera/api:test: {"level":30,"time":1791390515247,"pid":953595,"hostname":"wina-LOQ-16IRH8","reqId":"req-l","req":{"method":"POST","url":"/v1/autofix/d5e529ec-ecd5-4700-a63b-1635c1544bbe/deploy","host":"localhost:80","remoteAddress":"127.0.0.1"},"msg":"incoming request"}
@serpvera/api:test: {"level":30,"time":1791390515248,"pid":953595,"hostname":"wina-LOQ-16IRH8","reqId":"req-l","res":{"statusCode":200},"responseTime":0.9661919999999782,"msg":"request completed"}
@serpvera/api:test: {"level":30,"time":1791390515248,"pid":953595,"hostname":"wina-LOQ-16IRH8","reqId":"req-m","req":{"method":"POST","url":"/v1/autofix/d5e529ec-ecd5-4700-a63b-1635c1544bbe/verify","host":"localhost:80","remoteAddress":"127.0.0.1"},"msg":"incoming request"}
@serpvera/api:test: {"level":30,"time":1791390515249,"pid":953595,"hostname":"wina-LOQ-16IRH8","reqId":"req-m","res":{"statusCode":200},"responseTime":0.6027970000000096,"msg":"request completed"}
@serpvera/api:test: {"level":30,"time":1791390515249,"pid":953595,"hostname":"wina-LOQ-16IRH8","reqId":"req-n","req":{"method":"POST","url":"/v1/autofix/d5e529ec-ecd5-4700-a63b-1635c1544bbe/rollback","host":"localhost:80","remoteAddress":"127.0.0.1"},"msg":"incoming request"}
@serpvera/api:test: ▶ fixture-backed proven patch routes
@serpvera/api:test:   ✔ persists an isolated R0 fixture proposal through hash approval, step-up, verification, and rollback (144.579711ms)
@serpvera/api:test: {"level":30,"time":1791390515250,"pid":953595,"hostname":"wina-LOQ-16IRH8","reqId":"req-n","res":{"statusCode":200},"responseTime":0.8733970000000113,"msg":"request completed"}
@serpvera/api:test: {"level":30,"time":1791390515251,"pid":953595,"hostname":"wina-LOQ-16IRH8","reqId":"req-o","req":{"method":"POST","url":"/v1/auth/register","host":"localhost:80","remoteAddress":"127.0.0.1"},"msg":"incoming request"}
@serpvera/api:test: {"timestamp":"2026-10-07T16:28:35.278Z","level":"info","message":"User registered","context":{"userId":"140bcc77-5c88-4e08-a08c-58131c3a2184"}}
@serpvera/api:test: {"level":30,"time":1791390515278,"pid":953595,"hostname":"wina-LOQ-16IRH8","reqId":"req-o","res":{"statusCode":201},"responseTime":27.29343799999998,"msg":"request completed"}
@serpvera/api:test: {"timestamp":"2026-10-07T16:28:35.279Z","level":"info","message":"Organization created","organizationId":"41253071-4ffb-4d07-8497-a389552a1ffe","context":{"organizationId":"41253071-4ffb-4d07-8497-a389552a1ffe","userId":"140bcc77-5c88-4e08-a08c-58131c3a2184"}}
@serpvera/api:test: {"level":30,"time":1791390515279,"pid":953595,"hostname":"wina-LOQ-16IRH8","reqId":"req-p","req":{"method":"POST","url":"/v1/organizations","host":"localhost:80","remoteAddress":"127.0.0.1"},"msg":"incoming request"}
@serpvera/api:test: {"level":30,"time":1791390515279,"pid":953595,"hostname":"wina-LOQ-16IRH8","reqId":"req-p","res":{"statusCode":201},"responseTime":0.4912469999999871,"msg":"request completed"}
@serpvera/api:test: {"level":30,"time":1791390515279,"pid":953595,"hostname":"wina-LOQ-16IRH8","reqId":"req-q","req":{"method":"POST","url":"/v1/auth/select-organization","host":"localhost:80","remoteAddress":"127.0.0.1"},"msg":"incoming request"}
@serpvera/api:test: {"timestamp":"2026-10-07T16:28:35.280Z","level":"info","message":"Organization selected","organizationId":"41253071-4ffb-4d07-8497-a389552a1ffe","context":{"userId":"140bcc77-5c88-4e08-a08c-58131c3a2184","organizationId":"41253071-4ffb-4d07-8497-a389552a1ffe"}}
@serpvera/api:test: {"level":30,"time":1791390515280,"pid":953595,"hostname":"wina-LOQ-16IRH8","reqId":"req-q","res":{"statusCode":200},"responseTime":0.3544080000000349,"msg":"request completed"}
@serpvera/api:test: {"level":30,"time":1791390515280,"pid":953595,"hostname":"wina-LOQ-16IRH8","reqId":"req-r","req":{"method":"POST","url":"/v1/projects","host":"localhost:80","remoteAddress":"127.0.0.1"},"msg":"incoming request"}
@serpvera/api:test: {"level":30,"time":1791390515280,"pid":953595,"hostname":"wina-LOQ-16IRH8","reqId":"req-r","res":{"statusCode":201},"responseTime":0.5856939999999895,"msg":"request completed"}
@serpvera/api:test: {"level":30,"time":1791390515280,"pid":953595,"hostname":"wina-LOQ-16IRH8","reqId":"req-s","req":{"method":"POST","url":"/v1/projects/d05a7a43-89df-4d3d-9ef7-e54b754258cc/autofix/demo","host":"localhost:80","remoteAddress":"127.0.0.1"},"msg":"incoming request"}
@serpvera/api:test: {"level":30,"time":1791390515281,"pid":953595,"hostname":"wina-LOQ-16IRH8","reqId":"req-s","res":{"statusCode":201},"responseTime":0.6624999999999659,"msg":"request completed"}
@serpvera/api:test: {"level":30,"time":1791390515281,"pid":953595,"hostname":"wina-LOQ-16IRH8","reqId":"req-t","req":{"method":"POST","url":"/v1/autofix/e6d22300-f6ba-4ee3-818a-cac435ab4a63/preview","host":"localhost:80","remoteAddress":"127.0.0.1"},"msg":"incoming request"}
@serpvera/api:test: {"level":30,"time":1791390515282,"pid":953595,"hostname":"wina-LOQ-16IRH8","reqId":"req-t","res":{"statusCode":200},"responseTime":0.45938599999999497,"msg":"request completed"}
@serpvera/api:test: {"level":30,"time":1791390515282,"pid":953595,"hostname":"wina-LOQ-16IRH8","reqId":"req-u","req":{"method":"POST","url":"/v1/autofix/e6d22300-f6ba-4ee3-818a-cac435ab4a63/approve","host":"localhost:80","remoteAddress":"127.0.0.1"},"msg":"incoming request"}
@serpvera/api:test: {"level":30,"time":1791390515282,"pid":953595,"hostname":"wina-LOQ-16IRH8","reqId":"req-u","res":{"statusCode":200},"responseTime":0.5790420000000154,"msg":"request completed"}
@serpvera/api:test: {"level":30,"time":1791390515282,"pid":953595,"hostname":"wina-LOQ-16IRH8","reqId":"req-v","req":{"method":"POST","url":"/v1/autofix/e6d22300-f6ba-4ee3-818a-cac435ab4a63/manual","host":"localhost:80","remoteAddress":"127.0.0.1"},"msg":"incoming request"}
@serpvera/api:test: {"level":30,"time":1791390515283,"pid":953595,"hostname":"wina-LOQ-16IRH8","reqId":"req-v","res":{"statusCode":403},"responseTime":0.5733020000000124,"msg":"request completed"}
@serpvera/api:test: {"level":30,"time":1791390515283,"pid":953595,"hostname":"wina-LOQ-16IRH8","reqId":"req-w","req":{"method":"POST","url":"/v1/auth/mfa/enroll","host":"localhost:80","remoteAddress":"127.0.0.1"},"msg":"incoming request"}
@serpvera/api:test: {"level":30,"time":1791390515317,"pid":953595,"hostname":"wina-LOQ-16IRH8","reqId":"req-w","res":{"statusCode":200},"responseTime":33.861064999999996,"msg":"request completed"}
@serpvera/api:test: {"level":30,"time":1791390515317,"pid":953595,"hostname":"wina-LOQ-16IRH8","reqId":"req-x","req":{"method":"POST","url":"/v1/auth/mfa/confirm-enrollment","host":"localhost:80","remoteAddress":"127.0.0.1"},"msg":"incoming request"}
@serpvera/api:test: {"level":30,"time":1791390515318,"pid":953595,"hostname":"wina-LOQ-16IRH8","reqId":"req-x","res":{"statusCode":200},"responseTime":0.8784670000000006,"msg":"request completed"}
@serpvera/api:test: {"level":30,"time":1791390515318,"pid":953595,"hostname":"wina-LOQ-16IRH8","reqId":"req-y","req":{"method":"POST","url":"/v1/autofix/e6d22300-f6ba-4ee3-818a-cac435ab4a63/manual","host":"localhost:80","remoteAddress":"127.0.0.1"},"msg":"incoming request"}
@serpvera/api:test: {"level":30,"time":1791390515319,"pid":953595,"hostname":"wina-LOQ-16IRH8","reqId":"req-y","res":{"statusCode":200},"responseTime":0.9721430000000169,"msg":"request completed"}
@serpvera/api:test: {"level":30,"time":1791390515320,"pid":953595,"hostname":"wina-LOQ-16IRH8","reqId":"req-z","req":{"method":"POST","url":"/v1/autofix/e6d22300-f6ba-4ee3-818a-cac435ab4a63/verify","host":"localhost:80","remoteAddress":"127.0.0.1"},"msg":"incoming request"}
@serpvera/api:test:   ✔ requires step-up for manual publication and keeps an unobserved edit pending (69.694882ms)
@serpvera/api:test: ✔ fixture-backed proven patch routes (280.836074ms)
@serpvera/api:test: {"level":30,"time":1791390515320,"pid":953595,"hostname":"wina-LOQ-16IRH8","reqId":"req-z","res":{"statusCode":200},"responseTime":0.6136070000000018,"msg":"request completed"}
@serpvera/api:test: ▶ WordPress REST adapter (simulator only)
@serpvera/api:test:   ✔ requires HTTPS and validates resource ids (1.118069ms)
@serpvera/api:test:   ✔ reads, writes, replays and verifies a media alt, then verifies rollback (1.696109ms)
@serpvera/api:test:   ✔ does not overwrite drift and does not post an unregistered SEO meta key (0.491017ms)
@serpvera/api:test:   ✔ writes SEO titles only through an explicitly exposed editable string meta field (0.913173ms)
@serpvera/api:test: ✔ WordPress REST adapter (simulator only) (5.188857ms)
@serpvera/api:test: ▶ WordPress REST simulator end-to-end proof loop
@serpvera/api:test:   ✔ publishes R0 alt through REST, verifies R1 manual title, and restores the initial hash (9.841703ms)
@serpvera/api:test: ✔ WordPress REST simulator end-to-end proof loop (10.601265ms)
@serpvera/api:test: ▶ proof-bound patch workflow (fixture only)
@serpvera/api:test:   ✔ declares the complete lifecycle and blocks skipped proof states (1.051483ms)
@serpvera/api:test:   ✔ refuses to construct the fixture workflow in production (0.943871ms)
@serpvera/api:test:   ✔ runs an informative alt patch from evidence through verified rollback (2.959351ms)
@serpvera/api:test:   ✔ supports an R1 title and manual publication without inventing a write receipt (1.406693ms)
@serpvera/api:test:   ✔ rejects ungrounded text, decorative alt text, and every unsupported R2-shaped patch (0.337837ms)
@serpvera/api:test:   ✔ rolls back on browser/Googlebot divergence and records the failed proof (0.897332ms)
@serpvera/api:test:   ✔ treats a blocked Googlebot response as inconclusive and never as success (0.836568ms)
@serpvera/api:test:   ✔ refuses to overwrite a source change made after approval (0.494602ms)
@serpvera/api:test:   ✔ keeps tenant reads isolated and audit events append-only to callers (0.324853ms)
@serpvera/api:test:   ✔ replays the same fixture write idempotently and rejects key reuse for changed content (0.274437ms)
@serpvera/api:test: ✔ proof-bound patch workflow (fixture only) (10.673291ms)
@serpvera/api:test: {"level":30,"time":1791390515885,"pid":953628,"hostname":"wina-LOQ-16IRH8","driver":"postgres","role":"serpvera_app","msg":"store driver: postgres — persistence + RLS enforced"}
@serpvera/api:test: {"level":30,"time":1791390515916,"pid":953628,"hostname":"wina-LOQ-16IRH8","reqId":"req-1","req":{"method":"POST","url":"/v1/auth/register","host":"localhost:80","remoteAddress":"127.0.0.1"},"msg":"incoming request"}
@serpvera/api:test: {"timestamp":"2026-10-07T16:28:35.975Z","level":"info","message":"User registered","context":{"userId":"bb4464ae-e6ad-47c4-861e-aaa947c8c7df"}}
@serpvera/api:test: {"level":30,"time":1791390515977,"pid":953628,"hostname":"wina-LOQ-16IRH8","reqId":"req-1","res":{"statusCode":201},"responseTime":60.550364,"msg":"request completed"}
@serpvera/api:test: {"level":30,"time":1791390515978,"pid":953628,"hostname":"wina-LOQ-16IRH8","reqId":"req-2","req":{"method":"POST","url":"/v1/organizations","host":"localhost:80","remoteAddress":"127.0.0.1"},"msg":"incoming request"}
@serpvera/api:test: {"timestamp":"2026-10-07T16:28:35.981Z","level":"info","message":"Organization created","organizationId":"220251b0-5690-4c67-83e3-e4fd428dece4","context":{"organizationId":"220251b0-5690-4c67-83e3-e4fd428dece4","userId":"bb4464ae-e6ad-47c4-861e-aaa947c8c7df"}}
@serpvera/api:test: {"level":30,"time":1791390515982,"pid":953628,"hostname":"wina-LOQ-16IRH8","reqId":"req-2","res":{"statusCode":201},"responseTime":4.151329999999973,"msg":"request completed"}
@serpvera/api:test: {"level":30,"time":1791390515982,"pid":953628,"hostname":"wina-LOQ-16IRH8","reqId":"req-3","req":{"method":"POST","url":"/v1/auth/select-organization","host":"localhost:80","remoteAddress":"127.0.0.1"},"msg":"incoming request"}
@serpvera/api:test: {"timestamp":"2026-10-07T16:28:35.987Z","level":"info","message":"Organization selected","organizationId":"220251b0-5690-4c67-83e3-e4fd428dece4","context":{"userId":"bb4464ae-e6ad-47c4-861e-aaa947c8c7df","organizationId":"220251b0-5690-4c67-83e3-e4fd428dece4"}}
@serpvera/api:test: {"level":30,"time":1791390515988,"pid":953628,"hostname":"wina-LOQ-16IRH8","reqId":"req-3","res":{"statusCode":200},"responseTime":5.358086000000014,"msg":"request completed"}
@serpvera/api:test: {"level":30,"time":1791390515988,"pid":953628,"hostname":"wina-LOQ-16IRH8","reqId":"req-4","req":{"method":"POST","url":"/v1/projects","host":"localhost:80","remoteAddress":"127.0.0.1"},"msg":"incoming request"}
@serpvera/api:test: {"level":30,"time":1791390515992,"pid":953628,"hostname":"wina-LOQ-16IRH8","reqId":"req-4","res":{"statusCode":201},"responseTime":4.18596500000001,"msg":"request completed"}
@serpvera/api:test: {"level":30,"time":1791390515993,"pid":953628,"hostname":"wina-LOQ-16IRH8","reqId":"req-5","req":{"method":"POST","url":"/v1/projects/3a795ac7-0691-4ab9-a575-13570675c86d/crawl-runs","host":"localhost:80","remoteAddress":"127.0.0.1"},"msg":"incoming request"}
@serpvera/api:test: {"level":30,"time":1791390516001,"pid":953628,"hostname":"wina-LOQ-16IRH8","reqId":"req-5","res":{"statusCode":201},"responseTime":8.681423999999993,"msg":"request completed"}
@serpvera/api:test: {"timestamp":"2026-10-07T16:28:36.014Z","level":"info","message":"Project crawl completed","traceId":"ebcd5437-e341-4ca7-a63a-63c32839de0d","organizationId":"220251b0-5690-4c67-83e3-e4fd428dece4","projectId":"3a795ac7-0691-4ab9-a575-13570675c86d","context":{"jobType":"project-crawl","traceId":"ebcd5437-e341-4ca7-a63a-63c32839de0d","organizationId":"220251b0-5690-4c67-83e3-e4fd428dece4","projectId":"3a795ac7-0691-4ab9-a575-13570675c86d","status":"completed","findingCount":1}}
@serpvera/api:test: {"level":30,"time":1791390516504,"pid":953628,"hostname":"wina-LOQ-16IRH8","reqId":"req-6","req":{"method":"GET","url":"/v1/projects/3a795ac7-0691-4ab9-a575-13570675c86d/findings","host":"localhost:80","remoteAddress":"127.0.0.1"},"msg":"incoming request"}
@serpvera/api:test: {"level":30,"time":1791390516509,"pid":953628,"hostname":"wina-LOQ-16IRH8","reqId":"req-6","res":{"statusCode":200},"responseTime":4.63622399999997,"msg":"request completed"}
@serpvera/api:test: {"level":30,"time":1791390516509,"pid":953628,"hostname":"wina-LOQ-16IRH8","reqId":"req-7","req":{"method":"GET","url":"/v1/projects/3a795ac7-0691-4ab9-a575-13570675c86d/evidence","host":"localhost:80","remoteAddress":"127.0.0.1"},"msg":"incoming request"}
@serpvera/api:test: {"level":30,"time":1791390516512,"pid":953628,"hostname":"wina-LOQ-16IRH8","reqId":"req-7","res":{"statusCode":200},"responseTime":2.4547600000000784,"msg":"request completed"}
@serpvera/api:test: {"level":30,"time":1791390516512,"pid":953628,"hostname":"wina-LOQ-16IRH8","reqId":"req-8","req":{"method":"GET","url":"/v1/projects/3a795ac7-0691-4ab9-a575-13570675c86d/crawl-runs","host":"localhost:80","remoteAddress":"127.0.0.1"},"msg":"incoming request"}
@serpvera/api:test: {"level":30,"time":1791390516514,"pid":953628,"hostname":"wina-LOQ-16IRH8","reqId":"req-8","res":{"statusCode":200},"responseTime":2.0701850000000377,"msg":"request completed"}
@serpvera/api:test: {"level":30,"time":1791390516514,"pid":953628,"hostname":"wina-LOQ-16IRH8","reqId":"req-9","req":{"method":"GET","url":"/v1/projects/3a795ac7-0691-4ab9-a575-13570675c86d/findings","host":"localhost:80","remoteAddress":"127.0.0.1"},"msg":"incoming request"}
@serpvera/api:test: {"level":30,"time":1791390516516,"pid":953628,"hostname":"wina-LOQ-16IRH8","reqId":"req-9","res":{"statusCode":200},"responseTime":2.0821070000000645,"msg":"request completed"}
@serpvera/api:test: {"level":30,"time":1791390516519,"pid":953628,"hostname":"wina-LOQ-16IRH8","reqId":"req-a","req":{"method":"POST","url":"/v1/auth/register","host":"localhost:80","remoteAddress":"127.0.0.1"},"msg":"incoming request"}
@serpvera/api:test: ▶ project crawl persists fixture-derived findings/evidence (real PostgreSQL)
@serpvera/api:test:   ✔ crawl run writes findings + evidence rows, and GET /findings returns them (tenant-scoped) (607.178789ms)
@serpvera/api:test: {"timestamp":"2026-10-07T16:28:36.560Z","level":"info","message":"User registered","context":{"userId":"b8ed165f-43dd-4e59-adfa-23c60517e766"}}
@serpvera/api:test: {"level":30,"time":1791390516560,"pid":953628,"hostname":"wina-LOQ-16IRH8","reqId":"req-a","res":{"statusCode":201},"responseTime":41.475516000000084,"msg":"request completed"}
@serpvera/api:test: {"level":30,"time":1791390516561,"pid":953628,"hostname":"wina-LOQ-16IRH8","reqId":"req-b","req":{"method":"POST","url":"/v1/organizations","host":"localhost:80","remoteAddress":"127.0.0.1"},"msg":"incoming request"}
@serpvera/api:test: {"timestamp":"2026-10-07T16:28:36.564Z","level":"info","message":"Organization created","organizationId":"7a268914-c8fd-40c7-b424-35d32646c834","context":{"organizationId":"7a268914-c8fd-40c7-b424-35d32646c834","userId":"b8ed165f-43dd-4e59-adfa-23c60517e766"}}
@serpvera/api:test: {"level":30,"time":1791390516564,"pid":953628,"hostname":"wina-LOQ-16IRH8","reqId":"req-b","res":{"statusCode":201},"responseTime":3.4905840000000126,"msg":"request completed"}
@serpvera/api:test: {"level":30,"time":1791390516564,"pid":953628,"hostname":"wina-LOQ-16IRH8","reqId":"req-c","req":{"method":"POST","url":"/v1/auth/select-organization","host":"localhost:80","remoteAddress":"127.0.0.1"},"msg":"incoming request"}
@serpvera/api:test: {"timestamp":"2026-10-07T16:28:36.567Z","level":"info","message":"Organization selected","organizationId":"7a268914-c8fd-40c7-b424-35d32646c834","context":{"userId":"b8ed165f-43dd-4e59-adfa-23c60517e766","organizationId":"7a268914-c8fd-40c7-b424-35d32646c834"}}
@serpvera/api:test: {"level":30,"time":1791390516567,"pid":953628,"hostname":"wina-LOQ-16IRH8","reqId":"req-c","res":{"statusCode":200},"responseTime":2.7875080000000025,"msg":"request completed"}
@serpvera/api:test: {"level":30,"time":1791390516567,"pid":953628,"hostname":"wina-LOQ-16IRH8","reqId":"req-d","req":{"method":"POST","url":"/v1/projects","host":"localhost:80","remoteAddress":"127.0.0.1"},"msg":"incoming request"}
@serpvera/api:test: {"level":30,"time":1791390516570,"pid":953628,"hostname":"wina-LOQ-16IRH8","reqId":"req-d","res":{"statusCode":201},"responseTime":2.7265519999999697,"msg":"request completed"}
@serpvera/api:test: {"level":30,"time":1791390516570,"pid":953628,"hostname":"wina-LOQ-16IRH8","reqId":"req-e","req":{"method":"POST","url":"/v1/auth/register","host":"localhost:80","remoteAddress":"127.0.0.1"},"msg":"incoming request"}
@serpvera/api:test: {"timestamp":"2026-10-07T16:28:36.606Z","level":"info","message":"User registered","context":{"userId":"6e2e5441-21c9-4d43-9951-8956b8dd8827"}}
@serpvera/api:test: {"level":30,"time":1791390516606,"pid":953628,"hostname":"wina-LOQ-16IRH8","reqId":"req-e","res":{"statusCode":201},"responseTime":36.30836199999999,"msg":"request completed"}
@serpvera/api:test: {"level":30,"time":1791390516607,"pid":953628,"hostname":"wina-LOQ-16IRH8","reqId":"req-f","req":{"method":"POST","url":"/v1/organizations","host":"localhost:80","remoteAddress":"127.0.0.1"},"msg":"incoming request"}
@serpvera/api:test: {"timestamp":"2026-10-07T16:28:36.609Z","level":"info","message":"Organization created","organizationId":"9ca91b08-006e-46e8-b8bf-8635aadd2466","context":{"organizationId":"9ca91b08-006e-46e8-b8bf-8635aadd2466","userId":"6e2e5441-21c9-4d43-9951-8956b8dd8827"}}
@serpvera/api:test: {"level":30,"time":1791390516609,"pid":953628,"hostname":"wina-LOQ-16IRH8","reqId":"req-f","res":{"statusCode":201},"responseTime":2.7240880000000516,"msg":"request completed"}
@serpvera/api:test: {"level":30,"time":1791390516610,"pid":953628,"hostname":"wina-LOQ-16IRH8","reqId":"req-g","req":{"method":"POST","url":"/v1/auth/select-organization","host":"localhost:80","remoteAddress":"127.0.0.1"},"msg":"incoming request"}
@serpvera/api:test: {"timestamp":"2026-10-07T16:28:36.614Z","level":"info","message":"Organization selected","organizationId":"9ca91b08-006e-46e8-b8bf-8635aadd2466","context":{"userId":"6e2e5441-21c9-4d43-9951-8956b8dd8827","organizationId":"9ca91b08-006e-46e8-b8bf-8635aadd2466"}}
@serpvera/api:test: {"level":30,"time":1791390516614,"pid":953628,"hostname":"wina-LOQ-16IRH8","reqId":"req-g","res":{"statusCode":200},"responseTime":4.367917999999918,"msg":"request completed"}
@serpvera/api:test: {"level":30,"time":1791390516614,"pid":953628,"hostname":"wina-LOQ-16IRH8","reqId":"req-h","req":{"method":"POST","url":"/v1/projects","host":"localhost:80","remoteAddress":"127.0.0.1"},"msg":"incoming request"}
@serpvera/api:test: {"level":30,"time":1791390516616,"pid":953628,"hostname":"wina-LOQ-16IRH8","reqId":"req-h","res":{"statusCode":201},"responseTime":2.2249160000000074,"msg":"request completed"}
@serpvera/api:test: {"level":30,"time":1791390516617,"pid":953628,"hostname":"wina-LOQ-16IRH8","reqId":"req-i","req":{"method":"POST","url":"/v1/projects/e4e0310c-7a4a-4a64-aae6-0369bf197d21/crawl-runs","host":"localhost:80","remoteAddress":"127.0.0.1"},"msg":"incoming request"}
@serpvera/api:test: {"level":30,"time":1791390516619,"pid":953628,"hostname":"wina-LOQ-16IRH8","reqId":"req-i","res":{"statusCode":201},"responseTime":2.6646659999998974,"msg":"request completed"}
@serpvera/api:test: {"timestamp":"2026-10-07T16:28:36.626Z","level":"info","message":"Project crawl completed","traceId":"7f343d4b-922d-4886-9f81-7059488a08a6","organizationId":"7a268914-c8fd-40c7-b424-35d32646c834","projectId":"e4e0310c-7a4a-4a64-aae6-0369bf197d21","context":{"jobType":"project-crawl","traceId":"7f343d4b-922d-4886-9f81-7059488a08a6","organizationId":"7a268914-c8fd-40c7-b424-35d32646c834","projectId":"e4e0310c-7a4a-4a64-aae6-0369bf197d21","status":"completed","findingCount":1}}
@serpvera/api:test: {"level":30,"time":1791390517121,"pid":953628,"hostname":"wina-LOQ-16IRH8","reqId":"req-j","req":{"method":"GET","url":"/v1/projects/e4e0310c-7a4a-4a64-aae6-0369bf197d21/findings","host":"localhost:80","remoteAddress":"127.0.0.1"},"msg":"incoming request"}
@serpvera/api:test: {"level":30,"time":1791390517125,"pid":953628,"hostname":"wina-LOQ-16IRH8","reqId":"req-j","res":{"statusCode":200},"responseTime":3.8572249999999713,"msg":"request completed"}
@serpvera/api:test: {"level":30,"time":1791390517626,"pid":953628,"hostname":"wina-LOQ-16IRH8","reqId":"req-k","req":{"method":"GET","url":"/v1/projects/e4e0310c-7a4a-4a64-aae6-0369bf197d21/findings","host":"localhost:80","remoteAddress":"127.0.0.1"},"msg":"incoming request"}
@serpvera/api:test: {"level":30,"time":1791390517629,"pid":953628,"hostname":"wina-LOQ-16IRH8","reqId":"req-k","res":{"statusCode":200},"responseTime":2.892655999999988,"msg":"request completed"}
@serpvera/api:test: {"level":30,"time":1791390517629,"pid":953628,"hostname":"wina-LOQ-16IRH8","reqId":"req-l","req":{"method":"GET","url":"/v1/projects/e4e0310c-7a4a-4a64-aae6-0369bf197d21/evidence","host":"localhost:80","remoteAddress":"127.0.0.1"},"msg":"incoming request"}
@serpvera/api:test: {"level":30,"time":1791390517631,"pid":953628,"hostname":"wina-LOQ-16IRH8","reqId":"req-l","res":{"statusCode":200},"responseTime":1.5454349999999977,"msg":"request completed"}
@serpvera/api:test: {"level":30,"time":1791390517631,"pid":953628,"hostname":"wina-LOQ-16IRH8","reqId":"req-m","req":{"method":"GET","url":"/v1/projects/e4e0310c-7a4a-4a64-aae6-0369bf197d21/crawl-runs","host":"localhost:80","remoteAddress":"127.0.0.1"},"msg":"incoming request"}
@serpvera/api:test: {"level":30,"time":1791390517632,"pid":953628,"hostname":"wina-LOQ-16IRH8","reqId":"req-m","res":{"statusCode":200},"responseTime":1.2560390000001007,"msg":"request completed"}
@serpvera/api:test: {"level":30,"time":1791390517632,"pid":953628,"hostname":"wina-LOQ-16IRH8","reqId":"req-n","req":{"method":"GET","url":"/v1/projects/e4e0310c-7a4a-4a64-aae6-0369bf197d21/findings","host":"localhost:80","remoteAddress":"127.0.0.1"},"msg":"incoming request"}
@serpvera/api:test: {"level":30,"time":1791390517633,"pid":953628,"hostname":"wina-LOQ-16IRH8","reqId":"req-n","res":{"statusCode":404},"responseTime":0.7856719999999768,"msg":"request completed"}
@serpvera/api:test: {"level":30,"time":1791390517633,"pid":953628,"hostname":"wina-LOQ-16IRH8","reqId":"req-o","req":{"method":"POST","url":"/v1/projects/e4e0310c-7a4a-4a64-aae6-0369bf197d21/crawl-runs","host":"localhost:80","remoteAddress":"127.0.0.1"},"msg":"incoming request"}
@serpvera/api:test: {"level":30,"time":1791390517634,"pid":953628,"hostname":"wina-LOQ-16IRH8","reqId":"req-o","res":{"statusCode":404},"responseTime":0.9347130000001016,"msg":"request completed"}
@serpvera/api:test: {"level":30,"time":1791390517634,"pid":953628,"hostname":"wina-LOQ-16IRH8","reqId":"req-p","req":{"method":"GET","url":"/v1/projects/dbe68d4b-4af7-4a46-b014-6f932631bb88/findings","host":"localhost:80","remoteAddress":"127.0.0.1"},"msg":"incoming request"}
@serpvera/api:test: {"level":30,"time":1791390517636,"pid":953628,"hostname":"wina-LOQ-16IRH8","reqId":"req-p","res":{"statusCode":200},"responseTime":1.4084869999999228,"msg":"request completed"}
@serpvera/api:test:   ✔ a foreign tenant gets 404 for the crawl/findings routes (no existence leak) (1117.696635ms)
@serpvera/api:test: ✔ project crawl persists fixture-derived findings/evidence (real PostgreSQL) (1805.327224ms)
@serpvera/api:test: {"level":30,"time":1791390528078,"pid":953681,"hostname":"wina-LOQ-16IRH8","driver":"postgres","role":"serpvera_app","msg":"store driver: postgres — persistence + RLS enforced"}
@serpvera/api:test: {"level":30,"time":1791390528127,"pid":953681,"hostname":"wina-LOQ-16IRH8","reqId":"req-1","req":{"method":"POST","url":"/v1/auth/register","host":"localhost:80","remoteAddress":"127.0.0.1"},"msg":"incoming request"}
@serpvera/api:test: {"timestamp":"2026-10-07T16:28:48.204Z","level":"info","message":"User registered","context":{"userId":"62476be5-5077-4aa8-8489-059f0338d66c"}}
@serpvera/api:test: {"level":30,"time":1791390528207,"pid":953681,"hostname":"wina-LOQ-16IRH8","reqId":"req-1","res":{"statusCode":201},"responseTime":78.91271700000004,"msg":"request completed"}
@serpvera/api:test: {"level":30,"time":1791390528207,"pid":953681,"hostname":"wina-LOQ-16IRH8","reqId":"req-2","req":{"method":"POST","url":"/v1/organizations","host":"localhost:80","remoteAddress":"127.0.0.1"},"msg":"incoming request"}
@serpvera/api:test: {"timestamp":"2026-10-07T16:28:48.213Z","level":"info","message":"Organization created","organizationId":"3c07a2cc-8000-41d8-b55c-9dd3178c9a28","context":{"organizationId":"3c07a2cc-8000-41d8-b55c-9dd3178c9a28","userId":"62476be5-5077-4aa8-8489-059f0338d66c"}}
@serpvera/api:test: {"level":30,"time":1791390528214,"pid":953681,"hostname":"wina-LOQ-16IRH8","reqId":"req-2","res":{"statusCode":201},"responseTime":6.22848799999997,"msg":"request completed"}
@serpvera/api:test: {"level":30,"time":1791390528214,"pid":953681,"hostname":"wina-LOQ-16IRH8","reqId":"req-3","req":{"method":"POST","url":"/v1/auth/select-organization","host":"localhost:80","remoteAddress":"127.0.0.1"},"msg":"incoming request"}
@serpvera/api:test: {"timestamp":"2026-10-07T16:28:48.220Z","level":"info","message":"Organization selected","organizationId":"3c07a2cc-8000-41d8-b55c-9dd3178c9a28","context":{"userId":"62476be5-5077-4aa8-8489-059f0338d66c","organizationId":"3c07a2cc-8000-41d8-b55c-9dd3178c9a28"}}
@serpvera/api:test: {"level":30,"time":1791390528220,"pid":953681,"hostname":"wina-LOQ-16IRH8","reqId":"req-3","res":{"statusCode":200},"responseTime":6.371598000000063,"msg":"request completed"}
@serpvera/api:test: {"level":30,"time":1791390528221,"pid":953681,"hostname":"wina-LOQ-16IRH8","reqId":"req-4","req":{"method":"POST","url":"/v1/auth/register","host":"localhost:80","remoteAddress":"127.0.0.1"},"msg":"incoming request"}
@serpvera/api:test: {"timestamp":"2026-10-07T16:28:48.276Z","level":"info","message":"User registered","context":{"userId":"1c37cd90-5954-4b55-85a4-52c7ce048556"}}
@serpvera/api:test: {"level":30,"time":1791390528276,"pid":953681,"hostname":"wina-LOQ-16IRH8","reqId":"req-4","res":{"statusCode":201},"responseTime":55.29310799999996,"msg":"request completed"}
@serpvera/api:test: {"level":30,"time":1791390528277,"pid":953681,"hostname":"wina-LOQ-16IRH8","reqId":"req-5","req":{"method":"POST","url":"/v1/organizations","host":"localhost:80","remoteAddress":"127.0.0.1"},"msg":"incoming request"}
@serpvera/api:test: {"timestamp":"2026-10-07T16:28:48.281Z","level":"info","message":"Organization created","organizationId":"7adb875b-799f-4b5f-9608-44427813305e","context":{"organizationId":"7adb875b-799f-4b5f-9608-44427813305e","userId":"1c37cd90-5954-4b55-85a4-52c7ce048556"}}
@serpvera/api:test: {"level":30,"time":1791390528281,"pid":953681,"hostname":"wina-LOQ-16IRH8","reqId":"req-5","res":{"statusCode":201},"responseTime":4.449973,"msg":"request completed"}
@serpvera/api:test: {"level":30,"time":1791390528282,"pid":953681,"hostname":"wina-LOQ-16IRH8","reqId":"req-6","req":{"method":"POST","url":"/v1/auth/select-organization","host":"localhost:80","remoteAddress":"127.0.0.1"},"msg":"incoming request"}
@serpvera/api:test: {"timestamp":"2026-10-07T16:28:48.286Z","level":"info","message":"Organization selected","organizationId":"7adb875b-799f-4b5f-9608-44427813305e","context":{"userId":"1c37cd90-5954-4b55-85a4-52c7ce048556","organizationId":"7adb875b-799f-4b5f-9608-44427813305e"}}
@serpvera/api:test: {"level":30,"time":1791390528287,"pid":953681,"hostname":"wina-LOQ-16IRH8","reqId":"req-6","res":{"statusCode":200},"responseTime":4.941911000000005,"msg":"request completed"}
@serpvera/api:test: {"level":30,"time":1791390528287,"pid":953681,"hostname":"wina-LOQ-16IRH8","reqId":"req-7","req":{"method":"POST","url":"/v1/projects","host":"localhost:80","remoteAddress":"127.0.0.1"},"msg":"incoming request"}
@serpvera/api:test: {"level":30,"time":1791390528293,"pid":953681,"hostname":"wina-LOQ-16IRH8","reqId":"req-7","res":{"statusCode":201},"responseTime":5.452674000000002,"msg":"request completed"}
@serpvera/api:test: {"level":30,"time":1791390528372,"pid":953681,"hostname":"wina-LOQ-16IRH8","reqId":"req-8","req":{"method":"GET","url":"/v1/projects/ee10e967-94b2-4eec-bf88-49de0368a319/gsc/intelligence?startDate=2026-09-01&endDate=2026-09-30&module=high_impressions_low_ctr&country=fra","host":"localhost:80","remoteAddress":"127.0.0.1"},"msg":"incoming request"}
@serpvera/api:test: {"level":30,"time":1791390528380,"pid":953681,"hostname":"wina-LOQ-16IRH8","reqId":"req-8","res":{"statusCode":200},"responseTime":7.107616000000007,"msg":"request completed"}
@serpvera/api:test: {"level":30,"time":1791390528380,"pid":953681,"hostname":"wina-LOQ-16IRH8","reqId":"req-9","req":{"method":"POST","url":"/v1/projects/ee10e967-94b2-4eec-bf88-49de0368a319/gsc/findings","host":"localhost:80","remoteAddress":"127.0.0.1"},"msg":"incoming request"}
@serpvera/api:test: {"level":30,"time":1791390528385,"pid":953681,"hostname":"wina-LOQ-16IRH8","reqId":"req-9","res":{"statusCode":409},"responseTime":4.938034000000016,"msg":"request completed"}
@serpvera/api:test: {"level":30,"time":1791390528385,"pid":953681,"hostname":"wina-LOQ-16IRH8","reqId":"req-a","req":{"method":"POST","url":"/v1/projects/ee10e967-94b2-4eec-bf88-49de0368a319/gsc/findings","host":"localhost:80","remoteAddress":"127.0.0.1"},"msg":"incoming request"}
@serpvera/api:test: {"level":30,"time":1791390528388,"pid":953681,"hostname":"wina-LOQ-16IRH8","reqId":"req-a","res":{"statusCode":409},"responseTime":2.264110999999957,"msg":"request completed"}
@serpvera/api:test: {"level":30,"time":1791390528388,"pid":953681,"hostname":"wina-LOQ-16IRH8","reqId":"req-b","req":{"method":"POST","url":"/v1/projects/ee10e967-94b2-4eec-bf88-49de0368a319/gsc/findings","host":"localhost:80","remoteAddress":"127.0.0.1"},"msg":"incoming request"}
@serpvera/api:test: {"level":30,"time":1791390528388,"pid":953681,"hostname":"wina-LOQ-16IRH8","reqId":"req-c","req":{"method":"POST","url":"/v1/projects/ee10e967-94b2-4eec-bf88-49de0368a319/gsc/findings","host":"localhost:80","remoteAddress":"127.0.0.1"},"msg":"incoming request"}
@serpvera/api:test: {"level":30,"time":1791390528397,"pid":953681,"hostname":"wina-LOQ-16IRH8","reqId":"req-b","res":{"statusCode":201},"responseTime":8.983644000000027,"msg":"request completed"}
@serpvera/api:test: {"level":30,"time":1791390528401,"pid":953681,"hostname":"wina-LOQ-16IRH8","reqId":"req-c","res":{"statusCode":200},"responseTime":12.787779,"msg":"request completed"}
@serpvera/api:test: {"level":30,"time":1791390528416,"pid":953681,"hostname":"wina-LOQ-16IRH8","reqId":"req-d","req":{"method":"POST","url":"/v1/projects/ee10e967-94b2-4eec-bf88-49de0368a319/gsc/findings","host":"localhost:80","remoteAddress":"127.0.0.1"},"msg":"incoming request"}
@serpvera/api:test: {"level":30,"time":1791390528425,"pid":953681,"hostname":"wina-LOQ-16IRH8","reqId":"req-d","res":{"statusCode":200},"responseTime":9.002989999999954,"msg":"request completed"}
@serpvera/api:test: {"level":30,"time":1791390528427,"pid":953681,"hostname":"wina-LOQ-16IRH8","reqId":"req-e","req":{"method":"POST","url":"/v1/actions/32f56822-20ea-4973-8e0b-92e8fed846ec/transitions","host":"localhost:80","remoteAddress":"127.0.0.1"},"msg":"incoming request"}
@serpvera/api:test: {"level":30,"time":1791390528434,"pid":953681,"hostname":"wina-LOQ-16IRH8","reqId":"req-e","res":{"statusCode":200},"responseTime":7.305118999999991,"msg":"request completed"}
@serpvera/api:test: {"level":30,"time":1791390528434,"pid":953681,"hostname":"wina-LOQ-16IRH8","reqId":"req-f","req":{"method":"POST","url":"/v1/actions/32f56822-20ea-4973-8e0b-92e8fed846ec/transitions","host":"localhost:80","remoteAddress":"127.0.0.1"},"msg":"incoming request"}
@serpvera/api:test: {"level":30,"time":1791390528437,"pid":953681,"hostname":"wina-LOQ-16IRH8","reqId":"req-f","res":{"statusCode":409},"responseTime":2.9221520000000965,"msg":"request completed"}
@serpvera/api:test: {"level":30,"time":1791390528438,"pid":953681,"hostname":"wina-LOQ-16IRH8","reqId":"req-g","req":{"method":"POST","url":"/v1/actions/32f56822-20ea-4973-8e0b-92e8fed846ec/transitions","host":"localhost:80","remoteAddress":"127.0.0.1"},"msg":"incoming request"}
@serpvera/api:test: {"level":30,"time":1791390528441,"pid":953681,"hostname":"wina-LOQ-16IRH8","reqId":"req-g","res":{"statusCode":200},"responseTime":3.601001999999994,"msg":"request completed"}
@serpvera/api:test: {"level":30,"time":1791390528450,"pid":953681,"hostname":"wina-LOQ-16IRH8","reqId":"req-h","req":{"method":"POST","url":"/v1/projects/ee10e967-94b2-4eec-bf88-49de0368a319/gsc/findings","host":"localhost:80","remoteAddress":"127.0.0.1"},"msg":"incoming request"}
@serpvera/api:test: {"level":30,"time":1791390528455,"pid":953681,"hostname":"wina-LOQ-16IRH8","reqId":"req-h","res":{"statusCode":409},"responseTime":5.152498000000037,"msg":"request completed"}
@serpvera/api:test: {"level":30,"time":1791390528455,"pid":953681,"hostname":"wina-LOQ-16IRH8","reqId":"req-i","req":{"method":"POST","url":"/v1/actions/32f56822-20ea-4973-8e0b-92e8fed846ec/transitions","host":"localhost:80","remoteAddress":"127.0.0.1"},"msg":"incoming request"}
@serpvera/api:test: {"level":30,"time":1791390528459,"pid":953681,"hostname":"wina-LOQ-16IRH8","reqId":"req-i","res":{"statusCode":200},"responseTime":3.4103430000000117,"msg":"request completed"}
@serpvera/api:test: {"level":30,"time":1791390528459,"pid":953681,"hostname":"wina-LOQ-16IRH8","reqId":"req-j","req":{"method":"POST","url":"/v1/actions/32f56822-20ea-4973-8e0b-92e8fed846ec/transitions","host":"localhost:80","remoteAddress":"127.0.0.1"},"msg":"incoming request"}
@serpvera/api:test: {"level":30,"time":1791390528463,"pid":953681,"hostname":"wina-LOQ-16IRH8","reqId":"req-j","res":{"statusCode":200},"responseTime":4.146881000000008,"msg":"request completed"}
@serpvera/api:test: {"level":30,"time":1791390528463,"pid":953681,"hostname":"wina-LOQ-16IRH8","reqId":"req-k","req":{"method":"POST","url":"/v1/actions/32f56822-20ea-4973-8e0b-92e8fed846ec/transitions","host":"localhost:80","remoteAddress":"127.0.0.1"},"msg":"incoming request"}
@serpvera/api:test: {"level":30,"time":1791390528468,"pid":953681,"hostname":"wina-LOQ-16IRH8","reqId":"req-k","res":{"statusCode":200},"responseTime":4.896033999999986,"msg":"request completed"}
@serpvera/api:test: {"level":30,"time":1791390528468,"pid":953681,"hostname":"wina-LOQ-16IRH8","reqId":"req-l","req":{"method":"POST","url":"/v1/actions/32f56822-20ea-4973-8e0b-92e8fed846ec/transitions","host":"localhost:80","remoteAddress":"127.0.0.1"},"msg":"incoming request"}
@serpvera/api:test: {"level":30,"time":1791390528474,"pid":953681,"hostname":"wina-LOQ-16IRH8","reqId":"req-l","res":{"statusCode":200},"responseTime":5.406878000000006,"msg":"request completed"}
@serpvera/api:test: {"level":30,"time":1791390528474,"pid":953681,"hostname":"wina-LOQ-16IRH8","reqId":"req-m","req":{"method":"POST","url":"/v1/auth/register","host":"localhost:80","remoteAddress":"127.0.0.1"},"msg":"incoming request"}
@serpvera/api:test: {"timestamp":"2026-10-07T16:28:48.502Z","level":"info","message":"User registered","context":{"userId":"bd9ab61c-f045-4f6a-8496-835e2f842e6e"}}
@serpvera/api:test: {"level":30,"time":1791390528503,"pid":953681,"hostname":"wina-LOQ-16IRH8","reqId":"req-m","res":{"statusCode":201},"responseTime":28.470056999999997,"msg":"request completed"}
@serpvera/api:test: {"level":30,"time":1791390528505,"pid":953681,"hostname":"wina-LOQ-16IRH8","reqId":"req-n","req":{"method":"POST","url":"/v1/auth/select-organization","host":"localhost:80","remoteAddress":"127.0.0.1"},"msg":"incoming request"}
@serpvera/api:test: {"timestamp":"2026-10-07T16:28:48.511Z","level":"info","message":"Organization selected","organizationId":"3c07a2cc-8000-41d8-b55c-9dd3178c9a28","context":{"userId":"bd9ab61c-f045-4f6a-8496-835e2f842e6e","organizationId":"3c07a2cc-8000-41d8-b55c-9dd3178c9a28"}}
@serpvera/api:test: {"level":30,"time":1791390528511,"pid":953681,"hostname":"wina-LOQ-16IRH8","reqId":"req-n","res":{"statusCode":200},"responseTime":6.550775000000044,"msg":"request completed"}
@serpvera/api:test: {"level":30,"time":1791390528512,"pid":953681,"hostname":"wina-LOQ-16IRH8","reqId":"req-o","req":{"method":"POST","url":"/v1/projects/ee10e967-94b2-4eec-bf88-49de0368a319/gsc/findings","host":"localhost:80","remoteAddress":"127.0.0.1"},"msg":"incoming request"}
@serpvera/api:test: {"level":30,"time":1791390528513,"pid":953681,"hostname":"wina-LOQ-16IRH8","reqId":"req-o","res":{"statusCode":403},"responseTime":0.31892100000004575,"msg":"request completed"}
@serpvera/api:test: {"level":30,"time":1791390528513,"pid":953681,"hostname":"wina-LOQ-16IRH8","reqId":"req-p","req":{"method":"POST","url":"/v1/projects/ee10e967-94b2-4eec-bf88-49de0368a319/gsc/findings","host":"localhost:80","remoteAddress":"127.0.0.1"},"msg":"incoming request"}
@serpvera/api:test: {"level":30,"time":1791390528516,"pid":953681,"hostname":"wina-LOQ-16IRH8","reqId":"req-p","res":{"statusCode":409},"responseTime":2.7102619999999433,"msg":"request completed"}
@serpvera/api:test: {"level":30,"time":1791390528516,"pid":953681,"hostname":"wina-LOQ-16IRH8","reqId":"req-q","req":{"method":"POST","url":"/v1/projects/ee10e967-94b2-4eec-bf88-49de0368a319/gsc/findings","host":"localhost:80","remoteAddress":"127.0.0.1"},"msg":"incoming request"}
@serpvera/api:test: {"level":30,"time":1791390528521,"pid":953681,"hostname":"wina-LOQ-16IRH8","reqId":"req-q","res":{"statusCode":409},"responseTime":4.88289999999995,"msg":"request completed"}
@serpvera/api:test: ▶ GSC-007 Action Center verification via GSC measurements (real PostgreSQL)
@serpvera/api:test:   ✔ promotes only a server-recomputed GSC recommendation and rejects stale subjects (150.210953ms)
@serpvera/api:test: {"level":30,"time":1791390528522,"pid":953681,"hostname":"wina-LOQ-16IRH8","reqId":"req-r","req":{"method":"POST","url":"/v1/actions/026a4c27-206e-4527-afea-55e8f0e6d8c7/transitions","host":"localhost:80","remoteAddress":"127.0.0.1"},"msg":"incoming request"}
@serpvera/api:test: {"level":30,"time":1791390528527,"pid":953681,"hostname":"wina-LOQ-16IRH8","reqId":"req-r","res":{"statusCode":200},"responseTime":4.597611000000029,"msg":"request completed"}
@serpvera/api:test: {"level":30,"time":1791390528527,"pid":953681,"hostname":"wina-LOQ-16IRH8","reqId":"req-s","req":{"method":"POST","url":"/v1/actions/026a4c27-206e-4527-afea-55e8f0e6d8c7/transitions","host":"localhost:80","remoteAddress":"127.0.0.1"},"msg":"incoming request"}
@serpvera/api:test: {"level":30,"time":1791390528531,"pid":953681,"hostname":"wina-LOQ-16IRH8","reqId":"req-s","res":{"statusCode":200},"responseTime":3.5861640000000534,"msg":"request completed"}
@serpvera/api:test: {"level":30,"time":1791390528531,"pid":953681,"hostname":"wina-LOQ-16IRH8","reqId":"req-t","req":{"method":"POST","url":"/v1/actions/026a4c27-206e-4527-afea-55e8f0e6d8c7/transitions","host":"localhost:80","remoteAddress":"127.0.0.1"},"msg":"incoming request"}
@serpvera/api:test: {"level":30,"time":1791390528534,"pid":953681,"hostname":"wina-LOQ-16IRH8","reqId":"req-t","res":{"statusCode":200},"responseTime":3.7100580000000036,"msg":"request completed"}
@serpvera/api:test: {"level":30,"time":1791390528535,"pid":953681,"hostname":"wina-LOQ-16IRH8","reqId":"req-u","req":{"method":"POST","url":"/v1/actions/026a4c27-206e-4527-afea-55e8f0e6d8c7/transitions","host":"localhost:80","remoteAddress":"127.0.0.1"},"msg":"incoming request"}
@serpvera/api:test: {"level":30,"time":1791390528539,"pid":953681,"hostname":"wina-LOQ-16IRH8","reqId":"req-u","res":{"statusCode":200},"responseTime":4.7930710000000545,"msg":"request completed"}
@serpvera/api:test: {"level":30,"time":1791390528540,"pid":953681,"hostname":"wina-LOQ-16IRH8","reqId":"req-v","req":{"method":"POST","url":"/v1/actions/026a4c27-206e-4527-afea-55e8f0e6d8c7/transitions","host":"localhost:80","remoteAddress":"127.0.0.1"},"msg":"incoming request"}
@serpvera/api:test: {"level":30,"time":1791390528543,"pid":953681,"hostname":"wina-LOQ-16IRH8","reqId":"req-v","res":{"statusCode":200},"responseTime":3.702764000000002,"msg":"request completed"}
@serpvera/api:test: {"level":30,"time":1791390528544,"pid":953681,"hostname":"wina-LOQ-16IRH8","reqId":"req-w","req":{"method":"POST","url":"/v1/actions/026a4c27-206e-4527-afea-55e8f0e6d8c7/transitions","host":"localhost:80","remoteAddress":"127.0.0.1"},"msg":"incoming request"}
@serpvera/api:test: {"level":30,"time":1791390528548,"pid":953681,"hostname":"wina-LOQ-16IRH8","reqId":"req-w","res":{"statusCode":200},"responseTime":4.124288999999976,"msg":"request completed"}
@serpvera/api:test:   ✔ VERIFIED: approval → modification → waiting window → measured gate passes (26.024144ms)
@serpvera/api:test: {"level":30,"time":1791390528548,"pid":953681,"hostname":"wina-LOQ-16IRH8","reqId":"req-x","req":{"method":"POST","url":"/v1/actions/a90877fd-37e7-470b-a2f0-6552a5660c64/transitions","host":"localhost:80","remoteAddress":"127.0.0.1"},"msg":"incoming request"}
@serpvera/api:test: {"level":30,"time":1791390528551,"pid":953681,"hostname":"wina-LOQ-16IRH8","reqId":"req-x","res":{"statusCode":200},"responseTime":3.0112799999999424,"msg":"request completed"}
@serpvera/api:test: {"level":30,"time":1791390528551,"pid":953681,"hostname":"wina-LOQ-16IRH8","reqId":"req-y","req":{"method":"POST","url":"/v1/actions/a90877fd-37e7-470b-a2f0-6552a5660c64/transitions","host":"localhost:80","remoteAddress":"127.0.0.1"},"msg":"incoming request"}
@serpvera/api:test: {"level":30,"time":1791390528555,"pid":953681,"hostname":"wina-LOQ-16IRH8","reqId":"req-y","res":{"statusCode":200},"responseTime":3.53339399999993,"msg":"request completed"}
@serpvera/api:test: {"level":30,"time":1791390528555,"pid":953681,"hostname":"wina-LOQ-16IRH8","reqId":"req-z","req":{"method":"POST","url":"/v1/actions/a90877fd-37e7-470b-a2f0-6552a5660c64/transitions","host":"localhost:80","remoteAddress":"127.0.0.1"},"msg":"incoming request"}
@serpvera/api:test: {"level":30,"time":1791390528559,"pid":953681,"hostname":"wina-LOQ-16IRH8","reqId":"req-z","res":{"statusCode":200},"responseTime":3.92641500000002,"msg":"request completed"}
@serpvera/api:test: {"level":30,"time":1791390528559,"pid":953681,"hostname":"wina-LOQ-16IRH8","reqId":"req-10","req":{"method":"POST","url":"/v1/actions/a90877fd-37e7-470b-a2f0-6552a5660c64/transitions","host":"localhost:80","remoteAddress":"127.0.0.1"},"msg":"incoming request"}
@serpvera/api:test: {"level":30,"time":1791390528563,"pid":953681,"hostname":"wina-LOQ-16IRH8","reqId":"req-10","res":{"statusCode":200},"responseTime":3.466417999999976,"msg":"request completed"}
@serpvera/api:test: {"level":30,"time":1791390528563,"pid":953681,"hostname":"wina-LOQ-16IRH8","reqId":"req-11","req":{"method":"POST","url":"/v1/actions/a90877fd-37e7-470b-a2f0-6552a5660c64/transitions","host":"localhost:80","remoteAddress":"127.0.0.1"},"msg":"incoming request"}
@serpvera/api:test: {"level":30,"time":1791390528566,"pid":953681,"hostname":"wina-LOQ-16IRH8","reqId":"req-11","res":{"statusCode":200},"responseTime":3.5564580000000205,"msg":"request completed"}
@serpvera/api:test: {"level":30,"time":1791390528567,"pid":953681,"hostname":"wina-LOQ-16IRH8","reqId":"req-12","req":{"method":"POST","url":"/v1/actions/a90877fd-37e7-470b-a2f0-6552a5660c64/transitions","host":"localhost:80","remoteAddress":"127.0.0.1"},"msg":"incoming request"}
@serpvera/api:test: {"level":30,"time":1791390528571,"pid":953681,"hostname":"wina-LOQ-16IRH8","reqId":"req-12","res":{"statusCode":200},"responseTime":4.7253030000000535,"msg":"request completed"}
@serpvera/api:test:   ✔ REJECTED: the same loop with a gate the measurements miss (23.373725ms)
@serpvera/api:test: {"level":30,"time":1791390528572,"pid":953681,"hostname":"wina-LOQ-16IRH8","reqId":"req-13","req":{"method":"POST","url":"/v1/actions/f3c8a576-eba9-4ab7-b01b-f9c4313952fa/transitions","host":"localhost:80","remoteAddress":"127.0.0.1"},"msg":"incoming request"}
@serpvera/api:test: {"level":30,"time":1791390528576,"pid":953681,"hostname":"wina-LOQ-16IRH8","reqId":"req-13","res":{"statusCode":200},"responseTime":3.94199500000002,"msg":"request completed"}
@serpvera/api:test: {"level":30,"time":1791390528576,"pid":953681,"hostname":"wina-LOQ-16IRH8","reqId":"req-14","req":{"method":"POST","url":"/v1/actions/f3c8a576-eba9-4ab7-b01b-f9c4313952fa/transitions","host":"localhost:80","remoteAddress":"127.0.0.1"},"msg":"incoming request"}
@serpvera/api:test: {"level":30,"time":1791390528579,"pid":953681,"hostname":"wina-LOQ-16IRH8","reqId":"req-14","res":{"statusCode":200},"responseTime":3.560967000000005,"msg":"request completed"}
@serpvera/api:test: {"level":30,"time":1791390528580,"pid":953681,"hostname":"wina-LOQ-16IRH8","reqId":"req-15","req":{"method":"POST","url":"/v1/actions/f3c8a576-eba9-4ab7-b01b-f9c4313952fa/transitions","host":"localhost:80","remoteAddress":"127.0.0.1"},"msg":"incoming request"}
@serpvera/api:test: {"level":30,"time":1791390528584,"pid":953681,"hostname":"wina-LOQ-16IRH8","reqId":"req-15","res":{"statusCode":200},"responseTime":4.305741000000012,"msg":"request completed"}
@serpvera/api:test: {"level":30,"time":1791390528584,"pid":953681,"hostname":"wina-LOQ-16IRH8","reqId":"req-16","req":{"method":"POST","url":"/v1/actions/f3c8a576-eba9-4ab7-b01b-f9c4313952fa/transitions","host":"localhost:80","remoteAddress":"127.0.0.1"},"msg":"incoming request"}
@serpvera/api:test: {"level":30,"time":1791390528588,"pid":953681,"hostname":"wina-LOQ-16IRH8","reqId":"req-16","res":{"statusCode":200},"responseTime":3.7373289999999315,"msg":"request completed"}
@serpvera/api:test: {"level":30,"time":1791390528588,"pid":953681,"hostname":"wina-LOQ-16IRH8","reqId":"req-17","req":{"method":"POST","url":"/v1/actions/f3c8a576-eba9-4ab7-b01b-f9c4313952fa/transitions","host":"localhost:80","remoteAddress":"127.0.0.1"},"msg":"incoming request"}
@serpvera/api:test: {"level":30,"time":1791390528591,"pid":953681,"hostname":"wina-LOQ-16IRH8","reqId":"req-17","res":{"statusCode":200},"responseTime":3.401014000000032,"msg":"request completed"}
@serpvera/api:test: {"level":30,"time":1791390528591,"pid":953681,"hostname":"wina-LOQ-16IRH8","reqId":"req-18","req":{"method":"POST","url":"/v1/actions/f3c8a576-eba9-4ab7-b01b-f9c4313952fa/transitions","host":"localhost:80","remoteAddress":"127.0.0.1"},"msg":"incoming request"}
@serpvera/api:test: {"level":30,"time":1791390528596,"pid":953681,"hostname":"wina-LOQ-16IRH8","reqId":"req-18","res":{"statusCode":200},"responseTime":4.672613000000069,"msg":"request completed"}
@serpvera/api:test:   ✔ INCONCLUSIVE: a sample too small to judge is never a PASS (24.872101ms)
@serpvera/api:test: {"level":30,"time":1791390528597,"pid":953681,"hostname":"wina-LOQ-16IRH8","reqId":"req-19","req":{"method":"POST","url":"/v1/actions/8646bec9-fa87-4cd3-8047-d78dcb54983a/transitions","host":"localhost:80","remoteAddress":"127.0.0.1"},"msg":"incoming request"}
@serpvera/api:test: {"level":30,"time":1791390528601,"pid":953681,"hostname":"wina-LOQ-16IRH8","reqId":"req-19","res":{"statusCode":200},"responseTime":3.815505999999914,"msg":"request completed"}
@serpvera/api:test: {"level":30,"time":1791390528601,"pid":953681,"hostname":"wina-LOQ-16IRH8","reqId":"req-1a","req":{"method":"POST","url":"/v1/actions/8646bec9-fa87-4cd3-8047-d78dcb54983a/transitions","host":"localhost:80","remoteAddress":"127.0.0.1"},"msg":"incoming request"}
@serpvera/api:test: {"level":30,"time":1791390528605,"pid":953681,"hostname":"wina-LOQ-16IRH8","reqId":"req-1a","res":{"statusCode":200},"responseTime":4.203078000000005,"msg":"request completed"}
@serpvera/api:test: {"level":30,"time":1791390528605,"pid":953681,"hostname":"wina-LOQ-16IRH8","reqId":"req-1b","req":{"method":"POST","url":"/v1/actions/8646bec9-fa87-4cd3-8047-d78dcb54983a/transitions","host":"localhost:80","remoteAddress":"127.0.0.1"},"msg":"incoming request"}
@serpvera/api:test: {"level":30,"time":1791390528609,"pid":953681,"hostname":"wina-LOQ-16IRH8","reqId":"req-1b","res":{"statusCode":200},"responseTime":4.12023099999999,"msg":"request completed"}
@serpvera/api:test: {"level":30,"time":1791390528610,"pid":953681,"hostname":"wina-LOQ-16IRH8","reqId":"req-1c","req":{"method":"POST","url":"/v1/actions/8646bec9-fa87-4cd3-8047-d78dcb54983a/transitions","host":"localhost:80","remoteAddress":"127.0.0.1"},"msg":"incoming request"}
@serpvera/api:test: {"level":30,"time":1791390528613,"pid":953681,"hostname":"wina-LOQ-16IRH8","reqId":"req-1c","res":{"statusCode":200},"responseTime":3.3683130000000574,"msg":"request completed"}
@serpvera/api:test: {"level":30,"time":1791390528613,"pid":953681,"hostname":"wina-LOQ-16IRH8","reqId":"req-1d","req":{"method":"POST","url":"/v1/actions/8646bec9-fa87-4cd3-8047-d78dcb54983a/transitions","host":"localhost:80","remoteAddress":"127.0.0.1"},"msg":"incoming request"}
@serpvera/api:test: {"level":30,"time":1791390528617,"pid":953681,"hostname":"wina-LOQ-16IRH8","reqId":"req-1d","res":{"statusCode":200},"responseTime":3.7944870000000037,"msg":"request completed"}
@serpvera/api:test: {"level":30,"time":1791390528617,"pid":953681,"hostname":"wina-LOQ-16IRH8","reqId":"req-1e","req":{"method":"POST","url":"/v1/actions/8646bec9-fa87-4cd3-8047-d78dcb54983a/transitions","host":"localhost:80","remoteAddress":"127.0.0.1"},"msg":"incoming request"}
@serpvera/api:test: {"level":30,"time":1791390528621,"pid":953681,"hostname":"wina-LOQ-16IRH8","reqId":"req-1e","res":{"statusCode":200},"responseTime":3.944519000000014,"msg":"request completed"}
@serpvera/api:test:   ✔ INCONCLUSIVE: a window without measured rows says so explicitly (24.633291ms)
@serpvera/api:test: {"level":30,"time":1791390528627,"pid":953681,"hostname":"wina-LOQ-16IRH8","reqId":"req-1f","req":{"method":"POST","url":"/v1/actions/5d1357c2-ccee-4187-8a88-e37a8f278a32/transitions","host":"localhost:80","remoteAddress":"127.0.0.1"},"msg":"incoming request"}
@serpvera/api:test: {"level":30,"time":1791390528629,"pid":953681,"hostname":"wina-LOQ-16IRH8","reqId":"req-1f","res":{"statusCode":200},"responseTime":2.8975149999999985,"msg":"request completed"}
@serpvera/api:test: {"level":30,"time":1791390528630,"pid":953681,"hostname":"wina-LOQ-16IRH8","reqId":"req-1g","req":{"method":"POST","url":"/v1/actions/5d1357c2-ccee-4187-8a88-e37a8f278a32/transitions","host":"localhost:80","remoteAddress":"127.0.0.1"},"msg":"incoming request"}
@serpvera/api:test: {"level":30,"time":1791390528633,"pid":953681,"hostname":"wina-LOQ-16IRH8","reqId":"req-1g","res":{"statusCode":200},"responseTime":3.6257590000000164,"msg":"request completed"}
@serpvera/api:test: {"level":30,"time":1791390528633,"pid":953681,"hostname":"wina-LOQ-16IRH8","reqId":"req-1h","req":{"method":"POST","url":"/v1/actions/5d1357c2-ccee-4187-8a88-e37a8f278a32/transitions","host":"localhost:80","remoteAddress":"127.0.0.1"},"msg":"incoming request"}
@serpvera/api:test: {"level":30,"time":1791390528637,"pid":953681,"hostname":"wina-LOQ-16IRH8","reqId":"req-1h","res":{"statusCode":200},"responseTime":3.59590199999991,"msg":"request completed"}
@serpvera/api:test: {"level":30,"time":1791390528637,"pid":953681,"hostname":"wina-LOQ-16IRH8","reqId":"req-1i","req":{"method":"POST","url":"/v1/actions/5d1357c2-ccee-4187-8a88-e37a8f278a32/transitions","host":"localhost:80","remoteAddress":"127.0.0.1"},"msg":"incoming request"}
@serpvera/api:test: {"level":30,"time":1791390528641,"pid":953681,"hostname":"wina-LOQ-16IRH8","reqId":"req-1i","res":{"statusCode":200},"responseTime":3.4868060000000014,"msg":"request completed"}
@serpvera/api:test: {"level":30,"time":1791390528641,"pid":953681,"hostname":"wina-LOQ-16IRH8","reqId":"req-1j","req":{"method":"POST","url":"/v1/actions/5d1357c2-ccee-4187-8a88-e37a8f278a32/transitions","host":"localhost:80","remoteAddress":"127.0.0.1"},"msg":"incoming request"}
@serpvera/api:test: {"level":30,"time":1791390528644,"pid":953681,"hostname":"wina-LOQ-16IRH8","reqId":"req-1j","res":{"statusCode":200},"responseTime":3.445748999999978,"msg":"request completed"}
@serpvera/api:test: {"level":30,"time":1791390528644,"pid":953681,"hostname":"wina-LOQ-16IRH8","reqId":"req-1k","req":{"method":"POST","url":"/v1/actions/5d1357c2-ccee-4187-8a88-e37a8f278a32/transitions","host":"localhost:80","remoteAddress":"127.0.0.1"},"msg":"incoming request"}
@serpvera/api:test: {"level":30,"time":1791390528648,"pid":953681,"hostname":"wina-LOQ-16IRH8","reqId":"req-1k","res":{"statusCode":200},"responseTime":3.9595390000000634,"msg":"request completed"}
@serpvera/api:test: {"level":30,"time":1791390528650,"pid":953681,"hostname":"wina-LOQ-16IRH8","reqId":"req-1l","req":{"method":"POST","url":"/v1/actions/6db589ec-933d-4f63-bb0a-50446f858be5/transitions","host":"localhost:80","remoteAddress":"127.0.0.1"},"msg":"incoming request"}
@serpvera/api:test: {"level":30,"time":1791390528653,"pid":953681,"hostname":"wina-LOQ-16IRH8","reqId":"req-1l","res":{"statusCode":200},"responseTime":3.3595670000000837,"msg":"request completed"}
@serpvera/api:test: {"level":30,"time":1791390528654,"pid":953681,"hostname":"wina-LOQ-16IRH8","reqId":"req-1m","req":{"method":"POST","url":"/v1/actions/6db589ec-933d-4f63-bb0a-50446f858be5/transitions","host":"localhost:80","remoteAddress":"127.0.0.1"},"msg":"incoming request"}
@serpvera/api:test: {"level":30,"time":1791390528658,"pid":953681,"hostname":"wina-LOQ-16IRH8","reqId":"req-1m","res":{"statusCode":200},"responseTime":4.08610699999997,"msg":"request completed"}
@serpvera/api:test: {"level":30,"time":1791390528658,"pid":953681,"hostname":"wina-LOQ-16IRH8","reqId":"req-1n","req":{"method":"POST","url":"/v1/actions/6db589ec-933d-4f63-bb0a-50446f858be5/transitions","host":"localhost:80","remoteAddress":"127.0.0.1"},"msg":"incoming request"}
@serpvera/api:test: {"level":30,"time":1791390528661,"pid":953681,"hostname":"wina-LOQ-16IRH8","reqId":"req-1n","res":{"statusCode":200},"responseTime":3.1891749999999774,"msg":"request completed"}
@serpvera/api:test: {"level":30,"time":1791390528661,"pid":953681,"hostname":"wina-LOQ-16IRH8","reqId":"req-1o","req":{"method":"POST","url":"/v1/actions/6db589ec-933d-4f63-bb0a-50446f858be5/transitions","host":"localhost:80","remoteAddress":"127.0.0.1"},"msg":"incoming request"}
@serpvera/api:test: {"level":30,"time":1791390528666,"pid":953681,"hostname":"wina-LOQ-16IRH8","reqId":"req-1o","res":{"statusCode":200},"responseTime":5.124455000000012,"msg":"request completed"}
@serpvera/api:test: {"level":30,"time":1791390528666,"pid":953681,"hostname":"wina-LOQ-16IRH8","reqId":"req-1p","req":{"method":"POST","url":"/v1/actions/6db589ec-933d-4f63-bb0a-50446f858be5/transitions","host":"localhost:80","remoteAddress":"127.0.0.1"},"msg":"incoming request"}
@serpvera/api:test: {"level":30,"time":1791390528670,"pid":953681,"hostname":"wina-LOQ-16IRH8","reqId":"req-1p","res":{"statusCode":200},"responseTime":3.5426720000000387,"msg":"request completed"}
@serpvera/api:test: {"level":30,"time":1791390528670,"pid":953681,"hostname":"wina-LOQ-16IRH8","reqId":"req-1q","req":{"method":"POST","url":"/v1/actions/6db589ec-933d-4f63-bb0a-50446f858be5/transitions","host":"localhost:80","remoteAddress":"127.0.0.1"},"msg":"incoming request"}
@serpvera/api:test: {"level":30,"time":1791390528674,"pid":953681,"hostname":"wina-LOQ-16IRH8","reqId":"req-1q","res":{"statusCode":200},"responseTime":3.7216589999999314,"msg":"request completed"}
@serpvera/api:test:   ✔ does not verify against rows from RUNNING or FAILED sync jobs (52.818932ms)
@serpvera/api:test: {"level":30,"time":1791390528681,"pid":953681,"hostname":"wina-LOQ-16IRH8","reqId":"req-1r","req":{"method":"POST","url":"/v1/actions/4f2cc1fc-8985-4559-8bf3-1a756aaa3a7e/transitions","host":"localhost:80","remoteAddress":"127.0.0.1"},"msg":"incoming request"}
@serpvera/api:test: {"level":30,"time":1791390528682,"pid":953681,"hostname":"wina-LOQ-16IRH8","reqId":"req-1r","res":{"statusCode":409},"responseTime":1.5291439999999739,"msg":"request completed"}
@serpvera/api:test: {"level":30,"time":1791390528682,"pid":953681,"hostname":"wina-LOQ-16IRH8","reqId":"req-1s","req":{"method":"POST","url":"/v1/actions/4f2cc1fc-8985-4559-8bf3-1a756aaa3a7e/transitions","host":"localhost:80","remoteAddress":"127.0.0.1"},"msg":"incoming request"}
@serpvera/api:test: {"level":30,"time":1791390528683,"pid":953681,"hostname":"wina-LOQ-16IRH8","reqId":"req-1s","res":{"statusCode":409},"responseTime":0.8888860000000705,"msg":"request completed"}
@serpvera/api:test:   ✔ refuses to verify before a waiting window is recorded (9.182389ms)
@serpvera/api:test: {"level":30,"time":1791390528684,"pid":953681,"hostname":"wina-LOQ-16IRH8","reqId":"req-1t","req":{"method":"GET","url":"/v1/gsc/actions/026a4c27-206e-4527-afea-55e8f0e6d8c7/before-after","host":"localhost:80","remoteAddress":"127.0.0.1"},"msg":"incoming request"}
@serpvera/api:test: {"level":30,"time":1791390528688,"pid":953681,"hostname":"wina-LOQ-16IRH8","reqId":"req-1t","res":{"statusCode":200},"responseTime":4.359442999999942,"msg":"request completed"}
@serpvera/api:test:   ✔ the Action Center before/after surface shows the measured comparison (4.737606ms)
@serpvera/api:test: {"level":30,"time":1791390528688,"pid":953681,"hostname":"wina-LOQ-16IRH8","reqId":"req-1u","req":{"method":"GET","url":"/v1/gsc/actions/026a4c27-206e-4527-afea-55e8f0e6d8c7/before-after","host":"localhost:80","remoteAddress":"127.0.0.1"},"msg":"incoming request"}
@serpvera/api:test: {"level":30,"time":1791390528689,"pid":953681,"hostname":"wina-LOQ-16IRH8","reqId":"req-1u","res":{"statusCode":404},"responseTime":1.098292000000015,"msg":"request completed"}
@serpvera/api:test:   ✔ cross-tenant before/after is a uniform 404 (1.426581ms)
@serpvera/api:test: ✔ GSC-007 Action Center verification via GSC measurements (real PostgreSQL) (678.483016ms)
@serpvera/api:test: {"level":30,"time":1791390528982,"pid":953695,"hostname":"wina-LOQ-16IRH8","driver":"postgres","role":"serpvera_app","msg":"store driver: postgres — persistence + RLS enforced"}
@serpvera/api:test: {"level":30,"time":1791390529015,"pid":953695,"hostname":"wina-LOQ-16IRH8","reqId":"req-1","req":{"method":"POST","url":"/v1/auth/register","host":"localhost:80","remoteAddress":"127.0.0.1"},"msg":"incoming request"}
@serpvera/api:test: {"timestamp":"2026-10-07T16:28:49.074Z","level":"info","message":"User registered","context":{"userId":"25c4ce42-e8f0-4bb2-96c9-ec068dba4643"}}
@serpvera/api:test: {"level":30,"time":1791390529076,"pid":953695,"hostname":"wina-LOQ-16IRH8","reqId":"req-1","res":{"statusCode":201},"responseTime":60.762585,"msg":"request completed"}
@serpvera/api:test: {"level":30,"time":1791390529076,"pid":953695,"hostname":"wina-LOQ-16IRH8","reqId":"req-2","req":{"method":"POST","url":"/v1/organizations","host":"localhost:80","remoteAddress":"127.0.0.1"},"msg":"incoming request"}
@serpvera/api:test: {"timestamp":"2026-10-07T16:28:49.081Z","level":"info","message":"Organization created","organizationId":"3f283704-5809-4dbd-b055-796e4e62d848","context":{"organizationId":"3f283704-5809-4dbd-b055-796e4e62d848","userId":"25c4ce42-e8f0-4bb2-96c9-ec068dba4643"}}
@serpvera/api:test: {"level":30,"time":1791390529081,"pid":953695,"hostname":"wina-LOQ-16IRH8","reqId":"req-2","res":{"statusCode":201},"responseTime":4.500768999999991,"msg":"request completed"}
@serpvera/api:test: {"level":30,"time":1791390529081,"pid":953695,"hostname":"wina-LOQ-16IRH8","reqId":"req-3","req":{"method":"POST","url":"/v1/auth/select-organization","host":"localhost:80","remoteAddress":"127.0.0.1"},"msg":"incoming request"}
@serpvera/api:test: {"timestamp":"2026-10-07T16:28:49.085Z","level":"info","message":"Organization selected","organizationId":"3f283704-5809-4dbd-b055-796e4e62d848","context":{"userId":"25c4ce42-e8f0-4bb2-96c9-ec068dba4643","organizationId":"3f283704-5809-4dbd-b055-796e4e62d848"}}
@serpvera/api:test: {"level":30,"time":1791390529086,"pid":953695,"hostname":"wina-LOQ-16IRH8","reqId":"req-3","res":{"statusCode":200},"responseTime":4.780115999999964,"msg":"request completed"}
@serpvera/api:test: {"level":30,"time":1791390529086,"pid":953695,"hostname":"wina-LOQ-16IRH8","reqId":"req-4","req":{"method":"POST","url":"/v1/auth/register","host":"localhost:80","remoteAddress":"127.0.0.1"},"msg":"incoming request"}
@serpvera/api:test: {"timestamp":"2026-10-07T16:28:49.126Z","level":"info","message":"User registered","context":{"userId":"146ad6a7-e46c-45bb-b3f6-9e751b6e65ba"}}
@serpvera/api:test: {"level":30,"time":1791390529126,"pid":953695,"hostname":"wina-LOQ-16IRH8","reqId":"req-4","res":{"statusCode":201},"responseTime":40.151760000000024,"msg":"request completed"}
@serpvera/api:test: {"level":30,"time":1791390529127,"pid":953695,"hostname":"wina-LOQ-16IRH8","reqId":"req-5","req":{"method":"POST","url":"/v1/organizations","host":"localhost:80","remoteAddress":"127.0.0.1"},"msg":"incoming request"}
@serpvera/api:test: {"timestamp":"2026-10-07T16:28:49.130Z","level":"info","message":"Organization created","organizationId":"2f14eb90-ec14-4d1e-a18d-2c0ad3e30f4b","context":{"organizationId":"2f14eb90-ec14-4d1e-a18d-2c0ad3e30f4b","userId":"146ad6a7-e46c-45bb-b3f6-9e751b6e65ba"}}
@serpvera/api:test: {"level":30,"time":1791390529130,"pid":953695,"hostname":"wina-LOQ-16IRH8","reqId":"req-5","res":{"statusCode":201},"responseTime":3.122007999999994,"msg":"request completed"}
@serpvera/api:test: {"level":30,"time":1791390529130,"pid":953695,"hostname":"wina-LOQ-16IRH8","reqId":"req-6","req":{"method":"POST","url":"/v1/auth/select-organization","host":"localhost:80","remoteAddress":"127.0.0.1"},"msg":"incoming request"}
@serpvera/api:test: {"timestamp":"2026-10-07T16:28:49.134Z","level":"info","message":"Organization selected","organizationId":"2f14eb90-ec14-4d1e-a18d-2c0ad3e30f4b","context":{"userId":"146ad6a7-e46c-45bb-b3f6-9e751b6e65ba","organizationId":"2f14eb90-ec14-4d1e-a18d-2c0ad3e30f4b"}}
@serpvera/api:test: {"level":30,"time":1791390529134,"pid":953695,"hostname":"wina-LOQ-16IRH8","reqId":"req-6","res":{"statusCode":200},"responseTime":4.075796999999966,"msg":"request completed"}
@serpvera/api:test: {"level":30,"time":1791390529135,"pid":953695,"hostname":"wina-LOQ-16IRH8","reqId":"req-7","req":{"method":"POST","url":"/v1/projects","host":"localhost:80","remoteAddress":"127.0.0.1"},"msg":"incoming request"}
@serpvera/api:test: {"level":30,"time":1791390529138,"pid":953695,"hostname":"wina-LOQ-16IRH8","reqId":"req-7","res":{"statusCode":201},"responseTime":3.58349800000002,"msg":"request completed"}
@serpvera/api:test: {"level":30,"time":1791390529139,"pid":953695,"hostname":"wina-LOQ-16IRH8","reqId":"req-8","req":{"method":"POST","url":"/v1/gsc/oauth/authorize","host":"localhost:80","remoteAddress":"127.0.0.1"},"msg":"incoming request"}
@serpvera/api:test: {"level":30,"time":1791390529144,"pid":953695,"hostname":"wina-LOQ-16IRH8","reqId":"req-8","res":{"statusCode":200},"responseTime":4.419366000000025,"msg":"request completed"}
@serpvera/api:test: {"level":30,"time":1791390529144,"pid":953695,"hostname":"wina-LOQ-16IRH8","reqId":"req-9","req":{"method":"POST","url":"/v1/gsc/oauth/authorize","host":"localhost:80","remoteAddress":"127.0.0.1"},"msg":"incoming request"}
@serpvera/api:test: {"level":30,"time":1791390529147,"pid":953695,"hostname":"wina-LOQ-16IRH8","reqId":"req-9","res":{"statusCode":200},"responseTime":3.2454510000000028,"msg":"request completed"}
@serpvera/api:test: {"level":30,"time":1791390529149,"pid":953695,"hostname":"wina-LOQ-16IRH8","reqId":"req-a","req":{"method":"POST","url":"/v1/gsc/oauth/authorize","host":"localhost:80","remoteAddress":"127.0.0.1"},"msg":"incoming request"}
@serpvera/api:test: ▶ GSC live routes (real PostgreSQL, scripted Google wire)
@serpvera/api:test:   ✔ authorize returns a PKCE consent URL and persists single-use state (9.297486ms)
@serpvera/api:test: {"level":30,"time":1791390529152,"pid":953695,"hostname":"wina-LOQ-16IRH8","reqId":"req-a","res":{"statusCode":200},"responseTime":2.886604000000034,"msg":"request completed"}
@serpvera/api:test: {"level":30,"time":1791390529152,"pid":953695,"hostname":"wina-LOQ-16IRH8","reqId":"req-b","req":{"method":"GET","url":"/v1/gsc/oauth/callback?code=auth-code-1&state=M2YyODM3MDQtNTgwOS00ZGJkLWIwNTUtNzk2ZTRlNjJkODQ4.9SsJ-okbh9IEBfuVqEUiKf3TYQq3HSUQatBpDeQ7qkE","host":"localhost:80","remoteAddress":"127.0.0.1"},"msg":"incoming request"}
@serpvera/api:test: {"level":30,"time":1791390529159,"pid":953695,"hostname":"wina-LOQ-16IRH8","reqId":"req-b","res":{"statusCode":200},"responseTime":6.539543999999978,"msg":"request completed"}
@serpvera/api:test: {"level":30,"time":1791390529160,"pid":953695,"hostname":"wina-LOQ-16IRH8","reqId":"req-c","req":{"method":"POST","url":"/v1/gsc/oauth/authorize","host":"localhost:80","remoteAddress":"127.0.0.1"},"msg":"incoming request"}
@serpvera/api:test:   ✔ callback exchanges the code and stores ONLY envelope ciphertext (11.393439ms)
@serpvera/api:test: {"level":30,"time":1791390529164,"pid":953695,"hostname":"wina-LOQ-16IRH8","reqId":"req-c","res":{"statusCode":200},"responseTime":3.340469999999982,"msg":"request completed"}
@serpvera/api:test: {"level":30,"time":1791390529164,"pid":953695,"hostname":"wina-LOQ-16IRH8","reqId":"req-d","req":{"method":"GET","url":"/v1/gsc/oauth/callback?code=c2&state=M2YyODM3MDQtNTgwOS00ZGJkLWIwNTUtNzk2ZTRlNjJkODQ4.FU-ABLnc3d-9GjJOrMCTE2Uw0VVcjvU7CjQxnUc6ZBM","host":"localhost:80","remoteAddress":"127.0.0.1"},"msg":"incoming request"}
@serpvera/api:test: {"level":30,"time":1791390529167,"pid":953695,"hostname":"wina-LOQ-16IRH8","reqId":"req-d","res":{"statusCode":200},"responseTime":2.854564000000039,"msg":"request completed"}
@serpvera/api:test: {"level":30,"time":1791390529167,"pid":953695,"hostname":"wina-LOQ-16IRH8","reqId":"req-e","req":{"method":"GET","url":"/v1/gsc/oauth/callback?code=c2&state=M2YyODM3MDQtNTgwOS00ZGJkLWIwNTUtNzk2ZTRlNjJkODQ4.FU-ABLnc3d-9GjJOrMCTE2Uw0VVcjvU7CjQxnUc6ZBM","host":"localhost:80","remoteAddress":"127.0.0.1"},"msg":"incoming request"}
@serpvera/api:test: {"level":30,"time":1791390529168,"pid":953695,"hostname":"wina-LOQ-16IRH8","reqId":"req-e","res":{"statusCode":400},"responseTime":0.8082840000000147,"msg":"request completed"}
@serpvera/api:test: {"level":30,"time":1791390529168,"pid":953695,"hostname":"wina-LOQ-16IRH8","reqId":"req-f","req":{"method":"GET","url":"/v1/gsc/oauth/callback?code=c2&state=M2YyODM3MDQtNTgwOS00ZGJkLWIwNTUtNzk2ZTRlNjJkODQ4.FU-ABLnc3d-9GjJOrMCTE2Uw0VVcjvU7CjQxnUc6Zxy","host":"localhost:80","remoteAddress":"127.0.0.1"},"msg":"incoming request"}
@serpvera/api:test: {"level":30,"time":1791390529168,"pid":953695,"hostname":"wina-LOQ-16IRH8","reqId":"req-f","res":{"statusCode":400},"responseTime":0.7917340000000195,"msg":"request completed"}
@serpvera/api:test: {"level":30,"time":1791390529169,"pid":953695,"hostname":"wina-LOQ-16IRH8","reqId":"req-g","req":{"method":"POST","url":"/v1/gsc/oauth/authorize","host":"localhost:80","remoteAddress":"127.0.0.1"},"msg":"incoming request"}
@serpvera/api:test: {"level":30,"time":1791390529171,"pid":953695,"hostname":"wina-LOQ-16IRH8","reqId":"req-g","res":{"statusCode":200},"responseTime":2.6444979999999987,"msg":"request completed"}
@serpvera/api:test:   ✔ rejects replayed and tampered states with byte-identical answers (no oracle) (11.638982ms)
@serpvera/api:test:   ✔ requires a session to start the flow at all (0.962936ms)
@serpvera/api:test: {"level":30,"time":1791390529171,"pid":953695,"hostname":"wina-LOQ-16IRH8","reqId":"req-h","req":{"method":"GET","url":"/v1/gsc/oauth/callback?error=access_denied&state=M2YyODM3MDQtNTgwOS00ZGJkLWIwNTUtNzk2ZTRlNjJkODQ4.KEz66-dhlEfaUDtmp9rPL8Hz59qNfkKDPyxFu5ZzEEM","host":"localhost:80","remoteAddress":"127.0.0.1"},"msg":"incoming request"}
@serpvera/api:test: {"level":30,"time":1791390529171,"pid":953695,"hostname":"wina-LOQ-16IRH8","reqId":"req-h","res":{"statusCode":400},"responseTime":0.09694299999995337,"msg":"request completed"}
@serpvera/api:test: {"level":30,"time":1791390529172,"pid":953695,"hostname":"wina-LOQ-16IRH8","reqId":"req-i","req":{"method":"POST","url":"/v1/gsc/oauth/authorize","host":"localhost:80","remoteAddress":"127.0.0.1"},"msg":"incoming request"}
@serpvera/api:test: {"level":30,"time":1791390529172,"pid":953695,"hostname":"wina-LOQ-16IRH8","reqId":"req-i","res":{"statusCode":401},"responseTime":0.4984499999999912,"msg":"request completed"}
@serpvera/api:test: {"level":30,"time":1791390529173,"pid":953695,"hostname":"wina-LOQ-16IRH8","reqId":"req-j","req":{"method":"POST","url":"/v1/gsc/oauth/authorize","host":"localhost:80","remoteAddress":"127.0.0.1"},"msg":"incoming request"}
@serpvera/api:test: {"level":30,"time":1791390529176,"pid":953695,"hostname":"wina-LOQ-16IRH8","reqId":"req-j","res":{"statusCode":200},"responseTime":2.6949030000000107,"msg":"request completed"}
@serpvera/api:test: {"level":30,"time":1791390529177,"pid":953695,"hostname":"wina-LOQ-16IRH8","reqId":"req-k","req":{"method":"GET","url":"/v1/gsc/oauth/callback?code=c3&state=M2YyODM3MDQtNTgwOS00ZGJkLWIwNTUtNzk2ZTRlNjJkODQ4.Wy8Lak2J7kSI0QQr58n03i5Dx1X1vfqaFeg94QDTc1s","host":"localhost:80","remoteAddress":"127.0.0.1"},"msg":"incoming request"}
@serpvera/api:test: {"level":30,"time":1791390529177,"pid":953695,"hostname":"wina-LOQ-16IRH8","reqId":"req-k","res":{"statusCode":400},"responseTime":0.5871470000000159,"msg":"request completed"}
@serpvera/api:test:   ✔ refuses an expired state at the real database boundary (4.812217ms)
@serpvera/api:test: {"level":30,"time":1791390529178,"pid":953695,"hostname":"wina-LOQ-16IRH8","reqId":"req-l","req":{"method":"GET","url":"/v1/projects/bcfb1a5f-5fdf-4c0d-85ec-89e724e145fd/gsc/sites","host":"localhost:80","remoteAddress":"127.0.0.1"},"msg":"incoming request"}
@serpvera/api:test: {"level":30,"time":1791390529180,"pid":953695,"hostname":"wina-LOQ-16IRH8","reqId":"req-l","res":{"statusCode":200},"responseTime":2.1165320000000065,"msg":"request completed"}
@serpvera/api:test: {"level":30,"time":1791390529181,"pid":953695,"hostname":"wina-LOQ-16IRH8","reqId":"req-m","req":{"method":"POST","url":"/v1/projects/bcfb1a5f-5fdf-4c0d-85ec-89e724e145fd/gsc/connections","host":"localhost:80","remoteAddress":"127.0.0.1"},"msg":"incoming request"}
@serpvera/api:test: {"level":30,"time":1791390529185,"pid":953695,"hostname":"wina-LOQ-16IRH8","reqId":"req-m","res":{"statusCode":201},"responseTime":4.647265000000004,"msg":"request completed"}
@serpvera/api:test: {"level":30,"time":1791390529185,"pid":953695,"hostname":"wina-LOQ-16IRH8","reqId":"req-n","req":{"method":"POST","url":"/v1/projects/bcfb1a5f-5fdf-4c0d-85ec-89e724e145fd/gsc/connections","host":"localhost:80","remoteAddress":"127.0.0.1"},"msg":"incoming request"}
@serpvera/api:test: {"level":30,"time":1791390529188,"pid":953695,"hostname":"wina-LOQ-16IRH8","reqId":"req-n","res":{"statusCode":400},"responseTime":3.038851999999963,"msg":"request completed"}
@serpvera/api:test: {"level":30,"time":1791390529189,"pid":953695,"hostname":"wina-LOQ-16IRH8","reqId":"req-o","req":{"method":"POST","url":"/v1/projects/bcfb1a5f-5fdf-4c0d-85ec-89e724e145fd/gsc/connections","host":"localhost:80","remoteAddress":"127.0.0.1"},"msg":"incoming request"}
@serpvera/api:test: {"level":30,"time":1791390529193,"pid":953695,"hostname":"wina-LOQ-16IRH8","reqId":"req-o","res":{"statusCode":409},"responseTime":3.972712999999999,"msg":"request completed"}
@serpvera/api:test:   ✔ discovers properties from the live grant shape and associates one with the project (15.335895ms)
@serpvera/api:test: {"level":30,"time":1791390529193,"pid":953695,"hostname":"wina-LOQ-16IRH8","reqId":"req-p","req":{"method":"GET","url":"/v1/projects/bcfb1a5f-5fdf-4c0d-85ec-89e724e145fd/gsc/sites","host":"localhost:80","remoteAddress":"127.0.0.1"},"msg":"incoming request"}
@serpvera/api:test: {"level":30,"time":1791390529195,"pid":953695,"hostname":"wina-LOQ-16IRH8","reqId":"req-p","res":{"statusCode":200},"responseTime":1.7681240000000003,"msg":"request completed"}
@serpvera/api:test:   ✔ reports an empty discovery list honestly when the grant lists nothing (2.173048ms)
@serpvera/api:test: {"level":30,"time":1791390529196,"pid":953695,"hostname":"wina-LOQ-16IRH8","reqId":"req-q","req":{"method":"POST","url":"/v1/projects/bcfb1a5f-5fdf-4c0d-85ec-89e724e145fd/gsc/sync","host":"localhost:80","remoteAddress":"127.0.0.1"},"msg":"incoming request"}
@serpvera/api:test: {"level":30,"time":1791390529214,"pid":953695,"hostname":"wina-LOQ-16IRH8","reqId":"req-q","res":{"statusCode":200},"responseTime":18.102313000000038,"msg":"request completed"}
@serpvera/api:test: {"level":30,"time":1791390529214,"pid":953695,"hostname":"wina-LOQ-16IRH8","reqId":"req-r","req":{"method":"GET","url":"/v1/projects/bcfb1a5f-5fdf-4c0d-85ec-89e724e145fd/gsc/summary?startDate=2026-09-01&endDate=2026-09-30","host":"localhost:80","remoteAddress":"127.0.0.1"},"msg":"incoming request"}
@serpvera/api:test: {"level":30,"time":1791390529219,"pid":953695,"hostname":"wina-LOQ-16IRH8","reqId":"req-r","res":{"statusCode":200},"responseTime":5.035937999999987,"msg":"request completed"}
@serpvera/api:test: {"level":30,"time":1791390529219,"pid":953695,"hostname":"wina-LOQ-16IRH8","reqId":"req-s","req":{"method":"GET","url":"/v1/projects/bcfb1a5f-5fdf-4c0d-85ec-89e724e145fd/gsc/breakdown?startDate=2026-09-01&endDate=2026-09-30&dimension=query","host":"localhost:80","remoteAddress":"127.0.0.1"},"msg":"incoming request"}
@serpvera/api:test: {"level":30,"time":1791390529224,"pid":953695,"hostname":"wina-LOQ-16IRH8","reqId":"req-s","res":{"statusCode":200},"responseTime":4.996414000000016,"msg":"request completed"}
@serpvera/api:test:   ✔ ingests measured rows end-to-end and serves them with freshness (29.199022ms)
@serpvera/api:test: {"level":30,"time":1791390529225,"pid":953695,"hostname":"wina-LOQ-16IRH8","reqId":"req-t","req":{"method":"POST","url":"/v1/projects/bcfb1a5f-5fdf-4c0d-85ec-89e724e145fd/gsc/sync","host":"localhost:80","remoteAddress":"127.0.0.1"},"msg":"incoming request"}
@serpvera/api:test: {"level":30,"time":1791390529239,"pid":953695,"hostname":"wina-LOQ-16IRH8","reqId":"req-t","res":{"statusCode":200},"responseTime":14.146011000000044,"msg":"request completed"}
@serpvera/api:test: {"level":30,"time":1791390529239,"pid":953695,"hostname":"wina-LOQ-16IRH8","reqId":"req-u","req":{"method":"GET","url":"/v1/projects/bcfb1a5f-5fdf-4c0d-85ec-89e724e145fd/gsc/jobs","host":"localhost:80","remoteAddress":"127.0.0.1"},"msg":"incoming request"}
@serpvera/api:test: {"level":30,"time":1791390529242,"pid":953695,"hostname":"wina-LOQ-16IRH8","reqId":"req-u","res":{"statusCode":200},"responseTime":2.2213789999999562,"msg":"request completed"}
@serpvera/api:test: {"level":30,"time":1791390529242,"pid":953695,"hostname":"wina-LOQ-16IRH8","reqId":"req-v","req":{"method":"GET","url":"/v1/projects/bcfb1a5f-5fdf-4c0d-85ec-89e724e145fd/gsc/summary?startDate=2026-09-01&endDate=2026-09-30","host":"localhost:80","remoteAddress":"127.0.0.1"},"msg":"incoming request"}
@serpvera/api:test: {"level":30,"time":1791390529245,"pid":953695,"hostname":"wina-LOQ-16IRH8","reqId":"req-v","res":{"statusCode":200},"responseTime":3.194716000000085,"msg":"request completed"}
@serpvera/api:test:   ✔ re-sync creates a new completed attempt and replaces, never doubles (20.530263ms)
@serpvera/api:test: {"level":30,"time":1791390529245,"pid":953695,"hostname":"wina-LOQ-16IRH8","reqId":"req-w","req":{"method":"POST","url":"/v1/projects/bcfb1a5f-5fdf-4c0d-85ec-89e724e145fd/gsc/sync","host":"localhost:80","remoteAddress":"127.0.0.1"},"msg":"incoming request"}
@serpvera/api:test: {"level":30,"time":1791390529261,"pid":953695,"hostname":"wina-LOQ-16IRH8","reqId":"req-w","res":{"statusCode":200},"responseTime":15.894948999999997,"msg":"request completed"}
@serpvera/api:test: {"level":30,"time":1791390529262,"pid":953695,"hostname":"wina-LOQ-16IRH8","reqId":"req-x","req":{"method":"GET","url":"/v1/projects/bcfb1a5f-5fdf-4c0d-85ec-89e724e145fd/gsc/jobs","host":"localhost:80","remoteAddress":"127.0.0.1"},"msg":"incoming request"}
@serpvera/api:test: {"level":30,"time":1791390529263,"pid":953695,"hostname":"wina-LOQ-16IRH8","reqId":"req-x","res":{"statusCode":200},"responseTime":1.8352310000000216,"msg":"request completed"}
@serpvera/api:test:   ✔ incremental sync (no dates) derives its window from the last sync (18.424039ms)
@serpvera/api:test: {"level":30,"time":1791390529264,"pid":953695,"hostname":"wina-LOQ-16IRH8","reqId":"req-y","req":{"method":"POST","url":"/v1/projects/bcfb1a5f-5fdf-4c0d-85ec-89e724e145fd/gsc/sync","host":"localhost:80","remoteAddress":"127.0.0.1"},"msg":"incoming request"}
@serpvera/api:test: {"level":30,"time":1791390529266,"pid":953695,"hostname":"wina-LOQ-16IRH8","reqId":"req-y","res":{"statusCode":400},"responseTime":1.6573459999999614,"msg":"request completed"}
@serpvera/api:test: {"level":30,"time":1791390529266,"pid":953695,"hostname":"wina-LOQ-16IRH8","reqId":"req-z","req":{"method":"POST","url":"/v1/projects/bcfb1a5f-5fdf-4c0d-85ec-89e724e145fd/gsc/sync","host":"localhost:80","remoteAddress":"127.0.0.1"},"msg":"incoming request"}
@serpvera/api:test: {"level":30,"time":1791390529267,"pid":953695,"hostname":"wina-LOQ-16IRH8","reqId":"req-z","res":{"statusCode":400},"responseTime":1.238055999999915,"msg":"request completed"}
@serpvera/api:test: {"level":30,"time":1791390529267,"pid":953695,"hostname":"wina-LOQ-16IRH8","reqId":"req-10","req":{"method":"POST","url":"/v1/projects/bcfb1a5f-5fdf-4c0d-85ec-89e724e145fd/gsc/sync","host":"localhost:80","remoteAddress":"127.0.0.1"},"msg":"incoming request"}
@serpvera/api:test: {"level":30,"time":1791390529269,"pid":953695,"hostname":"wina-LOQ-16IRH8","reqId":"req-10","res":{"statusCode":400},"responseTime":1.8583250000000362,"msg":"request completed"}
@serpvera/api:test: {"level":30,"time":1791390529269,"pid":953695,"hostname":"wina-LOQ-16IRH8","reqId":"req-11","req":{"method":"POST","url":"/v1/projects/bcfb1a5f-5fdf-4c0d-85ec-89e724e145fd/gsc/sync","host":"localhost:80","remoteAddress":"127.0.0.1"},"msg":"incoming request"}
@serpvera/api:test: {"level":30,"time":1791390529270,"pid":953695,"hostname":"wina-LOQ-16IRH8","reqId":"req-11","res":{"statusCode":400},"responseTime":0.5213430000000017,"msg":"request completed"}
@serpvera/api:test:   ✔ rejects malformed windows before any job exists (6.095897ms)
@serpvera/api:test: {"level":30,"time":1791390529272,"pid":953695,"hostname":"wina-LOQ-16IRH8","reqId":"req-12","req":{"method":"POST","url":"/v1/projects/bcfb1a5f-5fdf-4c0d-85ec-89e724e145fd/gsc/sync","host":"localhost:80","remoteAddress":"127.0.0.1"},"msg":"incoming request"}
@serpvera/api:test: {"level":30,"time":1791390529285,"pid":953695,"hostname":"wina-LOQ-16IRH8","reqId":"req-12","res":{"statusCode":200},"responseTime":12.794982000000005,"msg":"request completed"}
@serpvera/api:test:   ✔ refreshes an expired access token transparently and stores the rotation encrypted (15.587259ms)
@serpvera/api:test: {"level":30,"time":1791390529287,"pid":953695,"hostname":"wina-LOQ-16IRH8","reqId":"req-13","req":{"method":"POST","url":"/v1/projects/bcfb1a5f-5fdf-4c0d-85ec-89e724e145fd/gsc/sync","host":"localhost:80","remoteAddress":"127.0.0.1"},"msg":"incoming request"}
@serpvera/api:test: {"level":30,"time":1791390529301,"pid":953695,"hostname":"wina-LOQ-16IRH8","reqId":"req-13","res":{"statusCode":200},"responseTime":13.473452000000066,"msg":"request completed"}
@serpvera/api:test:   ✔ reports CREDENTIALS_REQUIRED at route level when the grant was revoked (15.673512ms)
@serpvera/api:test: {"level":30,"time":1791390529302,"pid":953695,"hostname":"wina-LOQ-16IRH8","reqId":"req-14","req":{"method":"GET","url":"/v1/projects/bcfb1a5f-5fdf-4c0d-85ec-89e724e145fd/gsc/sites","host":"localhost:80","remoteAddress":"127.0.0.1"},"msg":"incoming request"}
@serpvera/api:test: {"level":30,"time":1791390529303,"pid":953695,"hostname":"wina-LOQ-16IRH8","reqId":"req-14","res":{"statusCode":404},"responseTime":0.936266000000046,"msg":"request completed"}
@serpvera/api:test: {"level":30,"time":1791390529303,"pid":953695,"hostname":"wina-LOQ-16IRH8","reqId":"req-15","req":{"method":"GET","url":"/v1/projects/bcfb1a5f-5fdf-4c0d-85ec-89e724e145fd/gsc/jobs","host":"localhost:80","remoteAddress":"127.0.0.1"},"msg":"incoming request"}
@serpvera/api:test: {"level":30,"time":1791390529303,"pid":953695,"hostname":"wina-LOQ-16IRH8","reqId":"req-15","res":{"statusCode":404},"responseTime":0.6552460000000337,"msg":"request completed"}
@serpvera/api:test: {"level":30,"time":1791390529303,"pid":953695,"hostname":"wina-LOQ-16IRH8","reqId":"req-16","req":{"method":"GET","url":"/v1/projects/bcfb1a5f-5fdf-4c0d-85ec-89e724e145fd/gsc/summary?startDate=2026-09-01&endDate=2026-09-30","host":"localhost:80","remoteAddress":"127.0.0.1"},"msg":"incoming request"}
@serpvera/api:test: {"level":30,"time":1791390529304,"pid":953695,"hostname":"wina-LOQ-16IRH8","reqId":"req-16","res":{"statusCode":404},"responseTime":0.6912529999999606,"msg":"request completed"}
@serpvera/api:test: {"level":30,"time":1791390529304,"pid":953695,"hostname":"wina-LOQ-16IRH8","reqId":"req-17","req":{"method":"GET","url":"/v1/projects/bcfb1a5f-5fdf-4c0d-85ec-89e724e145fd/gsc/breakdown?startDate=2026-09-01&endDate=2026-09-30&dimension=query","host":"localhost:80","remoteAddress":"127.0.0.1"},"msg":"incoming request"}
@serpvera/api:test: {"level":30,"time":1791390529305,"pid":953695,"hostname":"wina-LOQ-16IRH8","reqId":"req-17","res":{"statusCode":404},"responseTime":0.7929249999999683,"msg":"request completed"}
@serpvera/api:test: {"level":30,"time":1791390529305,"pid":953695,"hostname":"wina-LOQ-16IRH8","reqId":"req-18","req":{"method":"GET","url":"/v1/projects/bcfb1a5f-5fdf-4c0d-85ec-89e724e145fd/gsc/intelligence?startDate=2026-09-01&endDate=2026-09-30","host":"localhost:80","remoteAddress":"127.0.0.1"},"msg":"incoming request"}
@serpvera/api:test: {"level":30,"time":1791390529307,"pid":953695,"hostname":"wina-LOQ-16IRH8","reqId":"req-18","res":{"statusCode":404},"responseTime":1.5216700000000856,"msg":"request completed"}
@serpvera/api:test: {"level":30,"time":1791390529307,"pid":953695,"hostname":"wina-LOQ-16IRH8","reqId":"req-19","req":{"method":"POST","url":"/v1/projects/bcfb1a5f-5fdf-4c0d-85ec-89e724e145fd/gsc/connections","host":"localhost:80","remoteAddress":"127.0.0.1"},"msg":"incoming request"}
@serpvera/api:test: {"level":30,"time":1791390529308,"pid":953695,"hostname":"wina-LOQ-16IRH8","reqId":"req-19","res":{"statusCode":404},"responseTime":0.8620459999999639,"msg":"request completed"}
@serpvera/api:test: {"level":30,"time":1791390529308,"pid":953695,"hostname":"wina-LOQ-16IRH8","reqId":"req-1a","req":{"method":"POST","url":"/v1/projects/bcfb1a5f-5fdf-4c0d-85ec-89e724e145fd/gsc/sync","host":"localhost:80","remoteAddress":"127.0.0.1"},"msg":"incoming request"}
@serpvera/api:test: {"level":30,"time":1791390529309,"pid":953695,"hostname":"wina-LOQ-16IRH8","reqId":"req-1a","res":{"statusCode":404},"responseTime":0.8132739999999785,"msg":"request completed"}
@serpvera/api:test: {"level":30,"time":1791390529309,"pid":953695,"hostname":"wina-LOQ-16IRH8","reqId":"req-1b","req":{"method":"POST","url":"/v1/projects/bcfb1a5f-5fdf-4c0d-85ec-89e724e145fd/gsc/findings","host":"localhost:80","remoteAddress":"127.0.0.1"},"msg":"incoming request"}
@serpvera/api:test: {"level":30,"time":1791390529310,"pid":953695,"hostname":"wina-LOQ-16IRH8","reqId":"req-1b","res":{"statusCode":404},"responseTime":1.6253050000000258,"msg":"request completed"}
@serpvera/api:test: {"level":30,"time":1791390529311,"pid":953695,"hostname":"wina-LOQ-16IRH8","reqId":"req-1c","req":{"method":"DELETE","url":"/v1/gsc/connections/ec660afc-a704-4294-9c88-5d6888a3fa66","host":"localhost:80","remoteAddress":"127.0.0.1"},"msg":"incoming request"}
@serpvera/api:test: {"level":30,"time":1791390529312,"pid":953695,"hostname":"wina-LOQ-16IRH8","reqId":"req-1c","res":{"statusCode":404},"responseTime":0.9562339999999949,"msg":"request completed"}
@serpvera/api:test: {"level":30,"time":1791390529312,"pid":953695,"hostname":"wina-LOQ-16IRH8","reqId":"req-1d","req":{"method":"POST","url":"/v1/gsc/oauth/authorize","host":"localhost:80","remoteAddress":"127.0.0.1"},"msg":"incoming request"}
@serpvera/api:test: {"level":30,"time":1791390529312,"pid":953695,"hostname":"wina-LOQ-16IRH8","reqId":"req-1d","res":{"statusCode":404},"responseTime":0.7219619999999622,"msg":"request completed"}
@serpvera/api:test: {"level":30,"time":1791390529313,"pid":953695,"hostname":"wina-LOQ-16IRH8","reqId":"req-1e","req":{"method":"POST","url":"/v1/gsc/jobs/0ca1188a-2d41-4980-ac5a-a1f43df499c8/retry","host":"localhost:80","remoteAddress":"127.0.0.1"},"msg":"incoming request"}
@serpvera/api:test: {"level":30,"time":1791390529313,"pid":953695,"hostname":"wina-LOQ-16IRH8","reqId":"req-1e","res":{"statusCode":404},"responseTime":0.9628960000000006,"msg":"request completed"}
@serpvera/api:test: {"level":30,"time":1791390529314,"pid":953695,"hostname":"wina-LOQ-16IRH8","reqId":"req-1f","req":{"method":"POST","url":"/v1/gsc/jobs/1be40345-aa16-4ff8-871c-189a58db38f1/retry","host":"localhost:80","remoteAddress":"127.0.0.1"},"msg":"incoming request"}
@serpvera/api:test: {"level":30,"time":1791390529314,"pid":953695,"hostname":"wina-LOQ-16IRH8","reqId":"req-1f","res":{"statusCode":404},"responseTime":0.8063610000000381,"msg":"request completed"}
@serpvera/api:test: {"level":30,"time":1791390529315,"pid":953695,"hostname":"wina-LOQ-16IRH8","reqId":"req-1g","req":{"method":"DELETE","url":"/v1/gsc/connections/ec660afc-a704-4294-9c88-5d6888a3fa66","host":"localhost:80","remoteAddress":"127.0.0.1"},"msg":"incoming request"}
@serpvera/api:test:   ✔ returns uniform 404s to a foreign tenant on every GSC surface (13.925856ms)
@serpvera/api:test: {"level":30,"time":1791390529321,"pid":953695,"hostname":"wina-LOQ-16IRH8","reqId":"req-1g","res":{"statusCode":200},"responseTime":5.951745999999957,"msg":"request completed"}
@serpvera/api:test: {"level":30,"time":1791390529322,"pid":953695,"hostname":"wina-LOQ-16IRH8","reqId":"req-1h","req":{"method":"POST","url":"/v1/projects/bcfb1a5f-5fdf-4c0d-85ec-89e724e145fd/gsc/sync","host":"localhost:80","remoteAddress":"127.0.0.1"},"msg":"incoming request"}
@serpvera/api:test: {"level":30,"time":1791390529323,"pid":953695,"hostname":"wina-LOQ-16IRH8","reqId":"req-1h","res":{"statusCode":404},"responseTime":1.0630049999999756,"msg":"request completed"}
@serpvera/api:test:   ✔ disconnect revokes both tokens at Google and erases local material (7.822444ms)
@serpvera/api:test: {"level":30,"time":1791390529323,"pid":953695,"hostname":"wina-LOQ-16IRH8","reqId":"req-1i","req":{"method":"POST","url":"/v1/gsc/oauth/authorize","host":"localhost:80","remoteAddress":"127.0.0.1"},"msg":"incoming request"}
@serpvera/api:test: {"level":30,"time":1791390529326,"pid":953695,"hostname":"wina-LOQ-16IRH8","reqId":"req-1i","res":{"statusCode":200},"responseTime":2.417820000000006,"msg":"request completed"}
@serpvera/api:test: {"level":30,"time":1791390529326,"pid":953695,"hostname":"wina-LOQ-16IRH8","reqId":"req-1j","req":{"method":"GET","url":"/v1/gsc/oauth/callback?code=reconnect-1&state=M2YyODM3MDQtNTgwOS00ZGJkLWIwNTUtNzk2ZTRlNjJkODQ4.3nnbjM32Nwy-lBt2H0m9uLNS_1udwnPCtOyJtEozcKU","host":"localhost:80","remoteAddress":"127.0.0.1"},"msg":"incoming request"}
@serpvera/api:test: {"level":30,"time":1791390529329,"pid":953695,"hostname":"wina-LOQ-16IRH8","reqId":"req-1j","res":{"statusCode":200},"responseTime":3.3637240000000475,"msg":"request completed"}
@serpvera/api:test: {"level":30,"time":1791390529329,"pid":953695,"hostname":"wina-LOQ-16IRH8","reqId":"req-1k","req":{"method":"POST","url":"/v1/projects/bcfb1a5f-5fdf-4c0d-85ec-89e724e145fd/gsc/connections","host":"localhost:80","remoteAddress":"127.0.0.1"},"msg":"incoming request"}
@serpvera/api:test: {"level":30,"time":1791390529333,"pid":953695,"hostname":"wina-LOQ-16IRH8","reqId":"req-1k","res":{"statusCode":201},"responseTime":3.857827000000043,"msg":"request completed"}
@serpvera/api:test: {"level":30,"time":1791390529333,"pid":953695,"hostname":"wina-LOQ-16IRH8","reqId":"req-1l","req":{"method":"POST","url":"/v1/projects/bcfb1a5f-5fdf-4c0d-85ec-89e724e145fd/gsc/connections","host":"localhost:80","remoteAddress":"127.0.0.1"},"msg":"incoming request"}
@serpvera/api:test: {"level":30,"time":1791390529336,"pid":953695,"hostname":"wina-LOQ-16IRH8","reqId":"req-1l","res":{"statusCode":409},"responseTime":2.8130760000000237,"msg":"request completed"}
@serpvera/api:test:   ✔ reconnects a disconnected property (revives the UNIQUE slot) and still refuses active duplicates (13.267894ms)
@serpvera/api:test: {"level":30,"time":1791390529339,"pid":953695,"hostname":"wina-LOQ-16IRH8","reqId":"req-1m","req":{"method":"POST","url":"/v1/projects/bcfb1a5f-5fdf-4c0d-85ec-89e724e145fd/gsc/connections","host":"localhost:80","remoteAddress":"127.0.0.1"},"msg":"incoming request"}
@serpvera/api:test: {"level":30,"time":1791390529341,"pid":953695,"hostname":"wina-LOQ-16IRH8","reqId":"req-1m","res":{"statusCode":400},"responseTime":2.5941119999999955,"msg":"request completed"}
@serpvera/api:test: {"level":30,"time":1791390529342,"pid":953695,"hostname":"wina-LOQ-16IRH8","reqId":"req-1n","req":{"method":"POST","url":"/v1/projects/bcfb1a5f-5fdf-4c0d-85ec-89e724e145fd/gsc/connections","host":"localhost:80","remoteAddress":"127.0.0.1"},"msg":"incoming request"}
@serpvera/api:test: {"level":30,"time":1791390529344,"pid":953695,"hostname":"wina-LOQ-16IRH8","reqId":"req-1n","res":{"statusCode":409},"responseTime":2.5275570000000016,"msg":"request completed"}
@serpvera/api:test:   ✔ checks the current grant and fails closed on an additional active property (9.561905ms)
@serpvera/api:test: {"level":30,"time":1791390529347,"pid":953695,"hostname":"wina-LOQ-16IRH8","reqId":"req-1o","req":{"method":"POST","url":"/v1/projects/bcfb1a5f-5fdf-4c0d-85ec-89e724e145fd/gsc/connections","host":"localhost:80","remoteAddress":"127.0.0.1"},"msg":"incoming request"}
@serpvera/api:test: {"level":30,"time":1791390529349,"pid":953695,"hostname":"wina-LOQ-16IRH8","reqId":"req-1o","res":{"statusCode":409},"responseTime":1.2807060000000092,"msg":"request completed"}
@serpvera/api:test:   ✔ refuses to associate a property when no grant is stored (2.874301ms)
@serpvera/api:test: {"level":30,"time":1791390529356,"pid":953695,"hostname":"wina-LOQ-16IRH8","driver":"postgres","role":"serpvera_app","msg":"store driver: postgres — persistence + RLS enforced"}
@serpvera/api:test: ✔ GSC live routes (real PostgreSQL, scripted Google wire) (413.625769ms)
@serpvera/api:test: {"level":40,"time":1791390529369,"pid":953695,"hostname":"wina-LOQ-16IRH8","driver":"memory","msg":"store driver: MEMORY — no persistence (test/fixture use only; set STORE_DRIVER=postgres for durable runs)"}
@serpvera/api:test: ▶ GSC BLOCKED surfaces — explicit, never fabricated
@serpvera/api:test:   ✔ without Google client configuration the API answers GSC_NOT_CONFIGURED (13.753751ms)
@serpvera/api:test:   ✔ without the PostgreSQL store the API answers GSC_STORE_UNAVAILABLE (11.81297ms)
@serpvera/api:test: ✔ GSC BLOCKED surfaces — explicit, never fabricated (25.833514ms)
@serpvera/api:test: {"level":30,"time":1791390529368,"pid":953695,"hostname":"wina-LOQ-16IRH8","reqId":"req-1","req":{"method":"GET","url":"/v1/gsc/oauth/callback?code=x&state=MTExMTExMTEtMTExMS00MTExLTgxMTEtMTExMTExMTExMTEx.abc","host":"localhost:80","remoteAddress":"127.0.0.1"},"msg":"incoming request"}
@serpvera/api:test: {"level":30,"time":1791390529368,"pid":953695,"hostname":"wina-LOQ-16IRH8","reqId":"req-1","res":{"statusCode":503},"responseTime":0.18776400000001559,"msg":"request completed"}
@serpvera/api:test: {"level":30,"time":1791390529380,"pid":953695,"hostname":"wina-LOQ-16IRH8","reqId":"req-1","req":{"method":"GET","url":"/v1/gsc/oauth/callback?code=x&state=MTExMTExMTEtMTExMS00MTExLTgxMTEtMTExMTExMTExMTEx.abc","host":"localhost:80","remoteAddress":"127.0.0.1"},"msg":"incoming request"}
@serpvera/api:test: {"level":30,"time":1791390529380,"pid":953695,"hostname":"wina-LOQ-16IRH8","reqId":"req-1","res":{"statusCode":501},"responseTime":0.16085399999997207,"msg":"request completed"}
@serpvera/api:test: {"level":30,"time":1791390529900,"pid":953708,"hostname":"wina-LOQ-16IRH8","driver":"postgres","role":"serpvera_app","msg":"store driver: postgres — persistence + RLS enforced"}
@serpvera/api:test: ▶ production configuration and store selection
@serpvera/api:test:   ✔ rejects an unknown NODE_ENV instead of treating it as development (0.770173ms)
@serpvera/api:test:   ✔ rejects unknown store drivers and memory storage in production (0.294836ms)
@serpvera/api:test:   ✔ rejects an explicitly supplied memory store in production (0.304174ms)
@serpvera/api:test:   ✔ rejects database readiness test overrides in production (0.161225ms)
@serpvera/api:test:   ✔ rejects the readiness override through production buildApp configuration (227.923687ms)
@serpvera/api:test: ✔ production configuration and store selection (230.903187ms)
@serpvera/api:test: ▶ readiness state
@serpvera/api:test:   ✔ only reports ready when config, database, and required schema checks are ready (0.338018ms)
@serpvera/api:test:   ✔ verifies both patch lifecycle and tenant-safe finding evidence schema markers (0.710049ms)
@serpvera/api:test:   ✔ requires every patch status from migration 0014 (0.307681ms)
@serpvera/api:test:   ✔ requires recorded migrations through the latest known migration (0.313631ms)
@serpvera/api:test:   ✔ reports pending when PostgreSQL is reachable but exactly one required marker is missing (0.393221ms)
@serpvera/api:test:   ✔ reports catalog query failures as unavailable schema checks without throwing (0.247787ms)
@serpvera/api:test: {"level":40,"time":1791390529941,"pid":953708,"hostname":"wina-LOQ-16IRH8","driver":"memory","msg":"store driver: MEMORY — no persistence (test/fixture use only; set STORE_DRIVER=postgres for durable runs)"}
@serpvera/api:test:   ✔ returns 503 when PostgreSQL is reachable but one required schema marker is missing (80.789307ms)
@serpvera/api:test: {"level":30,"time":1791390529954,"pid":953708,"hostname":"wina-LOQ-16IRH8","driver":"postgres","role":"serpvera_app","msg":"store driver: postgres — persistence + RLS enforced"}
@serpvera/api:test:   ✔ keeps liveness independent and reports local memory readiness explicitly (12.467345ms)
@serpvera/api:test: {"level":30,"time":1791390529937,"pid":953708,"hostname":"wina-LOQ-16IRH8","reqId":"req-1","req":{"method":"GET","url":"/ready","host":"localhost:80","remoteAddress":"127.0.0.1"},"msg":"incoming request"}
@serpvera/api:test: {"level":30,"time":1791390529940,"pid":953708,"hostname":"wina-LOQ-16IRH8","reqId":"req-1","res":{"statusCode":503},"responseTime":2.6103939999999284,"msg":"request completed"}
@serpvera/api:test: {"level":30,"time":1791390529952,"pid":953708,"hostname":"wina-LOQ-16IRH8","reqId":"req-1","req":{"method":"GET","url":"/health","host":"localhost:80","remoteAddress":"127.0.0.1"},"msg":"incoming request"}
@serpvera/api:test: {"level":30,"time":1791390529952,"pid":953708,"hostname":"wina-LOQ-16IRH8","reqId":"req-1","res":{"statusCode":200},"responseTime":0.408820999999989,"msg":"request completed"}
@serpvera/api:test: {"level":30,"time":1791390529952,"pid":953708,"hostname":"wina-LOQ-16IRH8","reqId":"req-2","req":{"method":"GET","url":"/ready","host":"localhost:80","remoteAddress":"127.0.0.1"},"msg":"incoming request"}
@serpvera/api:test: {"level":30,"time":1791390529953,"pid":953708,"hostname":"wina-LOQ-16IRH8","reqId":"req-2","res":{"statusCode":200},"responseTime":0.16366800000002968,"msg":"request completed"}
@serpvera/api:test: {"level":30,"time":1791390529962,"pid":953708,"hostname":"wina-LOQ-16IRH8","reqId":"req-1","req":{"method":"GET","url":"/ready","host":"localhost:80","remoteAddress":"127.0.0.1"},"msg":"incoming request"}
@serpvera/api:test:   ✔ returns 503 from readiness when PostgreSQL cannot be reached (12.843594ms)
@serpvera/api:test: ✔ readiness state (109.051702ms)
@serpvera/api:test: {"level":30,"time":1791390529966,"pid":953708,"hostname":"wina-LOQ-16IRH8","reqId":"req-1","res":{"statusCode":503},"responseTime":3.2142730000000483,"msg":"request completed"}
@serpvera/api:test: {"level":40,"time":1791390530249,"pid":953728,"hostname":"wina-LOQ-16IRH8","driver":"memory","msg":"store driver: MEMORY — no persistence (test/fixture use only; set STORE_DRIVER=postgres for durable runs)"}
@serpvera/api:test: {"level":30,"time":1791390530280,"pid":953728,"hostname":"wina-LOQ-16IRH8","reqId":"req-1","req":{"method":"POST","url":"/v1/auth/register","host":"localhost:80","remoteAddress":"127.0.0.1"},"msg":"incoming request"}
@serpvera/api:test: {"timestamp":"2026-10-07T16:28:50.322Z","level":"info","message":"User registered","context":{"userId":"606c4867-e87c-4aa4-a66e-418aa89ea8ce"}}
@serpvera/api:test: {"level":30,"time":1791390530324,"pid":953728,"hostname":"wina-LOQ-16IRH8","reqId":"req-1","res":{"statusCode":201},"responseTime":44.53080900000003,"msg":"request completed"}
@serpvera/api:test: {"timestamp":"2026-10-07T16:28:50.326Z","level":"info","message":"Organization created","organizationId":"369983f4-0df4-4fd3-9ce3-f774456e1882","context":{"organizationId":"369983f4-0df4-4fd3-9ce3-f774456e1882","userId":"606c4867-e87c-4aa4-a66e-418aa89ea8ce"}}
@serpvera/api:test: {"level":30,"time":1791390530325,"pid":953728,"hostname":"wina-LOQ-16IRH8","reqId":"req-2","req":{"method":"POST","url":"/v1/organizations","host":"localhost:80","remoteAddress":"127.0.0.1"},"msg":"incoming request"}
@serpvera/api:test: {"level":30,"time":1791390530326,"pid":953728,"hostname":"wina-LOQ-16IRH8","reqId":"req-2","res":{"statusCode":201},"responseTime":1.4144880000000057,"msg":"request completed"}
@serpvera/api:test: {"level":30,"time":1791390530327,"pid":953728,"hostname":"wina-LOQ-16IRH8","reqId":"req-3","req":{"method":"POST","url":"/v1/organizations","host":"localhost:80","remoteAddress":"127.0.0.1"},"msg":"incoming request"}
@serpvera/api:test: {"timestamp":"2026-10-07T16:28:50.327Z","level":"info","message":"Organization created","organizationId":"e648b3df-5836-44ba-bc96-c1e4438770f0","context":{"organizationId":"e648b3df-5836-44ba-bc96-c1e4438770f0","userId":"606c4867-e87c-4aa4-a66e-418aa89ea8ce"}}
@serpvera/api:test: {"level":30,"time":1791390530328,"pid":953728,"hostname":"wina-LOQ-16IRH8","reqId":"req-3","res":{"statusCode":201},"responseTime":0.8900690000000395,"msg":"request completed"}
@serpvera/api:test: {"level":30,"time":1791390530328,"pid":953728,"hostname":"wina-LOQ-16IRH8","reqId":"req-4","req":{"method":"POST","url":"/v1/projects","host":"localhost:80","remoteAddress":"127.0.0.1"},"msg":"incoming request"}
@serpvera/api:test: {"level":30,"time":1791390530329,"pid":953728,"hostname":"wina-LOQ-16IRH8","reqId":"req-4","res":{"statusCode":201},"responseTime":1.1249119999999948,"msg":"request completed"}
@serpvera/api:test: {"level":30,"time":1791390530329,"pid":953728,"hostname":"wina-LOQ-16IRH8","reqId":"req-5","req":{"method":"POST","url":"/v1/projects","host":"localhost:80","remoteAddress":"127.0.0.1"},"msg":"incoming request"}
@serpvera/api:test: {"level":30,"time":1791390530330,"pid":953728,"hostname":"wina-LOQ-16IRH8","reqId":"req-5","res":{"statusCode":200},"responseTime":0.9599900000000048,"msg":"request completed"}
@serpvera/api:test: {"level":30,"time":1791390530330,"pid":953728,"hostname":"wina-LOQ-16IRH8","reqId":"req-6","req":{"method":"POST","url":"/v1/projects","host":"localhost:80","remoteAddress":"127.0.0.1"},"msg":"incoming request"}
@serpvera/api:test: {"level":30,"time":1791390530331,"pid":953728,"hostname":"wina-LOQ-16IRH8","reqId":"req-6","res":{"statusCode":409},"responseTime":0.5445980000000077,"msg":"request completed"}
@serpvera/api:test: {"level":30,"time":1791390530331,"pid":953728,"hostname":"wina-LOQ-16IRH8","reqId":"req-7","req":{"method":"POST","url":"/v1/projects","host":"localhost:80","remoteAddress":"127.0.0.1"},"msg":"incoming request"}
@serpvera/api:test: {"level":30,"time":1791390530332,"pid":953728,"hostname":"wina-LOQ-16IRH8","reqId":"req-7","res":{"statusCode":201},"responseTime":0.5930589999999825,"msg":"request completed"}
@serpvera/api:test: {"level":30,"time":1791390530332,"pid":953728,"hostname":"wina-LOQ-16IRH8","reqId":"req-8","req":{"method":"POST","url":"/v1/projects","host":"localhost:80","remoteAddress":"127.0.0.1"},"msg":"incoming request"}
@serpvera/api:test: ▶ project creation idempotency (memory adapter)
@serpvera/api:test:   ✔ retries a common workspace slug and replays projects by tenant and payload (58.935679ms)
@serpvera/api:test: ✔ project creation idempotency (memory adapter) (127.738168ms)
@serpvera/api:test: {"level":30,"time":1791390530332,"pid":953728,"hostname":"wina-LOQ-16IRH8","reqId":"req-8","res":{"statusCode":201},"responseTime":0.5716180000000008,"msg":"request completed"}
@serpvera/api:test: {"level":40,"time":1791390530616,"pid":953740,"hostname":"wina-LOQ-16IRH8","driver":"memory","msg":"store driver: MEMORY — no persistence (test/fixture use only; set STORE_DRIVER=postgres for durable runs)"}
@serpvera/api:test: ▶ rate-limit unit semantics
@serpvera/api:test:   ✔ allows exactly N requests per window, then rejects with retryAfter (0.762698ms)
@serpvera/api:test:   ✔ windows reset after the interval (0.138831ms)
@serpvera/api:test:   ✔ tracks IPs independently (0.136968ms)
@serpvera/api:test:   ✔ keeps operation scopes independent for one IP (0.130266ms)
@serpvera/api:test:   ✔ loopback is exempt (operator/dev) and cannot be exhausted (0.142889ms)
@serpvera/api:test:   ✔ isLoopback recognises the loopback forms (0.113734ms)
@serpvera/api:test: ✔ rate-limit unit semantics (2.401048ms)
@serpvera/api:test: {"level":30,"time":1791390530651,"pid":953740,"hostname":"wina-LOQ-16IRH8","reqId":"req-1","req":{"method":"POST","url":"/v1/auth/register","host":"localhost:80","remoteAddress":"127.0.0.1"},"msg":"incoming request"}
@serpvera/api:test: {"timestamp":"2026-10-07T16:28:50.691Z","level":"info","message":"User registered","context":{"userId":"003a35c6-35bf-4a8c-a28b-1e24b8d51ff6"}}
@serpvera/api:test: {"level":30,"time":1791390530693,"pid":953740,"hostname":"wina-LOQ-16IRH8","reqId":"req-1","res":{"statusCode":201},"responseTime":42.545465000000036,"msg":"request completed"}
@serpvera/api:test: {"level":30,"time":1791390530694,"pid":953740,"hostname":"wina-LOQ-16IRH8","reqId":"req-2","req":{"method":"POST","url":"/v1/auth/register","host":"localhost:80","remoteAddress":"203.0.113.109"},"msg":"incoming request"}
@serpvera/api:test: {"timestamp":"2026-10-07T16:28:50.730Z","level":"info","message":"User registered","context":{"userId":"49b14c71-f2a6-4ac4-8f80-1e9593db8398"}}
@serpvera/api:test: {"level":30,"time":1791390530730,"pid":953740,"hostname":"wina-LOQ-16IRH8","reqId":"req-2","res":{"statusCode":201},"responseTime":36.261302,"msg":"request completed"}
@serpvera/api:test: {"level":30,"time":1791390530730,"pid":953740,"hostname":"wina-LOQ-16IRH8","reqId":"req-3","req":{"method":"POST","url":"/v1/auth/register","host":"localhost:80","remoteAddress":"203.0.113.109"},"msg":"incoming request"}
@serpvera/api:test: {"timestamp":"2026-10-07T16:28:50.763Z","level":"info","message":"User registered","context":{"userId":"02d793f2-7f17-4063-8ad8-57d8fd0c2c50"}}
@serpvera/api:test: {"level":30,"time":1791390530763,"pid":953740,"hostname":"wina-LOQ-16IRH8","reqId":"req-3","res":{"statusCode":201},"responseTime":33.108356000000015,"msg":"request completed"}
@serpvera/api:test: {"level":30,"time":1791390530764,"pid":953740,"hostname":"wina-LOQ-16IRH8","reqId":"req-4","req":{"method":"POST","url":"/v1/auth/register","host":"localhost:80","remoteAddress":"203.0.113.109"},"msg":"incoming request"}
@serpvera/api:test: {"timestamp":"2026-10-07T16:28:50.797Z","level":"info","message":"User registered","context":{"userId":"5338d3b5-aae5-4dc4-be35-e1b2fac93577"}}
@serpvera/api:test: {"level":30,"time":1791390530797,"pid":953740,"hostname":"wina-LOQ-16IRH8","reqId":"req-4","res":{"statusCode":201},"responseTime":33.599512000000004,"msg":"request completed"}
@serpvera/api:test: {"level":30,"time":1791390530798,"pid":953740,"hostname":"wina-LOQ-16IRH8","reqId":"req-5","req":{"method":"POST","url":"/v1/auth/register","host":"localhost:80","remoteAddress":"203.0.113.109"},"msg":"incoming request"}
@serpvera/api:test: {"timestamp":"2026-10-07T16:28:50.825Z","level":"info","message":"User registered","context":{"userId":"1f63046a-6257-43b3-9a0f-893c590689a9"}}
@serpvera/api:test: {"level":30,"time":1791390530825,"pid":953740,"hostname":"wina-LOQ-16IRH8","reqId":"req-5","res":{"statusCode":201},"responseTime":27.28752700000001,"msg":"request completed"}
@serpvera/api:test: {"level":30,"time":1791390530826,"pid":953740,"hostname":"wina-LOQ-16IRH8","reqId":"req-6","req":{"method":"POST","url":"/v1/auth/register","host":"localhost:80","remoteAddress":"203.0.113.109"},"msg":"incoming request"}
@serpvera/api:test: {"timestamp":"2026-10-07T16:28:50.852Z","level":"info","message":"User registered","context":{"userId":"e86f5e24-fc35-4f32-97b2-31627f337423"}}
@serpvera/api:test: {"level":30,"time":1791390530853,"pid":953740,"hostname":"wina-LOQ-16IRH8","reqId":"req-6","res":{"statusCode":201},"responseTime":26.928428999999994,"msg":"request completed"}
@serpvera/api:test: {"level":30,"time":1791390530853,"pid":953740,"hostname":"wina-LOQ-16IRH8","reqId":"req-7","req":{"method":"POST","url":"/v1/auth/register","host":"localhost:80","remoteAddress":"203.0.113.109"},"msg":"incoming request"}
@serpvera/api:test: {"level":30,"time":1791390530853,"pid":953740,"hostname":"wina-LOQ-16IRH8","reqId":"req-7","res":{"statusCode":429},"responseTime":0.27924600000000055,"msg":"request completed"}
@serpvera/api:test: {"level":30,"time":1791390530853,"pid":953740,"hostname":"wina-LOQ-16IRH8","reqId":"req-8","req":{"method":"POST","url":"/v1/auth/login","host":"localhost:80","remoteAddress":"203.0.113.109"},"msg":"incoming request"}
@serpvera/api:test: {"level":30,"time":1791390530888,"pid":953740,"hostname":"wina-LOQ-16IRH8","reqId":"req-8","res":{"statusCode":200},"responseTime":34.88911499999995,"msg":"request completed"}
@serpvera/api:test: {"level":30,"time":1791390530889,"pid":953740,"hostname":"wina-LOQ-16IRH8","reqId":"req-9","req":{"method":"POST","url":"/v1/auth/login","host":"localhost:80","remoteAddress":"203.0.113.109"},"msg":"incoming request"}
@serpvera/api:test: {"level":30,"time":1791390530917,"pid":953740,"hostname":"wina-LOQ-16IRH8","reqId":"req-9","res":{"statusCode":401},"responseTime":27.892047000000048,"msg":"request completed"}
@serpvera/api:test: {"level":30,"time":1791390530917,"pid":953740,"hostname":"wina-LOQ-16IRH8","reqId":"req-a","req":{"method":"POST","url":"/v1/auth/login","host":"localhost:80","remoteAddress":"203.0.113.109"},"msg":"incoming request"}
@serpvera/api:test: {"level":30,"time":1791390530944,"pid":953740,"hostname":"wina-LOQ-16IRH8","reqId":"req-a","res":{"statusCode":401},"responseTime":26.359876999999983,"msg":"request completed"}
@serpvera/api:test: {"level":30,"time":1791390530944,"pid":953740,"hostname":"wina-LOQ-16IRH8","reqId":"req-b","req":{"method":"POST","url":"/v1/auth/login","host":"localhost:80","remoteAddress":"203.0.113.109"},"msg":"incoming request"}
@serpvera/api:test: {"level":30,"time":1791390530971,"pid":953740,"hostname":"wina-LOQ-16IRH8","reqId":"req-b","res":{"statusCode":401},"responseTime":26.976,"msg":"request completed"}
@serpvera/api:test: {"level":30,"time":1791390530972,"pid":953740,"hostname":"wina-LOQ-16IRH8","reqId":"req-c","req":{"method":"POST","url":"/v1/auth/login","host":"localhost:80","remoteAddress":"203.0.113.109"},"msg":"incoming request"}
@serpvera/api:test: {"level":30,"time":1791390530999,"pid":953740,"hostname":"wina-LOQ-16IRH8","reqId":"req-c","res":{"statusCode":401},"responseTime":27.171488000000068,"msg":"request completed"}
@serpvera/api:test: {"level":30,"time":1791390530999,"pid":953740,"hostname":"wina-LOQ-16IRH8","reqId":"req-d","req":{"method":"POST","url":"/v1/auth/login","host":"localhost:80","remoteAddress":"203.0.113.109"},"msg":"incoming request"}
@serpvera/api:test: {"level":30,"time":1791390531025,"pid":953740,"hostname":"wina-LOQ-16IRH8","reqId":"req-d","res":{"statusCode":401},"responseTime":25.88709599999993,"msg":"request completed"}
@serpvera/api:test: {"level":30,"time":1791390531026,"pid":953740,"hostname":"wina-LOQ-16IRH8","reqId":"req-e","req":{"method":"POST","url":"/v1/auth/login","host":"localhost:80","remoteAddress":"203.0.113.109"},"msg":"incoming request"}
@serpvera/api:test: {"level":30,"time":1791390531053,"pid":953740,"hostname":"wina-LOQ-16IRH8","reqId":"req-e","res":{"statusCode":401},"responseTime":27.173541999999998,"msg":"request completed"}
@serpvera/api:test: {"level":30,"time":1791390531053,"pid":953740,"hostname":"wina-LOQ-16IRH8","reqId":"req-f","req":{"method":"POST","url":"/v1/auth/login","host":"localhost:80","remoteAddress":"203.0.113.109"},"msg":"incoming request"}
@serpvera/api:test: {"level":30,"time":1791390531079,"pid":953740,"hostname":"wina-LOQ-16IRH8","reqId":"req-f","res":{"statusCode":401},"responseTime":25.51310000000001,"msg":"request completed"}
@serpvera/api:test: {"level":30,"time":1791390531079,"pid":953740,"hostname":"wina-LOQ-16IRH8","reqId":"req-g","req":{"method":"POST","url":"/v1/auth/login","host":"localhost:80","remoteAddress":"203.0.113.109"},"msg":"incoming request"}
@serpvera/api:test: {"level":30,"time":1791390531106,"pid":953740,"hostname":"wina-LOQ-16IRH8","reqId":"req-g","res":{"statusCode":401},"responseTime":26.528715000000034,"msg":"request completed"}
@serpvera/api:test: {"level":30,"time":1791390531106,"pid":953740,"hostname":"wina-LOQ-16IRH8","reqId":"req-h","req":{"method":"POST","url":"/v1/auth/login","host":"localhost:80","remoteAddress":"203.0.113.109"},"msg":"incoming request"}
@serpvera/api:test: {"level":30,"time":1791390531131,"pid":953740,"hostname":"wina-LOQ-16IRH8","reqId":"req-h","res":{"statusCode":401},"responseTime":25.60470399999997,"msg":"request completed"}
@serpvera/api:test: {"level":30,"time":1791390531132,"pid":953740,"hostname":"wina-LOQ-16IRH8","reqId":"req-i","req":{"method":"POST","url":"/v1/auth/login","host":"localhost:80","remoteAddress":"203.0.113.109"},"msg":"incoming request"}
@serpvera/api:test: {"level":30,"time":1791390531157,"pid":953740,"hostname":"wina-LOQ-16IRH8","reqId":"req-i","res":{"statusCode":401},"responseTime":25.623398000000066,"msg":"request completed"}
@serpvera/api:test: {"level":30,"time":1791390531158,"pid":953740,"hostname":"wina-LOQ-16IRH8","reqId":"req-j","req":{"method":"POST","url":"/v1/auth/login","host":"localhost:80","remoteAddress":"203.0.113.109"},"msg":"incoming request"}
@serpvera/api:test: {"level":30,"time":1791390531183,"pid":953740,"hostname":"wina-LOQ-16IRH8","reqId":"req-j","res":{"statusCode":401},"responseTime":25.296069999999986,"msg":"request completed"}
@serpvera/api:test: {"level":30,"time":1791390531183,"pid":953740,"hostname":"wina-LOQ-16IRH8","reqId":"req-k","req":{"method":"POST","url":"/v1/auth/login","host":"localhost:80","remoteAddress":"203.0.113.109"},"msg":"incoming request"}
@serpvera/api:test: {"level":30,"time":1791390531210,"pid":953740,"hostname":"wina-LOQ-16IRH8","reqId":"req-k","res":{"statusCode":401},"responseTime":26.228069000000005,"msg":"request completed"}
@serpvera/api:test: {"level":30,"time":1791390531210,"pid":953740,"hostname":"wina-LOQ-16IRH8","reqId":"req-l","req":{"method":"POST","url":"/v1/auth/login","host":"localhost:80","remoteAddress":"203.0.113.109"},"msg":"incoming request"}
@serpvera/api:test: {"level":30,"time":1791390531236,"pid":953740,"hostname":"wina-LOQ-16IRH8","reqId":"req-l","res":{"statusCode":401},"responseTime":25.627636999999936,"msg":"request completed"}
@serpvera/api:test: {"level":30,"time":1791390531236,"pid":953740,"hostname":"wina-LOQ-16IRH8","reqId":"req-m","req":{"method":"POST","url":"/v1/auth/login","host":"localhost:80","remoteAddress":"203.0.113.109"},"msg":"incoming request"}
@serpvera/api:test: {"level":30,"time":1791390531262,"pid":953740,"hostname":"wina-LOQ-16IRH8","reqId":"req-m","res":{"statusCode":401},"responseTime":26.304493000000093,"msg":"request completed"}
@serpvera/api:test: {"level":30,"time":1791390531262,"pid":953740,"hostname":"wina-LOQ-16IRH8","reqId":"req-n","req":{"method":"POST","url":"/v1/auth/login","host":"localhost:80","remoteAddress":"203.0.113.109"},"msg":"incoming request"}
@serpvera/api:test: {"level":30,"time":1791390531289,"pid":953740,"hostname":"wina-LOQ-16IRH8","reqId":"req-n","res":{"statusCode":401},"responseTime":26.064629999999966,"msg":"request completed"}
@serpvera/api:test: {"level":30,"time":1791390531289,"pid":953740,"hostname":"wina-LOQ-16IRH8","reqId":"req-o","req":{"method":"POST","url":"/v1/auth/login","host":"localhost:80","remoteAddress":"203.0.113.109"},"msg":"incoming request"}
@serpvera/api:test: {"level":30,"time":1791390531315,"pid":953740,"hostname":"wina-LOQ-16IRH8","reqId":"req-o","res":{"statusCode":401},"responseTime":25.781135999999947,"msg":"request completed"}
@serpvera/api:test: {"level":30,"time":1791390531315,"pid":953740,"hostname":"wina-LOQ-16IRH8","reqId":"req-p","req":{"method":"POST","url":"/v1/auth/login","host":"localhost:80","remoteAddress":"203.0.113.109"},"msg":"incoming request"}
@serpvera/api:test: {"level":30,"time":1791390531341,"pid":953740,"hostname":"wina-LOQ-16IRH8","reqId":"req-p","res":{"statusCode":401},"responseTime":26.473652000000016,"msg":"request completed"}
@serpvera/api:test: {"level":30,"time":1791390531342,"pid":953740,"hostname":"wina-LOQ-16IRH8","reqId":"req-q","req":{"method":"POST","url":"/v1/auth/login","host":"localhost:80","remoteAddress":"203.0.113.109"},"msg":"incoming request"}
@serpvera/api:test: {"level":30,"time":1791390531368,"pid":953740,"hostname":"wina-LOQ-16IRH8","reqId":"req-q","res":{"statusCode":401},"responseTime":26.494391000000064,"msg":"request completed"}
@serpvera/api:test: {"level":30,"time":1791390531369,"pid":953740,"hostname":"wina-LOQ-16IRH8","reqId":"req-r","req":{"method":"POST","url":"/v1/auth/login","host":"localhost:80","remoteAddress":"203.0.113.109"},"msg":"incoming request"}
@serpvera/api:test: {"level":30,"time":1791390531395,"pid":953740,"hostname":"wina-LOQ-16IRH8","reqId":"req-r","res":{"statusCode":401},"responseTime":26.250299999999925,"msg":"request completed"}
@serpvera/api:test: {"level":40,"time":1791390531398,"pid":953740,"hostname":"wina-LOQ-16IRH8","driver":"memory","msg":"store driver: MEMORY — no persistence (test/fixture use only; set STORE_DRIVER=postgres for durable runs)"}
@serpvera/api:test: ▶ authentication rate limits on real Fastify routes
@serpvera/api:test:   ✔ throttles register and login by IP using separate scopes (820.687769ms)
@serpvera/api:test: ✔ authentication rate limits on real Fastify routes (820.996501ms)
@serpvera/api:test: {"level":30,"time":1791390531395,"pid":953740,"hostname":"wina-LOQ-16IRH8","reqId":"req-s","req":{"method":"POST","url":"/v1/auth/login","host":"localhost:80","remoteAddress":"203.0.113.109"},"msg":"incoming request"}
@serpvera/api:test: {"level":30,"time":1791390531396,"pid":953740,"hostname":"wina-LOQ-16IRH8","reqId":"req-s","res":{"statusCode":429},"responseTime":0.24926000000004933,"msg":"request completed"}
@serpvera/api:test: {"level":30,"time":1791390531407,"pid":953740,"hostname":"wina-LOQ-16IRH8","reqId":"req-1","req":{"method":"POST","url":"/v1/public-scans","host":"localhost:80","remoteAddress":"203.0.113.77"},"msg":"incoming request"}
@serpvera/api:test: {"timestamp":"2026-10-07T16:28:51.408Z","level":"warn","message":"Public scan rejected by SSRF guard","context":{"jobType":"public-scan","error":"SSRF blocked: IPv4 loopback (127.0.0.0/8) (https://127.0.0.1/)"}}
@serpvera/api:test: {"level":30,"time":1791390531409,"pid":953740,"hostname":"wina-LOQ-16IRH8","reqId":"req-1","res":{"statusCode":400},"responseTime":1.4042980000001535,"msg":"request completed"}
@serpvera/api:test: {"level":30,"time":1791390531409,"pid":953740,"hostname":"wina-LOQ-16IRH8","reqId":"req-2","req":{"method":"POST","url":"/v1/public-scans","host":"localhost:80","remoteAddress":"203.0.113.77"},"msg":"incoming request"}
@serpvera/api:test: {"timestamp":"2026-10-07T16:28:51.409Z","level":"warn","message":"Public scan rejected by SSRF guard","context":{"jobType":"public-scan","error":"SSRF blocked: IPv4 loopback (127.0.0.0/8) (https://127.0.0.1/)"}}
@serpvera/api:test: {"level":30,"time":1791390531409,"pid":953740,"hostname":"wina-LOQ-16IRH8","reqId":"req-2","res":{"statusCode":400},"responseTime":0.49581499999999323,"msg":"request completed"}
@serpvera/api:test: {"level":30,"time":1791390531409,"pid":953740,"hostname":"wina-LOQ-16IRH8","reqId":"req-3","req":{"method":"POST","url":"/v1/public-scans","host":"localhost:80","remoteAddress":"203.0.113.77"},"msg":"incoming request"}
@serpvera/api:test: {"timestamp":"2026-10-07T16:28:51.410Z","level":"warn","message":"Public scan rejected by SSRF guard","context":{"jobType":"public-scan","error":"SSRF blocked: IPv4 loopback (127.0.0.0/8) (https://127.0.0.1/)"}}
@serpvera/api:test: {"level":30,"time":1791390531410,"pid":953740,"hostname":"wina-LOQ-16IRH8","reqId":"req-3","res":{"statusCode":400},"responseTime":0.3585359999999582,"msg":"request completed"}
@serpvera/api:test: {"level":30,"time":1791390531410,"pid":953740,"hostname":"wina-LOQ-16IRH8","reqId":"req-4","req":{"method":"POST","url":"/v1/public-scans","host":"localhost:80","remoteAddress":"203.0.113.77"},"msg":"incoming request"}
@serpvera/api:test: {"timestamp":"2026-10-07T16:28:51.410Z","level":"warn","message":"Public scan rejected by SSRF guard","context":{"jobType":"public-scan","error":"SSRF blocked: IPv4 loopback (127.0.0.0/8) (https://127.0.0.1/)"}}
@serpvera/api:test: {"level":30,"time":1791390531410,"pid":953740,"hostname":"wina-LOQ-16IRH8","reqId":"req-4","res":{"statusCode":400},"responseTime":0.37907499999982974,"msg":"request completed"}
@serpvera/api:test: {"level":30,"time":1791390531410,"pid":953740,"hostname":"wina-LOQ-16IRH8","reqId":"req-5","req":{"method":"POST","url":"/v1/public-scans","host":"localhost:80","remoteAddress":"203.0.113.77"},"msg":"incoming request"}
@serpvera/api:test: {"timestamp":"2026-10-07T16:28:51.410Z","level":"warn","message":"Public scan rejected by SSRF guard","context":{"jobType":"public-scan","error":"SSRF blocked: IPv4 loopback (127.0.0.0/8) (https://127.0.0.1/)"}}
@serpvera/api:test: {"level":30,"time":1791390531411,"pid":953740,"hostname":"wina-LOQ-16IRH8","reqId":"req-5","res":{"statusCode":400},"responseTime":0.31445300000018506,"msg":"request completed"}
@serpvera/api:test: {"level":30,"time":1791390531411,"pid":953740,"hostname":"wina-LOQ-16IRH8","reqId":"req-6","req":{"method":"POST","url":"/v1/public-scans","host":"localhost:80","remoteAddress":"203.0.113.77"},"msg":"incoming request"}
@serpvera/api:test: {"timestamp":"2026-10-07T16:28:51.416Z","level":"info","message":"Scan completed","traceId":"decfb152-d516-4fd0-a234-4cbd6ad0e1ae","context":{"jobType":"public-scan","traceId":"decfb152-d516-4fd0-a234-4cbd6ad0e1ae","domain":"https://nonexistent-limit-test.example/","status":"completed","findingCount":1,"httpStatus":200}}
@serpvera/api:test: {"level":30,"time":1791390531414,"pid":953740,"hostname":"wina-LOQ-16IRH8","reqId":"req-6","res":{"statusCode":201},"responseTime":3.2947139999998853,"msg":"request completed"}
@serpvera/api:test: {"level":30,"time":1791390531416,"pid":953740,"hostname":"wina-LOQ-16IRH8","reqId":"req-7","req":{"method":"POST","url":"/v1/public-scans","host":"localhost:80","remoteAddress":"203.0.113.77"},"msg":"incoming request"}
@serpvera/api:test: {"timestamp":"2026-10-07T16:28:51.417Z","level":"info","message":"Scan completed","traceId":"d96e4b3c-db5e-444d-be03-9f7757cb6287","context":{"jobType":"public-scan","traceId":"d96e4b3c-db5e-444d-be03-9f7757cb6287","domain":"https://nonexistent-limit-test.example/","status":"completed","findingCount":1,"httpStatus":200}}
@serpvera/api:test: {"level":30,"time":1791390531416,"pid":953740,"hostname":"wina-LOQ-16IRH8","reqId":"req-7","res":{"statusCode":201},"responseTime":0.40499399999998786,"msg":"request completed"}
@serpvera/api:test: {"level":30,"time":1791390531417,"pid":953740,"hostname":"wina-LOQ-16IRH8","reqId":"req-8","req":{"method":"POST","url":"/v1/public-scans","host":"localhost:80","remoteAddress":"203.0.113.77"},"msg":"incoming request"}
@serpvera/api:test: {"timestamp":"2026-10-07T16:28:51.417Z","level":"info","message":"Scan completed","traceId":"18ec946e-ac65-4db4-8f7a-d03a18cc0d53","context":{"jobType":"public-scan","traceId":"18ec946e-ac65-4db4-8f7a-d03a18cc0d53","domain":"https://nonexistent-limit-test.example/","status":"completed","findingCount":1,"httpStatus":200}}
@serpvera/api:test: {"level":30,"time":1791390531417,"pid":953740,"hostname":"wina-LOQ-16IRH8","reqId":"req-8","res":{"statusCode":201},"responseTime":0.35948800000005576,"msg":"request completed"}
@serpvera/api:test: {"level":30,"time":1791390531417,"pid":953740,"hostname":"wina-LOQ-16IRH8","reqId":"req-9","req":{"method":"POST","url":"/v1/public-scans","host":"localhost:80","remoteAddress":"203.0.113.77"},"msg":"incoming request"}
@serpvera/api:test: {"timestamp":"2026-10-07T16:28:51.418Z","level":"info","message":"Scan completed","traceId":"5bebf307-082c-41f7-8614-641a5c5f28e0","context":{"jobType":"public-scan","traceId":"5bebf307-082c-41f7-8614-641a5c5f28e0","domain":"https://nonexistent-limit-test.example/","status":"completed","findingCount":1,"httpStatus":200}}
@serpvera/api:test: {"level":30,"time":1791390531418,"pid":953740,"hostname":"wina-LOQ-16IRH8","reqId":"req-9","res":{"statusCode":201},"responseTime":0.3192819999999301,"msg":"request completed"}
@serpvera/api:test: {"level":30,"time":1791390531418,"pid":953740,"hostname":"wina-LOQ-16IRH8","reqId":"req-a","req":{"method":"POST","url":"/v1/public-scans","host":"localhost:80","remoteAddress":"203.0.113.77"},"msg":"incoming request"}
@serpvera/api:test: {"timestamp":"2026-10-07T16:28:51.419Z","level":"info","message":"Scan completed","traceId":"c22bc836-7de4-4a32-b514-7677a8413d05","context":{"jobType":"public-scan","traceId":"c22bc836-7de4-4a32-b514-7677a8413d05","domain":"https://nonexistent-limit-test.example/","status":"completed","findingCount":1,"httpStatus":200}}
@serpvera/api:test: {"level":30,"time":1791390531418,"pid":953740,"hostname":"wina-LOQ-16IRH8","reqId":"req-a","res":{"statusCode":201},"responseTime":0.32638599999995677,"msg":"request completed"}
@serpvera/api:test: {"level":30,"time":1791390531419,"pid":953740,"hostname":"wina-LOQ-16IRH8","reqId":"req-b","req":{"method":"POST","url":"/v1/public-scans","host":"localhost:80","remoteAddress":"203.0.113.77"},"msg":"incoming request"}
@serpvera/api:test: {"timestamp":"2026-10-07T16:28:51.419Z","level":"info","message":"Scan completed","traceId":"96f1c9de-56b5-45b8-97cb-d59ef4cdcda5","context":{"jobType":"public-scan","traceId":"96f1c9de-56b5-45b8-97cb-d59ef4cdcda5","domain":"https://nonexistent-limit-test.example/","status":"completed","findingCount":1,"httpStatus":200}}
@serpvera/api:test: {"level":30,"time":1791390531419,"pid":953740,"hostname":"wina-LOQ-16IRH8","reqId":"req-b","res":{"statusCode":201},"responseTime":0.32143599999994876,"msg":"request completed"}
@serpvera/api:test: {"level":30,"time":1791390531419,"pid":953740,"hostname":"wina-LOQ-16IRH8","reqId":"req-c","req":{"method":"POST","url":"/v1/public-scans","host":"localhost:80","remoteAddress":"203.0.113.77"},"msg":"incoming request"}
@serpvera/api:test: {"timestamp":"2026-10-07T16:28:51.420Z","level":"info","message":"Scan completed","traceId":"4674c889-c655-4998-8080-1c435b6d645b","context":{"jobType":"public-scan","traceId":"4674c889-c655-4998-8080-1c435b6d645b","domain":"https://nonexistent-limit-test.example/","status":"completed","findingCount":1,"httpStatus":200}}
@serpvera/api:test: {"level":30,"time":1791390531419,"pid":953740,"hostname":"wina-LOQ-16IRH8","reqId":"req-c","res":{"statusCode":201},"responseTime":0.29165100000000166,"msg":"request completed"}
@serpvera/api:test: {"level":30,"time":1791390531420,"pid":953740,"hostname":"wina-LOQ-16IRH8","reqId":"req-d","req":{"method":"POST","url":"/v1/public-scans","host":"localhost:80","remoteAddress":"203.0.113.77"},"msg":"incoming request"}
@serpvera/api:test: {"timestamp":"2026-10-07T16:28:51.420Z","level":"info","message":"Scan completed","traceId":"2c9652ca-a0f1-41d6-ae7d-a339ead6f198","context":{"jobType":"public-scan","traceId":"2c9652ca-a0f1-41d6-ae7d-a339ead6f198","domain":"https://nonexistent-limit-test.example/","status":"completed","findingCount":1,"httpStatus":200}}
@serpvera/api:test: {"level":30,"time":1791390531420,"pid":953740,"hostname":"wina-LOQ-16IRH8","reqId":"req-d","res":{"statusCode":201},"responseTime":0.2980619999998453,"msg":"request completed"}
@serpvera/api:test: {"level":30,"time":1791390531420,"pid":953740,"hostname":"wina-LOQ-16IRH8","reqId":"req-e","req":{"method":"POST","url":"/v1/public-scans","host":"localhost:80","remoteAddress":"203.0.113.77"},"msg":"incoming request"}
@serpvera/api:test: {"timestamp":"2026-10-07T16:28:51.421Z","level":"info","message":"Scan completed","traceId":"49d8ef05-7786-438c-a31d-02b9c717b0da","context":{"jobType":"public-scan","traceId":"49d8ef05-7786-438c-a31d-02b9c717b0da","domain":"https://nonexistent-limit-test.example/","status":"completed","findingCount":1,"httpStatus":200}}
@serpvera/api:test: {"level":30,"time":1791390531421,"pid":953740,"hostname":"wina-LOQ-16IRH8","reqId":"req-e","res":{"statusCode":201},"responseTime":0.2954170000000431,"msg":"request completed"}
@serpvera/api:test: {"level":30,"time":1791390531421,"pid":953740,"hostname":"wina-LOQ-16IRH8","reqId":"req-f","req":{"method":"POST","url":"/v1/public-scans","host":"localhost:80","remoteAddress":"203.0.113.77"},"msg":"incoming request"}
@serpvera/api:test: {"timestamp":"2026-10-07T16:28:51.421Z","level":"info","message":"Scan completed","traceId":"20313bd8-cda5-41a6-95c1-5de28f238e79","context":{"jobType":"public-scan","traceId":"20313bd8-cda5-41a6-95c1-5de28f238e79","domain":"https://nonexistent-limit-test.example/","status":"completed","findingCount":1,"httpStatus":200}}
@serpvera/api:test: {"level":30,"time":1791390531421,"pid":953740,"hostname":"wina-LOQ-16IRH8","reqId":"req-f","res":{"statusCode":201},"responseTime":0.30604699999980767,"msg":"request completed"}
@serpvera/api:test: {"level":30,"time":1791390531421,"pid":953740,"hostname":"wina-LOQ-16IRH8","reqId":"req-g","req":{"method":"POST","url":"/v1/public-scans","host":"localhost:80","remoteAddress":"203.0.113.77"},"msg":"incoming request"}
@serpvera/api:test: {"level":30,"time":1791390531422,"pid":953740,"hostname":"wina-LOQ-16IRH8","reqId":"req-g","res":{"statusCode":429},"responseTime":0.28353500000002896,"msg":"request completed"}
@serpvera/api:test: {"level":30,"time":1791390531422,"pid":953740,"hostname":"wina-LOQ-16IRH8","reqId":"req-h","req":{"method":"POST","url":"/v1/public-scans","host":"localhost:80","remoteAddress":"127.0.0.1"},"msg":"incoming request"}
@serpvera/api:test: {"timestamp":"2026-10-07T16:28:51.422Z","level":"info","message":"Scan completed","traceId":"a15f5c35-0f95-4560-bf9c-d62c81bb111c","context":{"jobType":"public-scan","traceId":"a15f5c35-0f95-4560-bf9c-d62c81bb111c","domain":"https://nonexistent-limit-test.example/","status":"completed","findingCount":1,"httpStatus":200}}
@serpvera/api:test: ▶ rate limit enforced by the real POST /v1/public-scans route
@serpvera/api:test:   ✔ SSRF-rejected requests do NOT consume quota; created scans do; then 429 with Retry-After (25.56602ms)
@serpvera/api:test: ✔ rate limit enforced by the real POST /v1/public-scans route (25.7836ms)
@serpvera/api:test: {"level":30,"time":1791390531422,"pid":953740,"hostname":"wina-LOQ-16IRH8","reqId":"req-h","res":{"statusCode":201},"responseTime":0.2953370000000177,"msg":"request completed"}
@serpvera/api:test: ▶ audit two-pass pipeline (deterministic fixtures)
@serpvera/api:test:   ✔ records an escalated rendered capture with a verifiable hash (5.732943ms)
@serpvera/api:test:   ✔ emits JS.SOURCE_RENDER_DIVERGENCE + evidence when rendered differs (0.599561ms)
@serpvera/api:test:   ✔ invokes the renderer for escalated fixtures and records failed capture honestly (0.304314ms)
@serpvera/api:test:   ✔ audits the exact submitted URL path rather than replacing it with the homepage (0.253679ms)
@serpvera/api:test:   ✔ marks rendered evidence unavailable instead of claiming a rendered check (0.355571ms)
@serpvera/api:test:   ✔ refuses injected HTTP fixtures under NODE_ENV=production (0.417557ms)
@serpvera/api:test: ✔ audit two-pass pipeline (deterministic fixtures) (8.70568ms)
@serpvera/api:test: {"level":30,"time":1791390531823,"pid":953760,"hostname":"wina-LOQ-16IRH8","driver":"postgres","role":"serpvera_app","msg":"store driver: postgres — persistence + RLS enforced"}
@serpvera/api:test: {"level":30,"time":1791390531854,"pid":953760,"hostname":"wina-LOQ-16IRH8","reqId":"req-1","req":{"method":"POST","url":"/v1/auth/register","host":"localhost:80","remoteAddress":"127.0.0.1"},"msg":"incoming request"}
@serpvera/api:test: {"timestamp":"2026-10-07T16:28:51.915Z","level":"info","message":"User registered","context":{"userId":"eae12845-ab13-4448-aa72-75be7a34e58e"}}
@serpvera/api:test: {"level":30,"time":1791390531917,"pid":953760,"hostname":"wina-LOQ-16IRH8","reqId":"req-1","res":{"statusCode":201},"responseTime":62.81918300000001,"msg":"request completed"}
@serpvera/api:test: {"level":30,"time":1791390531918,"pid":953760,"hostname":"wina-LOQ-16IRH8","reqId":"req-2","req":{"method":"GET","url":"/v1/auth/me","host":"localhost:80","remoteAddress":"127.0.0.1"},"msg":"incoming request"}
@serpvera/api:test: {"level":30,"time":1791390531919,"pid":953760,"hostname":"wina-LOQ-16IRH8","reqId":"req-2","res":{"statusCode":200},"responseTime":1.4683499999999867,"msg":"request completed"}
@serpvera/api:test: {"level":30,"time":1791390531919,"pid":953760,"hostname":"wina-LOQ-16IRH8","reqId":"req-3","req":{"method":"POST","url":"/v1/auth/logout","host":"localhost:80","remoteAddress":"127.0.0.1"},"msg":"incoming request"}
@serpvera/api:test: {"level":30,"time":1791390531922,"pid":953760,"hostname":"wina-LOQ-16IRH8","reqId":"req-3","res":{"statusCode":200},"responseTime":2.036982000000023,"msg":"request completed"}
@serpvera/api:test: {"level":30,"time":1791390531922,"pid":953760,"hostname":"wina-LOQ-16IRH8","reqId":"req-4","req":{"method":"GET","url":"/v1/auth/me","host":"localhost:80","remoteAddress":"127.0.0.1"},"msg":"incoming request"}
@serpvera/api:test: {"level":30,"time":1791390531922,"pid":953760,"hostname":"wina-LOQ-16IRH8","reqId":"req-4","res":{"statusCode":401},"responseTime":0.431824000000006,"msg":"request completed"}
@serpvera/api:test: {"level":30,"time":1791390531926,"pid":953760,"hostname":"wina-LOQ-16IRH8","reqId":"req-5","req":{"method":"POST","url":"/v1/auth/register","host":"localhost:80","remoteAddress":"127.0.0.1"},"msg":"incoming request"}
@serpvera/api:test: ▶ server-side session revocation (real PostgreSQL)
@serpvera/api:test:   ✔ logout REVOKES the session server-side — the same cookie is rejected afterwards (76.953833ms)
@serpvera/api:test: {"timestamp":"2026-10-07T16:28:51.964Z","level":"info","message":"User registered","context":{"userId":"0d406178-d848-4543-8d0c-b09a6ceef102"}}
@serpvera/api:test: {"level":30,"time":1791390531964,"pid":953760,"hostname":"wina-LOQ-16IRH8","reqId":"req-5","res":{"statusCode":201},"responseTime":37.641706,"msg":"request completed"}
@serpvera/api:test: {"level":30,"time":1791390531964,"pid":953760,"hostname":"wina-LOQ-16IRH8","reqId":"req-6","req":{"method":"POST","url":"/v1/auth/login","host":"localhost:80","remoteAddress":"127.0.0.1"},"msg":"incoming request"}
@serpvera/api:test: {"level":30,"time":1791390532001,"pid":953760,"hostname":"wina-LOQ-16IRH8","reqId":"req-6","res":{"statusCode":200},"responseTime":36.915006000000005,"msg":"request completed"}
@serpvera/api:test: {"level":30,"time":1791390532002,"pid":953760,"hostname":"wina-LOQ-16IRH8","reqId":"req-7","req":{"method":"GET","url":"/v1/auth/me","host":"localhost:80","remoteAddress":"127.0.0.1"},"msg":"incoming request"}
@serpvera/api:test: {"level":30,"time":1791390532003,"pid":953760,"hostname":"wina-LOQ-16IRH8","reqId":"req-7","res":{"statusCode":200},"responseTime":1.0496400000000108,"msg":"request completed"}
@serpvera/api:test: {"level":30,"time":1791390532003,"pid":953760,"hostname":"wina-LOQ-16IRH8","reqId":"req-8","req":{"method":"GET","url":"/v1/auth/me","host":"localhost:80","remoteAddress":"127.0.0.1"},"msg":"incoming request"}
@serpvera/api:test: {"level":30,"time":1791390532004,"pid":953760,"hostname":"wina-LOQ-16IRH8","reqId":"req-8","res":{"statusCode":200},"responseTime":0.6597140000000081,"msg":"request completed"}
@serpvera/api:test: {"level":30,"time":1791390532004,"pid":953760,"hostname":"wina-LOQ-16IRH8","reqId":"req-9","req":{"method":"POST","url":"/v1/auth/logout-all","host":"localhost:80","remoteAddress":"127.0.0.1"},"msg":"incoming request"}
@serpvera/api:test: {"timestamp":"2026-10-07T16:28:52.005Z","level":"info","message":"All sessions revoked","context":{"userId":"0d406178-d848-4543-8d0c-b09a6ceef102","revoked":2}}
@serpvera/api:test: {"level":30,"time":1791390532006,"pid":953760,"hostname":"wina-LOQ-16IRH8","reqId":"req-9","res":{"statusCode":200},"responseTime":1.783364000000006,"msg":"request completed"}
@serpvera/api:test: {"level":30,"time":1791390532006,"pid":953760,"hostname":"wina-LOQ-16IRH8","reqId":"req-a","req":{"method":"GET","url":"/v1/auth/me","host":"localhost:80","remoteAddress":"127.0.0.1"},"msg":"incoming request"}
@serpvera/api:test: {"level":30,"time":1791390532006,"pid":953760,"hostname":"wina-LOQ-16IRH8","reqId":"req-a","res":{"statusCode":401},"responseTime":0.3708090000000084,"msg":"request completed"}
@serpvera/api:test: {"level":30,"time":1791390532006,"pid":953760,"hostname":"wina-LOQ-16IRH8","reqId":"req-b","req":{"method":"GET","url":"/v1/auth/me","host":"localhost:80","remoteAddress":"127.0.0.1"},"msg":"incoming request"}
@serpvera/api:test:   ✔ logout-all revokes EVERY session of the user (80.801229ms)
@serpvera/api:test: {"level":30,"time":1791390532007,"pid":953760,"hostname":"wina-LOQ-16IRH8","reqId":"req-b","res":{"statusCode":401},"responseTime":0.3252029999999877,"msg":"request completed"}
@serpvera/api:test: {"level":30,"time":1791390532007,"pid":953760,"hostname":"wina-LOQ-16IRH8","reqId":"req-c","req":{"method":"POST","url":"/v1/auth/register","host":"localhost:80","remoteAddress":"127.0.0.1"},"msg":"incoming request"}
@serpvera/api:test: {"timestamp":"2026-10-07T16:28:52.039Z","level":"info","message":"User registered","context":{"userId":"cfa03096-a606-4b20-a009-647d472540e7"}}
@serpvera/api:test: {"level":30,"time":1791390532039,"pid":953760,"hostname":"wina-LOQ-16IRH8","reqId":"req-c","res":{"statusCode":201},"responseTime":32.145219,"msg":"request completed"}
@serpvera/api:test: {"level":30,"time":1791390532040,"pid":953760,"hostname":"wina-LOQ-16IRH8","reqId":"req-d","req":{"method":"POST","url":"/v1/organizations","host":"localhost:80","remoteAddress":"127.0.0.1"},"msg":"incoming request"}
@serpvera/api:test: {"timestamp":"2026-10-07T16:28:52.043Z","level":"info","message":"Organization created","organizationId":"47442665-4d6b-4219-a73b-da401fd28615","context":{"organizationId":"47442665-4d6b-4219-a73b-da401fd28615","userId":"cfa03096-a606-4b20-a009-647d472540e7"}}
@serpvera/api:test: {"level":30,"time":1791390532043,"pid":953760,"hostname":"wina-LOQ-16IRH8","reqId":"req-d","res":{"statusCode":201},"responseTime":3.623665000000017,"msg":"request completed"}
@serpvera/api:test: {"level":30,"time":1791390532044,"pid":953760,"hostname":"wina-LOQ-16IRH8","reqId":"req-e","req":{"method":"POST","url":"/v1/auth/select-organization","host":"localhost:80","remoteAddress":"127.0.0.1"},"msg":"incoming request"}
@serpvera/api:test: {"timestamp":"2026-10-07T16:28:52.048Z","level":"info","message":"Organization selected","organizationId":"47442665-4d6b-4219-a73b-da401fd28615","context":{"userId":"cfa03096-a606-4b20-a009-647d472540e7","organizationId":"47442665-4d6b-4219-a73b-da401fd28615"}}
@serpvera/api:test: {"level":30,"time":1791390532048,"pid":953760,"hostname":"wina-LOQ-16IRH8","reqId":"req-e","res":{"statusCode":200},"responseTime":4.599264000000005,"msg":"request completed"}
@serpvera/api:test: {"level":30,"time":1791390532049,"pid":953760,"hostname":"wina-LOQ-16IRH8","reqId":"req-f","req":{"method":"GET","url":"/v1/auth/me","host":"localhost:80","remoteAddress":"127.0.0.1"},"msg":"incoming request"}
@serpvera/api:test: {"level":30,"time":1791390532049,"pid":953760,"hostname":"wina-LOQ-16IRH8","reqId":"req-f","res":{"statusCode":401},"responseTime":0.31444299999998293,"msg":"request completed"}
@serpvera/api:test: {"level":30,"time":1791390532049,"pid":953760,"hostname":"wina-LOQ-16IRH8","reqId":"req-g","req":{"method":"GET","url":"/v1/auth/me","host":"localhost:80","remoteAddress":"127.0.0.1"},"msg":"incoming request"}
@serpvera/api:test: {"level":30,"time":1791390532050,"pid":953760,"hostname":"wina-LOQ-16IRH8","reqId":"req-g","res":{"statusCode":200},"responseTime":0.5626310000000103,"msg":"request completed"}
@serpvera/api:test: {"level":30,"time":1791390532050,"pid":953760,"hostname":"wina-LOQ-16IRH8","reqId":"req-h","req":{"method":"POST","url":"/v1/projects","host":"localhost:80","remoteAddress":"127.0.0.1"},"msg":"incoming request"}
@serpvera/api:test: {"level":30,"time":1791390532053,"pid":953760,"hostname":"wina-LOQ-16IRH8","reqId":"req-h","res":{"statusCode":201},"responseTime":3.7717839999999683,"msg":"request completed"}
@serpvera/api:test:   ✔ select-organization ROTATES the token — old cookie dies, new one carries the tenant (46.811691ms)
@serpvera/api:test: {"level":30,"time":1791390532054,"pid":953760,"hostname":"wina-LOQ-16IRH8","reqId":"req-i","req":{"method":"POST","url":"/v1/auth/register","host":"localhost:80","remoteAddress":"127.0.0.1"},"msg":"incoming request"}
@serpvera/api:test: {"timestamp":"2026-10-07T16:28:52.086Z","level":"info","message":"User registered","context":{"userId":"c687a7bd-7f04-456f-b82c-855edf908960"}}
@serpvera/api:test: {"level":30,"time":1791390532086,"pid":953760,"hostname":"wina-LOQ-16IRH8","reqId":"req-i","res":{"statusCode":201},"responseTime":31.796501000000035,"msg":"request completed"}
@serpvera/api:test: {"level":30,"time":1791390532086,"pid":953760,"hostname":"wina-LOQ-16IRH8","reqId":"req-j","req":{"method":"GET","url":"/v1/auth/me","host":"localhost:80","remoteAddress":"127.0.0.1"},"msg":"incoming request"}
@serpvera/api:test: {"level":30,"time":1791390532087,"pid":953760,"hostname":"wina-LOQ-16IRH8","reqId":"req-j","res":{"statusCode":200},"responseTime":1.0136620000000676,"msg":"request completed"}
@serpvera/api:test: {"level":30,"time":1791390532090,"pid":953760,"hostname":"wina-LOQ-16IRH8","reqId":"req-k","req":{"method":"GET","url":"/v1/auth/me","host":"localhost:80","remoteAddress":"127.0.0.1"},"msg":"incoming request"}
@serpvera/api:test: {"level":30,"time":1791390532091,"pid":953760,"hostname":"wina-LOQ-16IRH8","reqId":"req-k","res":{"statusCode":401},"responseTime":0.8343429999999898,"msg":"request completed"}
@serpvera/api:test:   ✔ an EXPIRED session is rejected server-side even though the cookie is still present (36.884036ms)
@serpvera/api:test: ✔ server-side session revocation (real PostgreSQL) (319.402234ms)
@serpvera/api:test: {"level":40,"time":1791390542523,"pid":953837,"hostname":"wina-LOQ-16IRH8","driver":"memory","msg":"store driver: MEMORY — no persistence (test/fixture use only; set STORE_DRIVER=postgres for durable runs)"}
@serpvera/api:test: {"level":30,"time":1791390542571,"pid":953837,"hostname":"wina-LOQ-16IRH8","reqId":"req-1","req":{"method":"POST","url":"/v1/public-scans","host":"localhost:80","remoteAddress":"127.0.0.1"},"msg":"incoming request"}
@serpvera/api:test: {"timestamp":"2026-10-07T16:29:02.581Z","level":"warn","message":"Public scan rejected by SSRF guard","context":{"jobType":"public-scan","error":"SSRF blocked: IPv4 loopback (127.0.0.0/8) (https://127.0.0.1/)"}}
@serpvera/api:test: {"level":30,"time":1791390542584,"pid":953837,"hostname":"wina-LOQ-16IRH8","reqId":"req-1","res":{"statusCode":400},"responseTime":13.199394999999981,"msg":"request completed"}
@serpvera/api:test: {"level":30,"time":1791390542585,"pid":953837,"hostname":"wina-LOQ-16IRH8","reqId":"req-2","req":{"method":"POST","url":"/v1/public-scans","host":"localhost:80","remoteAddress":"127.0.0.1"},"msg":"incoming request"}
@serpvera/api:test: {"timestamp":"2026-10-07T16:29:02.586Z","level":"warn","message":"Public scan rejected by SSRF guard","context":{"jobType":"public-scan","error":"SSRF blocked: IPv4 loopback (127.0.0.0/8) (https://127.0.0.1:8080/)"}}
@serpvera/api:test: {"level":30,"time":1791390542586,"pid":953837,"hostname":"wina-LOQ-16IRH8","reqId":"req-2","res":{"statusCode":400},"responseTime":1.3724980000000073,"msg":"request completed"}
@serpvera/api:test: {"level":30,"time":1791390542587,"pid":953837,"hostname":"wina-LOQ-16IRH8","reqId":"req-3","req":{"method":"POST","url":"/v1/public-scans","host":"localhost:80","remoteAddress":"127.0.0.1"},"msg":"incoming request"}
@serpvera/api:test: {"timestamp":"2026-10-07T16:29:02.587Z","level":"warn","message":"Public scan rejected by SSRF guard","context":{"jobType":"public-scan","error":"SSRF blocked: IPv4 loopback (127.0.0.0/8) (http://127.0.0.1:8080/admin)"}}
@serpvera/api:test: {"level":30,"time":1791390542588,"pid":953837,"hostname":"wina-LOQ-16IRH8","reqId":"req-3","res":{"statusCode":400},"responseTime":0.8092760000000112,"msg":"request completed"}
@serpvera/api:test: {"level":30,"time":1791390542588,"pid":953837,"hostname":"wina-LOQ-16IRH8","reqId":"req-4","req":{"method":"POST","url":"/v1/public-scans","host":"localhost:80","remoteAddress":"127.0.0.1"},"msg":"incoming request"}
@serpvera/api:test: {"timestamp":"2026-10-07T16:29:02.588Z","level":"warn","message":"Public scan rejected by SSRF guard","context":{"jobType":"public-scan","error":"SSRF blocked: Blocked hostname: localhost (https://localhost/)"}}
@serpvera/api:test: {"level":30,"time":1791390542589,"pid":953837,"hostname":"wina-LOQ-16IRH8","reqId":"req-4","res":{"statusCode":400},"responseTime":0.7191559999999981,"msg":"request completed"}
@serpvera/api:test: {"level":30,"time":1791390542589,"pid":953837,"hostname":"wina-LOQ-16IRH8","reqId":"req-5","req":{"method":"POST","url":"/v1/public-scans","host":"localhost:80","remoteAddress":"127.0.0.1"},"msg":"incoming request"}
@serpvera/api:test: {"timestamp":"2026-10-07T16:29:02.589Z","level":"warn","message":"Public scan rejected by SSRF guard","context":{"jobType":"public-scan","error":"SSRF blocked: RFC1918 Class A (10.0.0.0/8) (https://10.0.0.1/)"}}
@serpvera/api:test: {"level":30,"time":1791390542590,"pid":953837,"hostname":"wina-LOQ-16IRH8","reqId":"req-5","res":{"statusCode":400},"responseTime":0.7346049999999877,"msg":"request completed"}
@serpvera/api:test: {"level":30,"time":1791390542590,"pid":953837,"hostname":"wina-LOQ-16IRH8","reqId":"req-6","req":{"method":"POST","url":"/v1/public-scans","host":"localhost:80","remoteAddress":"127.0.0.1"},"msg":"incoming request"}
@serpvera/api:test: {"timestamp":"2026-10-07T16:29:02.590Z","level":"warn","message":"Public scan rejected by SSRF guard","context":{"jobType":"public-scan","error":"SSRF blocked: RFC1918 Class C (192.168.0.0/16) (https://192.168.1.1/)"}}
@serpvera/api:test: {"level":30,"time":1791390542591,"pid":953837,"hostname":"wina-LOQ-16IRH8","reqId":"req-6","res":{"statusCode":400},"responseTime":0.7085769999999911,"msg":"request completed"}
@serpvera/api:test: {"level":30,"time":1791390542591,"pid":953837,"hostname":"wina-LOQ-16IRH8","reqId":"req-7","req":{"method":"POST","url":"/v1/public-scans","host":"localhost:80","remoteAddress":"127.0.0.1"},"msg":"incoming request"}
@serpvera/api:test: {"timestamp":"2026-10-07T16:29:02.591Z","level":"warn","message":"Public scan rejected by SSRF guard","context":{"jobType":"public-scan","error":"SSRF blocked: RFC1918 Class B (172.16.0.0/12) (https://172.16.0.1/)"}}
@serpvera/api:test: {"level":30,"time":1791390542591,"pid":953837,"hostname":"wina-LOQ-16IRH8","reqId":"req-7","res":{"statusCode":400},"responseTime":0.6028670000000034,"msg":"request completed"}
@serpvera/api:test: {"level":30,"time":1791390542592,"pid":953837,"hostname":"wina-LOQ-16IRH8","reqId":"req-8","req":{"method":"POST","url":"/v1/public-scans","host":"localhost:80","remoteAddress":"127.0.0.1"},"msg":"incoming request"}
@serpvera/api:test: {"timestamp":"2026-10-07T16:29:02.592Z","level":"warn","message":"Public scan rejected by SSRF guard","context":{"jobType":"public-scan","error":"SSRF blocked: Blocked hostname: 169.254.169.254 (https://169.254.169.254/)"}}
@serpvera/api:test: {"level":30,"time":1791390542592,"pid":953837,"hostname":"wina-LOQ-16IRH8","reqId":"req-8","res":{"statusCode":400},"responseTime":0.6064739999999915,"msg":"request completed"}
@serpvera/api:test: {"level":30,"time":1791390542592,"pid":953837,"hostname":"wina-LOQ-16IRH8","reqId":"req-9","req":{"method":"POST","url":"/v1/public-scans","host":"localhost:80","remoteAddress":"127.0.0.1"},"msg":"incoming request"}
@serpvera/api:test: {"timestamp":"2026-10-07T16:29:02.593Z","level":"warn","message":"Public scan rejected by SSRF guard","context":{"jobType":"public-scan","error":"SSRF blocked: Unspecified (0.0.0.0/8) (https://0.0.0.0/)"}}
@serpvera/api:test: {"level":30,"time":1791390542593,"pid":953837,"hostname":"wina-LOQ-16IRH8","reqId":"req-9","res":{"statusCode":400},"responseTime":0.6471310000000017,"msg":"request completed"}
@serpvera/api:test: {"level":30,"time":1791390542593,"pid":953837,"hostname":"wina-LOQ-16IRH8","reqId":"req-a","req":{"method":"POST","url":"/v1/public-scans","host":"localhost:80","remoteAddress":"127.0.0.1"},"msg":"incoming request"}
@serpvera/api:test: {"timestamp":"2026-10-07T16:29:02.594Z","level":"warn","message":"Public scan rejected by SSRF guard","context":{"jobType":"public-scan","error":"SSRF blocked: CGNAT (100.64.0.0/10) (https://100.64.0.1/)"}}
@serpvera/api:test: {"level":30,"time":1791390542594,"pid":953837,"hostname":"wina-LOQ-16IRH8","reqId":"req-a","res":{"statusCode":400},"responseTime":0.79761400000001,"msg":"request completed"}
@serpvera/api:test: {"level":30,"time":1791390542594,"pid":953837,"hostname":"wina-LOQ-16IRH8","reqId":"req-b","req":{"method":"POST","url":"/v1/public-scans","host":"localhost:80","remoteAddress":"127.0.0.1"},"msg":"incoming request"}
@serpvera/api:test: {"timestamp":"2026-10-07T16:29:02.595Z","level":"warn","message":"Public scan rejected by SSRF guard","context":{"jobType":"public-scan","error":"SSRF blocked: Multicast (224.0.0.0/4) (https://224.0.0.1/)"}}
@serpvera/api:test: ▶ ssrf-integration
@serpvera/api:test:   ✔ rejects all SSRF payloads before any network request (33.203605ms)
@serpvera/api:test: {"level":30,"time":1791390542595,"pid":953837,"hostname":"wina-LOQ-16IRH8","reqId":"req-b","res":{"statusCode":400},"responseTime":0.8137350000000083,"msg":"request completed"}
@serpvera/api:test: {"level":30,"time":1791390542597,"pid":953837,"hostname":"wina-LOQ-16IRH8","reqId":"req-c","req":{"method":"POST","url":"/v1/public-scans","host":"localhost:80","remoteAddress":"127.0.0.1"},"msg":"incoming request"}
@serpvera/api:test: {"timestamp":"2026-10-07T16:29:02.606Z","level":"info","message":"Scan completed","traceId":"49d5ef6f-9a5e-4586-9dba-335e365b20cf","context":{"jobType":"public-scan","traceId":"49d5ef6f-9a5e-4586-9dba-335e365b20cf","domain":"https://example.com/","status":"completed","findingCount":1,"httpStatus":200}}
@serpvera/api:test: {"level":30,"time":1791390542603,"pid":953837,"hostname":"wina-LOQ-16IRH8","reqId":"req-c","res":{"statusCode":201},"responseTime":6.390663000000018,"msg":"request completed"}
@serpvera/api:test: {"level":30,"time":1791390542606,"pid":953837,"hostname":"wina-LOQ-16IRH8","reqId":"req-d","req":{"method":"POST","url":"/v1/public-scans","host":"localhost:80","remoteAddress":"127.0.0.1"},"msg":"incoming request"}
@serpvera/api:test: {"timestamp":"2026-10-07T16:29:02.607Z","level":"info","message":"Scan completed","traceId":"6597e0ec-919b-4f48-a64c-3771d986a546","context":{"jobType":"public-scan","traceId":"6597e0ec-919b-4f48-a64c-3771d986a546","domain":"https://www.github.com/","status":"completed","findingCount":1,"httpStatus":200}}
@serpvera/api:test:   ✔ accepts safe public domains (11.224761ms)
@serpvera/api:test: {"level":30,"time":1791390542607,"pid":953837,"hostname":"wina-LOQ-16IRH8","reqId":"req-d","res":{"statusCode":201},"responseTime":0.5569300000000226,"msg":"request completed"}
@serpvera/api:test: {"level":30,"time":1791390542608,"pid":953837,"hostname":"wina-LOQ-16IRH8","reqId":"req-e","req":{"method":"POST","url":"/v1/public-scans","host":"localhost:80","remoteAddress":"127.0.0.1"},"msg":"incoming request"}
@serpvera/api:test: {"timestamp":"2026-10-07T16:29:02.609Z","level":"info","message":"Scan completed","traceId":"ed61b839-a055-45fb-b7d5-f9a297649654","context":{"jobType":"public-scan","traceId":"ed61b839-a055-45fb-b7d5-f9a297649654","domain":"https://www.github.com/features/actions?source=winseo","status":"completed","findingCount":2,"httpStatus":200}}
@serpvera/api:test:   ✔ accepts a complete public page URL and preserves its path and query (2.582401ms)
@serpvera/api:test:   ✔ scan status endpoint returns 404 for unknown scan (1.001779ms)
@serpvera/api:test: ✔ ssrf-integration (149.546219ms)
@serpvera/api:test: {"level":30,"time":1791390542609,"pid":953837,"hostname":"wina-LOQ-16IRH8","reqId":"req-e","res":{"statusCode":201},"responseTime":0.819074999999998,"msg":"request completed"}
@serpvera/api:test: {"level":30,"time":1791390542609,"pid":953837,"hostname":"wina-LOQ-16IRH8","reqId":"req-f","req":{"method":"GET","url":"/v1/public-scans/ab5dd335-1307-4f23-b400-7b06246a9449","host":"localhost:80","remoteAddress":"127.0.0.1"},"msg":"incoming request"}
@serpvera/api:test: {"level":30,"time":1791390542610,"pid":953837,"hostname":"wina-LOQ-16IRH8","reqId":"req-f","res":{"statusCode":200},"responseTime":0.8243150000000128,"msg":"request completed"}
@serpvera/api:test: {"level":30,"time":1791390542611,"pid":953837,"hostname":"wina-LOQ-16IRH8","reqId":"req-g","req":{"method":"GET","url":"/v1/public-scans/00000000-0000-0000-0000-000000000000","host":"localhost:80","remoteAddress":"127.0.0.1"},"msg":"incoming request"}
@serpvera/api:test: {"level":30,"time":1791390542611,"pid":953837,"hostname":"wina-LOQ-16IRH8","reqId":"req-g","res":{"statusCode":404},"responseTime":0.54243299999996,"msg":"request completed"}
@serpvera/api:test: {"level":40,"time":1791390542920,"pid":953849,"hostname":"wina-LOQ-16IRH8","driver":"memory","msg":"store driver: MEMORY — no persistence (test/fixture use only; set STORE_DRIVER=postgres for durable runs)"}
@serpvera/api:test: {"level":30,"time":1791390542954,"pid":953849,"hostname":"wina-LOQ-16IRH8","reqId":"req-1","req":{"method":"POST","url":"/v1/auth/register","host":"localhost:80","remoteAddress":"127.0.0.1"},"msg":"incoming request"}
@serpvera/api:test: {"timestamp":"2026-10-07T16:29:02.996Z","level":"info","message":"User registered","context":{"userId":"52d86aa7-8cdd-4e48-bdb0-1574b6161332"}}
@serpvera/api:test: {"level":30,"time":1791390542998,"pid":953849,"hostname":"wina-LOQ-16IRH8","reqId":"req-1","res":{"statusCode":201},"responseTime":43.390558999999996,"msg":"request completed"}
@serpvera/api:test: {"level":30,"time":1791390542999,"pid":953849,"hostname":"wina-LOQ-16IRH8","reqId":"req-2","req":{"method":"POST","url":"/v1/auth/register","host":"localhost:80","remoteAddress":"127.0.0.1"},"msg":"incoming request"}
@serpvera/api:test: {"timestamp":"2026-10-07T16:29:03.034Z","level":"info","message":"User registered","context":{"userId":"9c020309-ef81-405c-9333-7554537e1f83"}}
@serpvera/api:test: {"level":30,"time":1791390543035,"pid":953849,"hostname":"wina-LOQ-16IRH8","reqId":"req-2","res":{"statusCode":201},"responseTime":36.169299000000024,"msg":"request completed"}
@serpvera/api:test: {"timestamp":"2026-10-07T16:29:03.036Z","level":"info","message":"Organization created","organizationId":"0024565a-b827-447e-981c-e92ed72d3ad4","context":{"organizationId":"0024565a-b827-447e-981c-e92ed72d3ad4","userId":"52d86aa7-8cdd-4e48-bdb0-1574b6161332"}}
@serpvera/api:test: {"level":30,"time":1791390543035,"pid":953849,"hostname":"wina-LOQ-16IRH8","reqId":"req-3","req":{"method":"POST","url":"/v1/organizations","host":"localhost:80","remoteAddress":"127.0.0.1"},"msg":"incoming request"}
@serpvera/api:test: {"level":30,"time":1791390543036,"pid":953849,"hostname":"wina-LOQ-16IRH8","reqId":"req-3","res":{"statusCode":201},"responseTime":1.127175999999963,"msg":"request completed"}
@serpvera/api:test: {"level":30,"time":1791390543037,"pid":953849,"hostname":"wina-LOQ-16IRH8","reqId":"req-4","req":{"method":"POST","url":"/v1/organizations","host":"localhost:80","remoteAddress":"127.0.0.1"},"msg":"incoming request"}
@serpvera/api:test: {"timestamp":"2026-10-07T16:29:03.037Z","level":"info","message":"Organization created","organizationId":"c85d7819-afd7-457b-891e-974553010c5c","context":{"organizationId":"c85d7819-afd7-457b-891e-974553010c5c","userId":"9c020309-ef81-405c-9333-7554537e1f83"}}
@serpvera/api:test: ▶ tenant-isolation
@serpvera/api:test:   ✔ user A cannot access user B's organization (92.267055ms)
@serpvera/api:test:   ✔ unauthenticated request cannot access organizations (0.60435ms)
@serpvera/api:test: {"level":30,"time":1791390543037,"pid":953849,"hostname":"wina-LOQ-16IRH8","reqId":"req-4","res":{"statusCode":201},"responseTime":0.7484120000000303,"msg":"request completed"}
@serpvera/api:test: {"level":30,"time":1791390543038,"pid":953849,"hostname":"wina-LOQ-16IRH8","reqId":"req-5","req":{"method":"GET","url":"/v1/organizations/0024565a-b827-447e-981c-e92ed72d3ad4","host":"localhost:80","remoteAddress":"127.0.0.1"},"msg":"incoming request"}
@serpvera/api:test: {"level":30,"time":1791390543038,"pid":953849,"hostname":"wina-LOQ-16IRH8","reqId":"req-5","res":{"statusCode":404},"responseTime":0.581436999999994,"msg":"request completed"}
@serpvera/api:test: {"level":30,"time":1791390543039,"pid":953849,"hostname":"wina-LOQ-16IRH8","reqId":"req-6","req":{"method":"GET","url":"/v1/organizations/any-id","host":"localhost:80","remoteAddress":"127.0.0.1"},"msg":"incoming request"}
@serpvera/api:test: {"level":30,"time":1791390543039,"pid":953849,"hostname":"wina-LOQ-16IRH8","reqId":"req-6","res":{"statusCode":401},"responseTime":0.1798989999999776,"msg":"request completed"}
@serpvera/api:test: {"level":30,"time":1791390543040,"pid":953849,"hostname":"wina-LOQ-16IRH8","reqId":"req-7","req":{"method":"POST","url":"/v1/auth/register","host":"localhost:80","remoteAddress":"127.0.0.1"},"msg":"incoming request"}
@serpvera/api:test: {"timestamp":"2026-10-07T16:29:03.065Z","level":"info","message":"User registered","context":{"userId":"e279d1c5-4396-44c4-bb63-194bc034306d"}}
@serpvera/api:test: {"level":30,"time":1791390543066,"pid":953849,"hostname":"wina-LOQ-16IRH8","reqId":"req-7","res":{"statusCode":201},"responseTime":25.98478,"msg":"request completed"}
@serpvera/api:test: {"timestamp":"2026-10-07T16:29:03.067Z","level":"info","message":"Organization created","organizationId":"0288cc4c-2eb1-451e-a2eb-71e7453a9bbd","context":{"organizationId":"0288cc4c-2eb1-451e-a2eb-71e7453a9bbd","userId":"e279d1c5-4396-44c4-bb63-194bc034306d"}}
@serpvera/api:test:   ✔ cannot guess another user's organization ID (28.385087ms)
@serpvera/api:test: {"level":30,"time":1791390543066,"pid":953849,"hostname":"wina-LOQ-16IRH8","reqId":"req-8","req":{"method":"POST","url":"/v1/organizations","host":"localhost:80","remoteAddress":"127.0.0.1"},"msg":"incoming request"}
@serpvera/api:test: {"level":30,"time":1791390543067,"pid":953849,"hostname":"wina-LOQ-16IRH8","reqId":"req-8","res":{"statusCode":201},"responseTime":0.551210000000026,"msg":"request completed"}
@serpvera/api:test: {"level":30,"time":1791390543067,"pid":953849,"hostname":"wina-LOQ-16IRH8","reqId":"req-9","req":{"method":"GET","url":"/v1/organizations/0288cc4c-2eb1-451e-a2eb-71e7453a9bbd","host":"localhost:80","remoteAddress":"127.0.0.1"},"msg":"incoming request"}
@serpvera/api:test: {"level":30,"time":1791390543067,"pid":953849,"hostname":"wina-LOQ-16IRH8","reqId":"req-9","res":{"statusCode":200},"responseTime":0.4984309999999823,"msg":"request completed"}
@serpvera/api:test: {"level":30,"time":1791390543068,"pid":953849,"hostname":"wina-LOQ-16IRH8","reqId":"req-a","req":{"method":"GET","url":"/v1/organizations/0288cc4c-2eb1-451e-a2eb-71e7453a9bbd","host":"localhost:80","remoteAddress":"127.0.0.1"},"msg":"incoming request"}
@serpvera/api:test: {"level":30,"time":1791390543068,"pid":953849,"hostname":"wina-LOQ-16IRH8","reqId":"req-a","res":{"statusCode":401},"responseTime":0.1678670000000011,"msg":"request completed"}
@serpvera/api:test: {"level":30,"time":1791390543068,"pid":953849,"hostname":"wina-LOQ-16IRH8","reqId":"req-b","req":{"method":"POST","url":"/v1/auth/register","host":"localhost:80","remoteAddress":"127.0.0.1"},"msg":"incoming request"}
@serpvera/api:test: {"timestamp":"2026-10-07T16:29:03.103Z","level":"info","message":"User registered","context":{"userId":"eadfc88c-b4cf-45af-b60a-88b612fc26d7"}}
@serpvera/api:test: {"level":30,"time":1791390543103,"pid":953849,"hostname":"wina-LOQ-16IRH8","reqId":"req-b","res":{"statusCode":201},"responseTime":34.856021,"msg":"request completed"}
@serpvera/api:test:   ✔ auth/me returns logged-in user correctly (35.824047ms)
@serpvera/api:test:   ✔ auth/me without session returns 401 (0.47698ms)
@serpvera/api:test: {"level":30,"time":1791390543103,"pid":953849,"hostname":"wina-LOQ-16IRH8","reqId":"req-c","req":{"method":"GET","url":"/v1/auth/me","host":"localhost:80","remoteAddress":"127.0.0.1"},"msg":"incoming request"}
@serpvera/api:test: {"level":30,"time":1791390543104,"pid":953849,"hostname":"wina-LOQ-16IRH8","reqId":"req-c","res":{"statusCode":200},"responseTime":0.2134720000000243,"msg":"request completed"}
@serpvera/api:test: {"level":30,"time":1791390543104,"pid":953849,"hostname":"wina-LOQ-16IRH8","reqId":"req-d","req":{"method":"GET","url":"/v1/auth/me","host":"localhost:80","remoteAddress":"127.0.0.1"},"msg":"incoming request"}
@serpvera/api:test: {"level":30,"time":1791390543104,"pid":953849,"hostname":"wina-LOQ-16IRH8","reqId":"req-d","res":{"statusCode":401},"responseTime":0.11318299999999226,"msg":"request completed"}
@serpvera/api:test: {"level":30,"time":1791390543105,"pid":953849,"hostname":"wina-LOQ-16IRH8","reqId":"req-e","req":{"method":"POST","url":"/v1/auth/register","host":"localhost:80","remoteAddress":"127.0.0.1"},"msg":"incoming request"}
@serpvera/api:test: {"timestamp":"2026-10-07T16:29:03.137Z","level":"info","message":"User registered","context":{"userId":"39bb9cbf-48f0-4c25-827b-c71ee8931c89"}}
@serpvera/api:test: {"level":30,"time":1791390543137,"pid":953849,"hostname":"wina-LOQ-16IRH8","reqId":"req-e","res":{"statusCode":201},"responseTime":32.868583,"msg":"request completed"}
@serpvera/api:test:   ✔ logout clears session (33.996791ms)
@serpvera/api:test: ✔ tenant-isolation (259.876664ms)
@serpvera/api:test: {"level":30,"time":1791390543138,"pid":953849,"hostname":"wina-LOQ-16IRH8","reqId":"req-f","req":{"method":"POST","url":"/v1/auth/logout","host":"localhost:80","remoteAddress":"127.0.0.1"},"msg":"incoming request"}
@serpvera/api:test: {"level":30,"time":1791390543138,"pid":953849,"hostname":"wina-LOQ-16IRH8","reqId":"req-f","res":{"statusCode":200},"responseTime":0.36154200000004266,"msg":"request completed"}
@serpvera/api:test: {"level":30,"time":1791390543425,"pid":953861,"hostname":"wina-LOQ-16IRH8","driver":"postgres","role":"serpvera_app","msg":"store driver: postgres — persistence + RLS enforced"}
@serpvera/api:test: {"level":30,"time":1791390543455,"pid":953861,"hostname":"wina-LOQ-16IRH8","reqId":"req-1","req":{"method":"POST","url":"/v1/auth/register","host":"localhost:80","remoteAddress":"127.0.0.1"},"msg":"incoming request"}
@serpvera/api:test: {"timestamp":"2026-10-07T16:29:03.515Z","level":"info","message":"User registered","context":{"userId":"850750db-d53a-4345-8223-092181795ed8"}}
@serpvera/api:test: {"level":30,"time":1791390543517,"pid":953861,"hostname":"wina-LOQ-16IRH8","reqId":"req-1","res":{"statusCode":201},"responseTime":61.86694799999998,"msg":"request completed"}
@serpvera/api:test: {"level":30,"time":1791390543518,"pid":953861,"hostname":"wina-LOQ-16IRH8","reqId":"req-2","req":{"method":"POST","url":"/v1/organizations","host":"localhost:80","remoteAddress":"127.0.0.1"},"msg":"incoming request"}
@serpvera/api:test: {"timestamp":"2026-10-07T16:29:03.522Z","level":"info","message":"Organization created","organizationId":"d87b3f8a-0ea1-4443-9687-6985b7c9c6e8","context":{"organizationId":"d87b3f8a-0ea1-4443-9687-6985b7c9c6e8","userId":"850750db-d53a-4345-8223-092181795ed8"}}
@serpvera/api:test: {"level":30,"time":1791390543523,"pid":953861,"hostname":"wina-LOQ-16IRH8","reqId":"req-2","res":{"statusCode":201},"responseTime":4.815302000000031,"msg":"request completed"}
@serpvera/api:test: {"level":30,"time":1791390543523,"pid":953861,"hostname":"wina-LOQ-16IRH8","reqId":"req-3","req":{"method":"POST","url":"/v1/auth/select-organization","host":"localhost:80","remoteAddress":"127.0.0.1"},"msg":"incoming request"}
@serpvera/api:test: {"timestamp":"2026-10-07T16:29:03.528Z","level":"info","message":"Organization selected","organizationId":"d87b3f8a-0ea1-4443-9687-6985b7c9c6e8","context":{"userId":"850750db-d53a-4345-8223-092181795ed8","organizationId":"d87b3f8a-0ea1-4443-9687-6985b7c9c6e8"}}
@serpvera/api:test: {"level":30,"time":1791390543528,"pid":953861,"hostname":"wina-LOQ-16IRH8","reqId":"req-3","res":{"statusCode":200},"responseTime":5.44076199999995,"msg":"request completed"}
@serpvera/api:test: {"level":30,"time":1791390543529,"pid":953861,"hostname":"wina-LOQ-16IRH8","reqId":"req-4","req":{"method":"POST","url":"/v1/projects","host":"localhost:80","remoteAddress":"127.0.0.1"},"msg":"incoming request"}
@serpvera/api:test: {"level":30,"time":1791390543533,"pid":953861,"hostname":"wina-LOQ-16IRH8","reqId":"req-4","res":{"statusCode":201},"responseTime":3.9287499999999795,"msg":"request completed"}
@serpvera/api:test: {"level":30,"time":1791390543533,"pid":953861,"hostname":"wina-LOQ-16IRH8","reqId":"req-5","req":{"method":"POST","url":"/v1/projects/5c5fcd26-3e71-4e7a-bf12-b29e304c0272/crawl-runs","host":"localhost:80","remoteAddress":"127.0.0.1"},"msg":"incoming request"}
@serpvera/api:test: {"level":30,"time":1791390543541,"pid":953861,"hostname":"wina-LOQ-16IRH8","reqId":"req-5","res":{"statusCode":201},"responseTime":8.423698000000002,"msg":"request completed"}
@serpvera/api:test: {"timestamp":"2026-10-07T16:29:03.554Z","level":"info","message":"Project crawl completed","traceId":"816f782f-9389-4770-8c6b-654c2ffea6b7","organizationId":"d87b3f8a-0ea1-4443-9687-6985b7c9c6e8","projectId":"5c5fcd26-3e71-4e7a-bf12-b29e304c0272","context":{"jobType":"project-crawl","traceId":"816f782f-9389-4770-8c6b-654c2ffea6b7","organizationId":"d87b3f8a-0ea1-4443-9687-6985b7c9c6e8","projectId":"5c5fcd26-3e71-4e7a-bf12-b29e304c0272","status":"completed","findingCount":1}}
@serpvera/api:test: {"level":30,"time":1791390544044,"pid":953861,"hostname":"wina-LOQ-16IRH8","reqId":"req-6","req":{"method":"GET","url":"/v1/projects/5c5fcd26-3e71-4e7a-bf12-b29e304c0272/findings","host":"localhost:80","remoteAddress":"127.0.0.1"},"msg":"incoming request"}
@serpvera/api:test: {"level":30,"time":1791390544048,"pid":953861,"hostname":"wina-LOQ-16IRH8","reqId":"req-6","res":{"statusCode":200},"responseTime":3.846213999999918,"msg":"request completed"}
@serpvera/api:test: {"level":30,"time":1791390544048,"pid":953861,"hostname":"wina-LOQ-16IRH8","reqId":"req-7","req":{"method":"GET","url":"/v1/projects/5c5fcd26-3e71-4e7a-bf12-b29e304c0272/evidence","host":"localhost:80","remoteAddress":"127.0.0.1"},"msg":"incoming request"}
@serpvera/api:test: {"level":30,"time":1791390544050,"pid":953861,"hostname":"wina-LOQ-16IRH8","reqId":"req-7","res":{"statusCode":200},"responseTime":2.0562179999999444,"msg":"request completed"}
@serpvera/api:test: {"level":30,"time":1791390544051,"pid":953861,"hostname":"wina-LOQ-16IRH8","reqId":"req-8","req":{"method":"GET","url":"/v1/projects/5c5fcd26-3e71-4e7a-bf12-b29e304c0272/crawl-runs","host":"localhost:80","remoteAddress":"127.0.0.1"},"msg":"incoming request"}
@serpvera/api:test: {"level":30,"time":1791390544053,"pid":953861,"hostname":"wina-LOQ-16IRH8","reqId":"req-8","res":{"statusCode":200},"responseTime":2.6126279999999724,"msg":"request completed"}
@serpvera/api:test: {"level":30,"time":1791390544053,"pid":953861,"hostname":"wina-LOQ-16IRH8","reqId":"req-9","req":{"method":"POST","url":"/v1/auth/register","host":"localhost:80","remoteAddress":"127.0.0.1"},"msg":"incoming request"}
@serpvera/api:test: {"timestamp":"2026-10-07T16:29:04.093Z","level":"info","message":"User registered","context":{"userId":"92c8dce7-70df-4fa2-9198-c225cd1caabf"}}
@serpvera/api:test: {"level":30,"time":1791390544093,"pid":953861,"hostname":"wina-LOQ-16IRH8","reqId":"req-9","res":{"statusCode":201},"responseTime":39.45215100000007,"msg":"request completed"}
@serpvera/api:test: {"level":30,"time":1791390544094,"pid":953861,"hostname":"wina-LOQ-16IRH8","reqId":"req-a","req":{"method":"POST","url":"/v1/organizations","host":"localhost:80","remoteAddress":"127.0.0.1"},"msg":"incoming request"}
@serpvera/api:test: {"timestamp":"2026-10-07T16:29:04.097Z","level":"info","message":"Organization created","organizationId":"4f605e48-f976-45ef-bc2f-479547d71f49","context":{"organizationId":"4f605e48-f976-45ef-bc2f-479547d71f49","userId":"92c8dce7-70df-4fa2-9198-c225cd1caabf"}}
@serpvera/api:test: {"level":30,"time":1791390544097,"pid":953861,"hostname":"wina-LOQ-16IRH8","reqId":"req-a","res":{"statusCode":201},"responseTime":3.3298209999999244,"msg":"request completed"}
@serpvera/api:test: {"level":30,"time":1791390544097,"pid":953861,"hostname":"wina-LOQ-16IRH8","reqId":"req-b","req":{"method":"POST","url":"/v1/auth/select-organization","host":"localhost:80","remoteAddress":"127.0.0.1"},"msg":"incoming request"}
@serpvera/api:test: {"timestamp":"2026-10-07T16:29:04.100Z","level":"info","message":"Organization selected","organizationId":"4f605e48-f976-45ef-bc2f-479547d71f49","context":{"userId":"92c8dce7-70df-4fa2-9198-c225cd1caabf","organizationId":"4f605e48-f976-45ef-bc2f-479547d71f49"}}
@serpvera/api:test: {"level":30,"time":1791390544100,"pid":953861,"hostname":"wina-LOQ-16IRH8","reqId":"req-b","res":{"statusCode":200},"responseTime":3.335892000000058,"msg":"request completed"}
@serpvera/api:test: {"level":30,"time":1791390544102,"pid":953861,"hostname":"wina-LOQ-16IRH8","reqId":"req-c","req":{"method":"GET","url":"/v1/projects","host":"localhost:80","remoteAddress":"127.0.0.1"},"msg":"incoming request"}
@serpvera/api:test: {"level":30,"time":1791390544104,"pid":953861,"hostname":"wina-LOQ-16IRH8","reqId":"req-c","res":{"statusCode":200},"responseTime":2.109589000000028,"msg":"request completed"}
@serpvera/api:test: {"level":30,"time":1791390544104,"pid":953861,"hostname":"wina-LOQ-16IRH8","reqId":"req-d","req":{"method":"GET","url":"/v1/projects","host":"localhost:80","remoteAddress":"127.0.0.1"},"msg":"incoming request"}
@serpvera/api:test: {"level":30,"time":1791390544105,"pid":953861,"hostname":"wina-LOQ-16IRH8","reqId":"req-d","res":{"statusCode":200},"responseTime":1.1772899999999709,"msg":"request completed"}
@serpvera/api:test: ▶ workspace/Evidence-Ledger endpoints (real PostgreSQL)
@serpvera/api:test:   ✔ GET /v1/projects lists only the active org's projects (4.635794ms)
@serpvera/api:test: {"level":30,"time":1791390544107,"pid":953861,"hostname":"wina-LOQ-16IRH8","reqId":"req-e","req":{"method":"GET","url":"/v1/projects/5c5fcd26-3e71-4e7a-bf12-b29e304c0272/overview","host":"localhost:80","remoteAddress":"127.0.0.1"},"msg":"incoming request"}
@serpvera/api:test: {"level":30,"time":1791390544112,"pid":953861,"hostname":"wina-LOQ-16IRH8","reqId":"req-e","res":{"statusCode":200},"responseTime":5.559536000000094,"msg":"request completed"}
@serpvera/api:test:   ✔ GET overview aggregates only persisted fixture-derived data (6.187229ms)
@serpvera/api:test: {"level":30,"time":1791390544113,"pid":953861,"hostname":"wina-LOQ-16IRH8","reqId":"req-f","req":{"method":"GET","url":"/v1/projects/5c5fcd26-3e71-4e7a-bf12-b29e304c0272/crawl-runs","host":"localhost:80","remoteAddress":"127.0.0.1"},"msg":"incoming request"}
@serpvera/api:test: {"level":30,"time":1791390544114,"pid":953861,"hostname":"wina-LOQ-16IRH8","reqId":"req-f","res":{"statusCode":200},"responseTime":1.6239630000000034,"msg":"request completed"}
@serpvera/api:test:   ✔ GET crawl-runs returns real history newest-first (1.992709ms)
@serpvera/api:test: {"level":30,"time":1791390544115,"pid":953861,"hostname":"wina-LOQ-16IRH8","reqId":"req-g","req":{"method":"GET","url":"/v1/projects/5c5fcd26-3e71-4e7a-bf12-b29e304c0272/findings","host":"localhost:80","remoteAddress":"127.0.0.1"},"msg":"incoming request"}
@serpvera/api:test: {"level":30,"time":1791390544116,"pid":953861,"hostname":"wina-LOQ-16IRH8","reqId":"req-g","res":{"statusCode":200},"responseTime":1.5350550000000567,"msg":"request completed"}
@serpvera/api:test:   ✔ findings expose scope, declared gate, provenance and action state (1.832947ms)
@serpvera/api:test: {"level":30,"time":1791390544117,"pid":953861,"hostname":"wina-LOQ-16IRH8","reqId":"req-h","req":{"method":"GET","url":"/v1/projects/5c5fcd26-3e71-4e7a-bf12-b29e304c0272/findings","host":"localhost:80","remoteAddress":"127.0.0.1"},"msg":"incoming request"}
@serpvera/api:test: {"level":30,"time":1791390544118,"pid":953861,"hostname":"wina-LOQ-16IRH8","reqId":"req-h","res":{"statusCode":200},"responseTime":1.4588410000000067,"msg":"request completed"}
@serpvera/api:test: {"level":30,"time":1791390544118,"pid":953861,"hostname":"wina-LOQ-16IRH8","reqId":"req-i","req":{"method":"GET","url":"/v1/findings/473fe41e-6f3a-46e9-a191-b5045950b9e9","host":"localhost:80","remoteAddress":"127.0.0.1"},"msg":"incoming request"}
@serpvera/api:test: {"level":30,"time":1791390544120,"pid":953861,"hostname":"wina-LOQ-16IRH8","reqId":"req-i","res":{"statusCode":200},"responseTime":1.9200419999999667,"msg":"request completed"}
@serpvera/api:test:   ✔ finding detail links the supporting evidence (hash + source) (3.865861ms)
@serpvera/api:test: {"level":30,"time":1791390544120,"pid":953861,"hostname":"wina-LOQ-16IRH8","reqId":"req-j","req":{"method":"GET","url":"/v1/projects/5c5fcd26-3e71-4e7a-bf12-b29e304c0272/evidence","host":"localhost:80","remoteAddress":"127.0.0.1"},"msg":"incoming request"}
@serpvera/api:test: {"level":30,"time":1791390544122,"pid":953861,"hostname":"wina-LOQ-16IRH8","reqId":"req-j","res":{"statusCode":200},"responseTime":1.7823519999999462,"msg":"request completed"}
@serpvera/api:test:   ✔ GET evidence lists project evidence with hashes (2.082608ms)
@serpvera/api:test: {"level":30,"time":1791390544123,"pid":953861,"hostname":"wina-LOQ-16IRH8","reqId":"req-k","req":{"method":"GET","url":"/v1/projects/5c5fcd26-3e71-4e7a-bf12-b29e304c0272/overview","host":"localhost:80","remoteAddress":"127.0.0.1"},"msg":"incoming request"}
@serpvera/api:test: {"level":30,"time":1791390544124,"pid":953861,"hostname":"wina-LOQ-16IRH8","reqId":"req-k","res":{"statusCode":404},"responseTime":1.0753679999999122,"msg":"request completed"}
@serpvera/api:test: {"level":30,"time":1791390544124,"pid":953861,"hostname":"wina-LOQ-16IRH8","reqId":"req-l","req":{"method":"GET","url":"/v1/projects/5c5fcd26-3e71-4e7a-bf12-b29e304c0272/crawl-runs","host":"localhost:80","remoteAddress":"127.0.0.1"},"msg":"incoming request"}
@serpvera/api:test: {"level":30,"time":1791390544125,"pid":953861,"hostname":"wina-LOQ-16IRH8","reqId":"req-l","res":{"statusCode":404},"responseTime":1.1428960000000643,"msg":"request completed"}
@serpvera/api:test: {"level":30,"time":1791390544125,"pid":953861,"hostname":"wina-LOQ-16IRH8","reqId":"req-m","req":{"method":"GET","url":"/v1/projects/5c5fcd26-3e71-4e7a-bf12-b29e304c0272/evidence","host":"localhost:80","remoteAddress":"127.0.0.1"},"msg":"incoming request"}
@serpvera/api:test: {"level":30,"time":1791390544126,"pid":953861,"hostname":"wina-LOQ-16IRH8","reqId":"req-m","res":{"statusCode":404},"responseTime":0.8937050000000681,"msg":"request completed"}
@serpvera/api:test: {"level":30,"time":1791390544126,"pid":953861,"hostname":"wina-LOQ-16IRH8","reqId":"req-n","req":{"method":"GET","url":"/v1/projects/5c5fcd26-3e71-4e7a-bf12-b29e304c0272/findings","host":"localhost:80","remoteAddress":"127.0.0.1"},"msg":"incoming request"}
@serpvera/api:test: {"level":30,"time":1791390544127,"pid":953861,"hostname":"wina-LOQ-16IRH8","reqId":"req-n","res":{"statusCode":404},"responseTime":0.7263090000000147,"msg":"request completed"}
@serpvera/api:test: {"level":30,"time":1791390544127,"pid":953861,"hostname":"wina-LOQ-16IRH8","reqId":"req-o","req":{"method":"GET","url":"/v1/projects/5c5fcd26-3e71-4e7a-bf12-b29e304c0272/findings","host":"localhost:80","remoteAddress":"127.0.0.1"},"msg":"incoming request"}
@serpvera/api:test: {"level":30,"time":1791390544128,"pid":953861,"hostname":"wina-LOQ-16IRH8","reqId":"req-o","res":{"statusCode":200},"responseTime":1.3505069999999932,"msg":"request completed"}
@serpvera/api:test: {"level":30,"time":1791390544128,"pid":953861,"hostname":"wina-LOQ-16IRH8","reqId":"req-p","req":{"method":"GET","url":"/v1/findings/473fe41e-6f3a-46e9-a191-b5045950b9e9","host":"localhost:80","remoteAddress":"127.0.0.1"},"msg":"incoming request"}
@serpvera/api:test: {"level":30,"time":1791390544129,"pid":953861,"hostname":"wina-LOQ-16IRH8","reqId":"req-p","res":{"statusCode":404},"responseTime":1.0149149999999736,"msg":"request completed"}
@serpvera/api:test: {"level":30,"time":1791390544130,"pid":953861,"hostname":"wina-LOQ-16IRH8","reqId":"req-q","req":{"method":"GET","url":"/v1/projects","host":"localhost:80","remoteAddress":"127.0.0.1"},"msg":"incoming request"}
@serpvera/api:test: {"level":30,"time":1791390544130,"pid":953861,"hostname":"wina-LOQ-16IRH8","reqId":"req-q","res":{"statusCode":401},"responseTime":0.07265700000004927,"msg":"request completed"}
@serpvera/api:test:   ✔ cross-tenant: B gets 404 everywhere on A's workspace, 401 unauthenticated (7.787708ms)
@serpvera/api:test: ✔ workspace/Evidence-Ledger endpoints (real PostgreSQL) (759.390718ms)
@serpvera/api:test: ℹ tests 124
@serpvera/api:test: ℹ suites 24
@serpvera/api:test: ℹ pass 124
@serpvera/api:test: ℹ fail 0
@serpvera/api:test: ℹ cancelled 0
@serpvera/api:test: ℹ skipped 0
@serpvera/api:test: ℹ todo 0
@serpvera/api:test: ℹ duration_ms 41808.527493
@serpvera/web:test: cache bypass, force executing 48ccc5653eee5867
@serpvera/web:test: 
@serpvera/web:test: > @serpvera/web@0.1.0 test /tmp/winseo-publish/apps/web
@serpvera/web:test: > node --experimental-strip-types --test src/**/*.test.ts
@serpvera/web:test: 
@serpvera/web:test: (node:953905) [MODULE_TYPELESS_PACKAGE_JSON] Warning: Module type of file:///tmp/winseo-publish/apps/web/src/app/onboarding.test.ts is not specified and it doesn't parse as CommonJS.
@serpvera/web:test: Reparsing as ES module because module syntax was detected. This incurs a performance overhead.
@serpvera/web:test: To eliminate this warning, add "type": "module" to /tmp/winseo-publish/apps/web/package.json.
@serpvera/web:test: (Use `node --trace-warnings ...` to show where the warning was created)
@serpvera/web:test: ▶ signup route helpers
@serpvera/web:test:   ✔ routes into registration and preserves a plan reference safely (1.406202ms)
@serpvera/web:test:   ✔ does not add a plan when no plan was requested (0.305616ms)
@serpvera/web:test:   ✔ preserves the requested destination through the signup route (0.294656ms)
@serpvera/web:test:   ✔ preselects registration for signup links and sign-in otherwise (0.241035ms)
@serpvera/web:test:   ✔ allows same-origin local destinations and falls back for unsafe values (0.712153ms)
@serpvera/web:test: ✔ signup route helpers (5.032792ms)
@serpvera/web:test: ▶ workspace destination selection
@serpvera/web:test:   ✔ requires an explicit destination when multiple workspaces exist (1.35191ms)
@serpvera/web:test:   ✔ uses the only workspace or signals first-workspace setup (0.251274ms)
@serpvera/web:test: ✔ workspace destination selection (1.968042ms)
@serpvera/web:test: ▶ project creation retries
@serpvera/web:test:   ✔ persists the same key and payload across a page retry (0.650557ms)
@serpvera/web:test:   ✔ sends the same idempotency key and payload on every retry (29.771352ms)
@serpvera/web:test: ✔ project creation retries (30.808478ms)
@serpvera/web:test: ▶ startProjectCrawl
@serpvera/web:test:   ✔ posts to the project's crawl route (0.538365ms)
@serpvera/web:test:   ✔ returns the API's actionable error when kickoff is rejected (1.104343ms)
@serpvera/web:test:   ✔ returns a retryable message when the request has no response (0.187483ms)
@serpvera/web:test: ✔ startProjectCrawl (2.056298ms)
@serpvera/web:test: (node:953906) [MODULE_TYPELESS_PACKAGE_JSON] Warning: Module type of file:///tmp/winseo-publish/apps/web/src/lib/decision-center.test.ts is not specified and it doesn't parse as CommonJS.
@serpvera/web:test: Reparsing as ES module because module syntax was detected. This incurs a performance overhead.
@serpvera/web:test: To eliminate this warning, add "type": "module" to /tmp/winseo-publish/apps/web/package.json.
@serpvera/web:test: (Use `node --trace-warnings ...` to show where the warning was created)
@serpvera/web:test: ▶ buildDecisionCenter
@serpvera/web:test:   ✔ puts severe observed crawl defects in FIX_NOW (1.743238ms)
@serpvera/web:test:   ✔ routes measured decay to REFRESH and cannibalization to review (0.482059ms)
@serpvera/web:test:   ✔ links each GSC decision to the view that actually renders its module (8.57868ms)
@serpvera/web:test:   ✔ never upgrades a positive winner into a refresh task (0.258427ms)
@serpvera/web:test:   ✔ ignores resolved findings (0.187984ms)
@serpvera/web:test: ✔ buildDecisionCenter (13.341604ms)
@serpvera/web:test: (node:953912) [MODULE_TYPELESS_PACKAGE_JSON] Warning: Module type of file:///tmp/winseo-publish/apps/web/src/lib/geo-stats.test.ts is not specified and it doesn't parse as CommonJS.
@serpvera/web:test: Reparsing as ES module because module syntax was detected. This incurs a performance overhead.
@serpvera/web:test: To eliminate this warning, add "type": "module" to /tmp/winseo-publish/apps/web/package.json.
@serpvera/web:test: (Use `node --trace-warnings ...` to show where the warning was created)
@serpvera/web:test: ▶ GEO statistics
@serpvera/web:test:   ✔ parses captures and computes per-engine rates (10.522076ms)
@serpvera/web:test:   ✔ supports quoted CSV cells (0.296379ms)
@serpvera/web:test:   ✔ returns a valid Wilson interval (0.267775ms)
@serpvera/web:test:   ✔ labels illustrative examples separately from user supplied captures (0.187864ms)
@serpvera/web:test: ✔ GEO statistics (12.903718ms)
@serpvera/web:test: (node:953913) [MODULE_TYPELESS_PACKAGE_JSON] Warning: Module type of file:///tmp/winseo-publish/apps/web/src/lib/preview-audit.test.ts is not specified and it doesn't parse as CommonJS.
@serpvera/web:test: Reparsing as ES module because module syntax was detected. This incurs a performance overhead.
@serpvera/web:test: To eliminate this warning, add "type": "module" to /tmp/winseo-publish/apps/web/package.json.
@serpvera/web:test: (Use `node --trace-warnings ...` to show where the warning was created)
@serpvera/web:test: ▶ inline preview audit
@serpvera/web:test:   ✔ passes the normalized full page URL to the shared audit engine (5.519069ms)
@serpvera/web:test:   ✔ rejects a private target before the audit engine can run (0.814206ms)
@serpvera/web:test: ✔ inline preview audit (7.561321ms)
@serpvera/web:test: (node:953924) [MODULE_TYPELESS_PACKAGE_JSON] Warning: Module type of file:///tmp/winseo-publish/apps/web/src/lib/preview-rate-limit.test.ts is not specified and it doesn't parse as CommonJS.
@serpvera/web:test: Reparsing as ES module because module syntax was detected. This incurs a performance overhead.
@serpvera/web:test: To eliminate this warning, add "type": "module" to /tmp/winseo-publish/apps/web/package.json.
@serpvera/web:test: (Use `node --trace-warnings ...` to show where the warning was created)
@serpvera/web:test: ▶ preview audit rate limiter
@serpvera/web:test:   ✔ allows up to the configured limit and then returns a retry delay (1.589729ms)
@serpvera/web:test:   ✔ expires entries after the window and isolates clients (0.182254ms)
@serpvera/web:test: ✔ preview audit rate limiter (3.036847ms)
@serpvera/web:test: ℹ tests 25
@serpvera/web:test: ℹ suites 8
@serpvera/web:test: ℹ pass 25
@serpvera/web:test: ℹ fail 0
@serpvera/web:test: ℹ cancelled 0
@serpvera/web:test: ℹ skipped 0
@serpvera/web:test: ℹ todo 0
@serpvera/web:test: ℹ duration_ms 193.058618

 Tasks:    14 successful, 14 total
Cached:    0 cached, 14 total
  Time:    1m6.916s 

GATE_PASS workspace tests (cache disabled)
GATE_START production build

   • turbo 2.11.6
   • Packages in scope: @serpvera/api, @serpvera/authz, @serpvera/config, @serpvera/contracts, @serpvera/crawler, @serpvera/db, @serpvera/telemetry, @serpvera/test-fixtures, @serpvera/web
   • Running build in 9 packages
   • Remote caching disabled

@serpvera/contracts:build: cache bypass, force executing 792525fe2426ecef
@serpvera/telemetry:build: cache bypass, force executing e74df6b8bd5aeb96
@serpvera/telemetry:build: 
@serpvera/telemetry:build: > @serpvera/telemetry@0.1.0 build /tmp/winseo-publish/packages/telemetry
@serpvera/telemetry:build: > tsc
@serpvera/telemetry:build: 
@serpvera/contracts:build: 
@serpvera/contracts:build: > @serpvera/contracts@0.1.0 build /tmp/winseo-publish/packages/contracts
@serpvera/contracts:build: > tsc
@serpvera/contracts:build: 
@serpvera/config:build: cache bypass, force executing 51809dc19fab9df4
@serpvera/authz:build: cache bypass, force executing 55788d3d58c44271
@serpvera/crawler:build: cache bypass, force executing 2ce609c76651ddeb
@serpvera/crawler:build: 
@serpvera/crawler:build: > @serpvera/crawler@0.1.0 build /tmp/winseo-publish/services/crawler
@serpvera/crawler:build: > tsc
@serpvera/crawler:build: 
@serpvera/config:build: 
@serpvera/config:build: > @serpvera/config@0.1.0 build /tmp/winseo-publish/packages/config
@serpvera/config:build: > tsc
@serpvera/config:build: 
@serpvera/authz:build: 
@serpvera/authz:build: > @serpvera/authz@0.1.0 build /tmp/winseo-publish/packages/authz
@serpvera/authz:build: > tsc
@serpvera/authz:build: 
@serpvera/api:build: cache bypass, force executing 1d091e7842920755
@serpvera/api:build: 
@serpvera/api:build: > @serpvera/api@0.1.0 build /tmp/winseo-publish/apps/api
@serpvera/api:build: > tsc
@serpvera/api:build: 
@serpvera/web:build: cache bypass, force executing 8f6bfb7eba0e9525
@serpvera/web:build: 
@serpvera/web:build: > @serpvera/web@0.1.0 build /tmp/winseo-publish/apps/web
@serpvera/web:build: > next build
@serpvera/web:build: 
@serpvera/web:build:    ▲ Next.js 15.5.27
@serpvera/web:build: 
@serpvera/web:build:    Creating an optimized production build ...
@serpvera/web:build:  ✓ Compiled successfully in 1750ms
@serpvera/web:build:    Linting and checking validity of types ...
@serpvera/web:build: 
@serpvera/web:build:  ⚠ The Next.js plugin was not detected in your ESLint configuration. See https://nextjs.org/docs/app/api-reference/config/eslint#migrating-existing-config
@serpvera/web:build:    Collecting page data ...
@serpvera/web:build:    Generating static pages (0/7) ...
@serpvera/web:build:    Generating static pages (1/7) 
@serpvera/web:build:    Generating static pages (3/7) 
@serpvera/web:build:    Generating static pages (5/7) 
@serpvera/web:build:  ✓ Generating static pages (7/7)
@serpvera/web:build:    Finalizing page optimization ...
@serpvera/web:build:    Collecting build traces ...
@serpvera/web:build: 
@serpvera/web:build: Route (app)                                                     Size  First Load JS
@serpvera/web:build: ┌ ƒ /                                                        2.39 kB         108 kB
@serpvera/web:build: ├ ○ /_not-found                                                992 B         104 kB
@serpvera/web:build: ├ ƒ /api/integrations/gsc/callback                             147 B         103 kB
@serpvera/web:build: ├ ƒ /api/scan                                                  147 B         103 kB
@serpvera/web:build: ├ ƒ /api/v1/[...path]                                          147 B         103 kB
@serpvera/web:build: ├ ƒ /dashboard                                               3.19 kB         109 kB
@serpvera/web:build: ├ ƒ /dashboard/[projectId]                                     923 B         107 kB
@serpvera/web:build: ├ ƒ /dashboard/[projectId]/actions                             170 B         106 kB
@serpvera/web:build: ├ ƒ /dashboard/[projectId]/actions/[actionId]                2.35 kB         108 kB
@serpvera/web:build: ├ ƒ /dashboard/[projectId]/ai-visibility                     6.39 kB         112 kB
@serpvera/web:build: ├ ƒ /dashboard/[projectId]/autofix                           3.69 kB         110 kB
@serpvera/web:build: ├ ƒ /dashboard/[projectId]/crawls                              170 B         106 kB
@serpvera/web:build: ├ ƒ /dashboard/[projectId]/decision-center                     170 B         106 kB
@serpvera/web:build: ├ ƒ /dashboard/[projectId]/findings                          1.75 kB         108 kB
@serpvera/web:build: ├ ƒ /dashboard/[projectId]/findings/[findingId]                170 B         106 kB
@serpvera/web:build: ├ ƒ /dashboard/[projectId]/reports                             370 B         106 kB
@serpvera/web:build: ├ ƒ /dashboard/[projectId]/search-performance                1.44 kB         108 kB
@serpvera/web:build: ├ ƒ /dashboard/[projectId]/search-performance/changes          981 B         107 kB
@serpvera/web:build: ├ ƒ /dashboard/[projectId]/search-performance/opportunities    981 B         107 kB
@serpvera/web:build: ├ ƒ /dashboard/[projectId]/search-performance/pages            981 B         107 kB
@serpvera/web:build: ├ ƒ /dashboard/[projectId]/search-performance/queries          981 B         107 kB
@serpvera/web:build: ├ ƒ /dashboard/security                                      1.76 kB         104 kB
@serpvera/web:build: ├ ○ /login                                                   1.98 kB         105 kB
@serpvera/web:build: ├ ○ /methodology                                               147 B         103 kB
@serpvera/web:build: ├ ○ /pricing                                                   147 B         103 kB
@serpvera/web:build: ├ ƒ /projects/[projectId]/actions                              147 B         103 kB
@serpvera/web:build: ├ ƒ /scan/[scanId]                                           2.16 kB         105 kB
@serpvera/web:build: └ ƒ /signup                                                    147 B         103 kB
@serpvera/web:build: + First Load JS shared by all                                 103 kB
@serpvera/web:build:   ├ chunks/812-52aaa9f8a3640ba4.js                           46.5 kB
@serpvera/web:build:   ├ chunks/9923a0e2-1a45aa5d099bff40.js                      54.2 kB
@serpvera/web:build:   └ other shared chunks (total)                              1.92 kB
@serpvera/web:build: 
@serpvera/web:build: 
@serpvera/web:build: ○  (Static)   prerendered as static content
@serpvera/web:build: ƒ  (Dynamic)  server-rendered on demand
@serpvera/web:build: 

 Tasks:    7 successful, 7 total
Cached:    0 cached, 7 total
  Time:    16.048s 

GATE_PASS production build
GATE_START dependency audit (high severity)
No known vulnerabilities found
GATE_PASS dependency audit (high severity)
