GATE_START PostgreSQL identity and migration ledger
   database   | role | port  
--------------+------+-------
 serpvera_dev | wina | 55432
(1 row)

DO
                                                                                                                                                                                                     required_recent_migrations                                                                                                                                                                                                     
------------------------------------------------------------------------------------------------------------------------------------------------------------------------------------------------------------------------------------------------------------------------------------------------------------------------------------------------------------------------------------------------------------------------------------
 0019_gsc_property_scoped_measurements, 0019w_gsc_effective_acl_fence, 0019x_gsc_parent_delete_fence, 0019y_gsc_sync_write_fence, 0019z_gsc_claim_order_preflight, 0019zz_gsc_sync_migration_guard, 0020_gsc_sync_claim_order, 0021_remove_gsc_sync_migration_guard, 0022_restore_gsc_runtime_writes, 0023_restore_gsc_parent_deletes, 0024_restore_gsc_acl_baseline, 0025_ai_visibility_imports, 0026_ai_visibility_capture_org_fk
(1 row)

GATE_PASS PostgreSQL identity and migration ledger
GATE_START format:check

> serpvera@0.1.0 format:check /tmp/winseo-publish
> prettier --check .

Checking formatting...
All matched files use Prettier code style!
GATE_PASS format:check
GATE_START git diff --check
GATE_PASS git diff --check
GATE_START workspace lint (cache disabled)

   • turbo 2.11.6
   • Packages in scope: @serpvera/api, @serpvera/authz, @serpvera/config, @serpvera/contracts, @serpvera/crawler, @serpvera/db, @serpvera/telemetry, @serpvera/test-fixtures, @serpvera/web
   • Running lint in 9 packages
   • Remote caching disabled

@serpvera/contracts:build: cache bypass, force executing cc9a0333c4a214b5
@serpvera/contracts:lint: cache bypass, force executing 269e3a0cda710b5c
@serpvera/telemetry:lint: cache bypass, force executing df1ed6ea335da74d
@serpvera/telemetry:build: cache bypass, force executing e74df6b8bd5aeb96
@serpvera/telemetry:build: 
@serpvera/telemetry:build: > @serpvera/telemetry@0.1.0 build /tmp/winseo-publish/packages/telemetry
@serpvera/telemetry:build: > tsc
@serpvera/telemetry:build: 
@serpvera/telemetry:lint: 
@serpvera/telemetry:lint: > @serpvera/telemetry@0.1.0 lint /tmp/winseo-publish/packages/telemetry
@serpvera/telemetry:lint: > eslint . --max-warnings 0
@serpvera/telemetry:lint: 
@serpvera/contracts:lint: 
@serpvera/contracts:lint: > @serpvera/contracts@0.1.0 lint /tmp/winseo-publish/packages/contracts
@serpvera/contracts:lint: > eslint . --max-warnings 0
@serpvera/contracts:lint: 
@serpvera/contracts:build: 
@serpvera/contracts:build: > @serpvera/contracts@0.1.0 build /tmp/winseo-publish/packages/contracts
@serpvera/contracts:build: > tsc
@serpvera/contracts:build: 
@serpvera/db:lint: cache bypass, force executing 36987f125fa70c14
@serpvera/authz:build: cache bypass, force executing 7acb37cab86657e8
@serpvera/authz:lint: cache bypass, force executing 54dc9add6f7d119b
@serpvera/config:build: cache bypass, force executing 190dd9ccf751f821
@serpvera/crawler:build: cache bypass, force executing 3ca0de72e7030731
@serpvera/test-fixtures:lint: cache bypass, force executing 4d7304f1092fc762
@serpvera/crawler:lint: cache bypass, force executing 7c1882ebe317b83e
@serpvera/config:lint: cache bypass, force executing 2ccf70924eff91cf
@serpvera/authz:lint: 
@serpvera/authz:lint: > @serpvera/authz@0.1.0 lint /tmp/winseo-publish/packages/authz
@serpvera/authz:lint: > eslint . --max-warnings 0
@serpvera/authz:lint: 
@serpvera/authz:build: 
@serpvera/authz:build: > @serpvera/authz@0.1.0 build /tmp/winseo-publish/packages/authz
@serpvera/authz:build: > tsc
@serpvera/authz:build: 
@serpvera/db:lint: 
@serpvera/db:lint: > @serpvera/db@0.1.0 lint /tmp/winseo-publish/packages/db
@serpvera/db:lint: > eslint . --max-warnings 0
@serpvera/db:lint: 
@serpvera/config:build: 
@serpvera/config:build: > @serpvera/config@0.1.0 build /tmp/winseo-publish/packages/config
@serpvera/config:build: > tsc
@serpvera/config:build: 
@serpvera/config:lint: 
@serpvera/config:lint: > @serpvera/config@0.1.0 lint /tmp/winseo-publish/packages/config
@serpvera/config:lint: > eslint . --max-warnings 0
@serpvera/config:lint: 
@serpvera/crawler:build: 
@serpvera/crawler:build: > @serpvera/crawler@0.1.0 build /tmp/winseo-publish/services/crawler
@serpvera/crawler:build: > tsc
@serpvera/crawler:build: 
@serpvera/crawler:lint: 
@serpvera/crawler:lint: > @serpvera/crawler@0.1.0 lint /tmp/winseo-publish/services/crawler
@serpvera/crawler:lint: > eslint . --max-warnings 0
@serpvera/crawler:lint: 
@serpvera/test-fixtures:lint: 
@serpvera/test-fixtures:lint: > @serpvera/test-fixtures@0.1.0 lint /tmp/winseo-publish/packages/test-fixtures
@serpvera/test-fixtures:lint: > eslint . --max-warnings 0
@serpvera/test-fixtures:lint: 
@serpvera/api:build: cache bypass, force executing e8af9f51c8db6c3e
@serpvera/api:lint: cache bypass, force executing a53a2327d20183a8
@serpvera/api:lint: 
@serpvera/api:lint: > @serpvera/api@0.1.0 lint /tmp/winseo-publish/apps/api
@serpvera/api:lint: > eslint . --max-warnings 0
@serpvera/api:lint: 
@serpvera/api:build: 
@serpvera/api:build: > @serpvera/api@0.1.0 build /tmp/winseo-publish/apps/api
@serpvera/api:build: > tsc
@serpvera/api:build: 
@serpvera/web:lint: cache bypass, force executing 0cd7dab01164d468
@serpvera/web:lint: 
@serpvera/web:lint: > @serpvera/web@0.1.0 lint /tmp/winseo-publish/apps/web
@serpvera/web:lint: > eslint src
@serpvera/web:lint: 

 Tasks:    15 successful, 15 total
Cached:    0 cached, 15 total
  Time:    11.787s 

GATE_PASS workspace lint (cache disabled)
GATE_START workspace typecheck (cache disabled)

   • turbo 2.11.6
   • Packages in scope: @serpvera/api, @serpvera/authz, @serpvera/config, @serpvera/contracts, @serpvera/crawler, @serpvera/db, @serpvera/telemetry, @serpvera/test-fixtures, @serpvera/web
   • Running typecheck in 9 packages
   • Remote caching disabled

@serpvera/contracts:typecheck: cache bypass, force executing 5859a6445297d0a5
@serpvera/telemetry:build: cache bypass, force executing e74df6b8bd5aeb96
@serpvera/contracts:build: cache bypass, force executing cc9a0333c4a214b5
@serpvera/telemetry:typecheck: cache bypass, force executing 4d3c2a14e477e3d6
@serpvera/contracts:typecheck: 
@serpvera/contracts:typecheck: > @serpvera/contracts@0.1.0 typecheck /tmp/winseo-publish/packages/contracts
@serpvera/contracts:typecheck: > tsc --noEmit
@serpvera/contracts:typecheck: 
@serpvera/telemetry:typecheck: 
@serpvera/telemetry:typecheck: > @serpvera/telemetry@0.1.0 typecheck /tmp/winseo-publish/packages/telemetry
@serpvera/telemetry:typecheck: > tsc --noEmit
@serpvera/telemetry:typecheck: 
@serpvera/telemetry:build: 
@serpvera/telemetry:build: > @serpvera/telemetry@0.1.0 build /tmp/winseo-publish/packages/telemetry
@serpvera/telemetry:build: > tsc
@serpvera/telemetry:build: 
@serpvera/contracts:build: 
@serpvera/contracts:build: > @serpvera/contracts@0.1.0 build /tmp/winseo-publish/packages/contracts
@serpvera/contracts:build: > tsc
@serpvera/contracts:build: 
@serpvera/db:typecheck: cache bypass, force executing 7d11bfca82d6c9ff
@serpvera/authz:typecheck: cache bypass, force executing b3bbca37e83cd219
@serpvera/authz:build: cache bypass, force executing 7acb37cab86657e8
@serpvera/config:build: cache bypass, force executing 190dd9ccf751f821
@serpvera/test-fixtures:typecheck: cache bypass, force executing 64b804ef972fa12d
@serpvera/config:typecheck: cache bypass, force executing b456d8deaaeeb422
@serpvera/crawler:build: cache bypass, force executing 3ca0de72e7030731
@serpvera/crawler:typecheck: cache bypass, force executing 86d2bfdaaa9fb32d
@serpvera/db:typecheck: 
@serpvera/db:typecheck: > @serpvera/db@0.1.0 typecheck /tmp/winseo-publish/packages/db
@serpvera/db:typecheck: > tsc --noEmit
@serpvera/db:typecheck: 
@serpvera/crawler:typecheck: 
@serpvera/crawler:typecheck: > @serpvera/crawler@0.1.0 typecheck /tmp/winseo-publish/services/crawler
@serpvera/crawler:typecheck: > tsc --noEmit
@serpvera/crawler:typecheck: 
@serpvera/config:typecheck: 
@serpvera/config:typecheck: > @serpvera/config@0.1.0 typecheck /tmp/winseo-publish/packages/config
@serpvera/config:typecheck: > tsc --noEmit
@serpvera/config:typecheck: 
@serpvera/authz:typecheck: 
@serpvera/authz:typecheck: > @serpvera/authz@0.1.0 typecheck /tmp/winseo-publish/packages/authz
@serpvera/authz:typecheck: > tsc --noEmit
@serpvera/authz:typecheck: 
@serpvera/test-fixtures:typecheck: 
@serpvera/test-fixtures:typecheck: > @serpvera/test-fixtures@0.1.0 typecheck /tmp/winseo-publish/packages/test-fixtures
@serpvera/test-fixtures:typecheck: > tsc --noEmit
@serpvera/test-fixtures:typecheck: 
@serpvera/config:build: 
@serpvera/config:build: > @serpvera/config@0.1.0 build /tmp/winseo-publish/packages/config
@serpvera/config:build: > tsc
@serpvera/config:build: 
@serpvera/crawler:build: 
@serpvera/crawler:build: > @serpvera/crawler@0.1.0 build /tmp/winseo-publish/services/crawler
@serpvera/crawler:build: > tsc
@serpvera/crawler:build: 
@serpvera/authz:build: 
@serpvera/authz:build: > @serpvera/authz@0.1.0 build /tmp/winseo-publish/packages/authz
@serpvera/authz:build: > tsc
@serpvera/authz:build: 
@serpvera/api:typecheck: cache bypass, force executing defee9ba9a82d3fe
@serpvera/api:build: cache bypass, force executing e8af9f51c8db6c3e
@serpvera/api:build: 
@serpvera/api:build: > @serpvera/api@0.1.0 build /tmp/winseo-publish/apps/api
@serpvera/api:build: > tsc
@serpvera/api:build: 
@serpvera/api:typecheck: 
@serpvera/api:typecheck: > @serpvera/api@0.1.0 typecheck /tmp/winseo-publish/apps/api
@serpvera/api:typecheck: > tsc --noEmit
@serpvera/api:typecheck: 
@serpvera/web:typecheck: cache bypass, force executing 2d3ca8ddc6404732
@serpvera/web:typecheck: 
@serpvera/web:typecheck: > @serpvera/web@0.1.0 typecheck /tmp/winseo-publish/apps/web
@serpvera/web:typecheck: > tsc --noEmit
@serpvera/web:typecheck: 

 Tasks:    15 successful, 15 total
Cached:    0 cached, 15 total
  Time:    5.182s 

GATE_PASS workspace typecheck (cache disabled)
GATE_START workspace tests (cache disabled)

   • turbo 2.11.6
   • Packages in scope: @serpvera/api, @serpvera/authz, @serpvera/config, @serpvera/contracts, @serpvera/crawler, @serpvera/db, @serpvera/telemetry, @serpvera/test-fixtures, @serpvera/web
   • Running test in 9 packages
   • Remote caching disabled

@serpvera/telemetry:build: cache bypass, force executing e6aee4a8f88eb892
@serpvera/telemetry:build: 
@serpvera/telemetry:build: > @serpvera/telemetry@0.1.0 build /tmp/winseo-publish/packages/telemetry
@serpvera/telemetry:build: > tsc
@serpvera/telemetry:build: 
@serpvera/contracts:build: cache bypass, force executing 829df7077c8560da
@serpvera/contracts:build: 
@serpvera/contracts:build: > @serpvera/contracts@0.1.0 build /tmp/winseo-publish/packages/contracts
@serpvera/contracts:build: > tsc
@serpvera/contracts:build: 
@serpvera/authz:build: cache bypass, force executing 11f896109a3b6d39
@serpvera/authz:build: 
@serpvera/authz:build: > @serpvera/authz@0.1.0 build /tmp/winseo-publish/packages/authz
@serpvera/authz:build: > tsc
@serpvera/authz:build: 
@serpvera/config:build: cache bypass, force executing 425be7b1eab26b6d
@serpvera/config:build: 
@serpvera/config:build: > @serpvera/config@0.1.0 build /tmp/winseo-publish/packages/config
@serpvera/config:build: > tsc
@serpvera/config:build: 
@serpvera/test-fixtures:test: cache bypass, force executing f27a9064673bbba2
@serpvera/test-fixtures:test: 
@serpvera/test-fixtures:test: > @serpvera/test-fixtures@0.1.0 test /tmp/winseo-publish/packages/test-fixtures
@serpvera/test-fixtures:test: > node --experimental-strip-types --test src/**/*.test.ts
@serpvera/test-fixtures:test: 
@serpvera/test-fixtures:test: ℹ tests 0
@serpvera/test-fixtures:test: ℹ suites 0
@serpvera/test-fixtures:test: ℹ pass 0
@serpvera/test-fixtures:test: ℹ fail 0
@serpvera/test-fixtures:test: ℹ cancelled 0
@serpvera/test-fixtures:test: ℹ skipped 0
@serpvera/test-fixtures:test: ℹ todo 0
@serpvera/test-fixtures:test: ℹ duration_ms 4.647633
@serpvera/crawler:build: cache bypass, force executing 931e8d5a49a3b1f1
@serpvera/crawler:build: 
@serpvera/crawler:build: > @serpvera/crawler@0.1.0 build /tmp/winseo-publish/services/crawler
@serpvera/crawler:build: > tsc
@serpvera/crawler:build: 
@serpvera/authz:test: cache bypass, force executing 7dc298de14ae9779
@serpvera/authz:test: 
@serpvera/authz:test: > @serpvera/authz@0.1.0 test /tmp/winseo-publish/packages/authz
@serpvera/authz:test: > node --experimental-strip-types --test src/**/*.test.ts
@serpvera/authz:test: 
@serpvera/authz:test: ▶ authz
@serpvera/authz:test:   ▶ hasPermission
@serpvera/authz:test:     ✔ OWNER has all permissions (0.59953ms)
@serpvera/authz:test:     ✔ VIEWER only has read permissions (0.128722ms)
@serpvera/authz:test:     ✔ EDITOR has production.write but not billing.manage (0.106ms)
@serpvera/authz:test:     ✔ BILLING can read project evidence but cannot add evidence (0.107001ms)
@serpvera/authz:test:     ✔ production.write is separate from action.approve (0.108194ms)
@serpvera/authz:test:   ✔ hasPermission (1.830942ms)
@serpvera/authz:test:   ▶ requirePermission
@serpvera/authz:test:     ✔ throws AuthorizationError when permission denied (0.386979ms)
@serpvera/authz:test:     ✔ does not throw when permission granted (0.163919ms)
@serpvera/authz:test:   ✔ requirePermission (1.546936ms)
@serpvera/authz:test:   ▶ canManageRole
@serpvera/authz:test:     ✔ OWNER can manage ADMIN (0.172986ms)
@serpvera/authz:test:     ✔ ADMIN cannot manage OWNER (0.087856ms)
@serpvera/authz:test:     ✔ VIEWER cannot manage anyone (0.131307ms)
@serpvera/authz:test:     ✔ ADMIN cannot manage another ADMIN (0.092825ms)
@serpvera/authz:test:   ✔ canManageRole (0.688057ms)
@serpvera/authz:test: ✔ authz (4.550039ms)
@serpvera/authz:test: ▶ priority-engine
@serpvera/authz:test:   ▶ computePriorityIndex
@serpvera/authz:test:     ✔ high value, low effort = high priority (0.690663ms)
@serpvera/authz:test:     ✔ low value, high effort = low priority (0.146837ms)
@serpvera/authz:test:     ✔ defaults to minimum 0.5 effort and safe risk denominator (0.152237ms)
@serpvera/authz:test:     ✔ handles zero risk safely via damping (0.156105ms)
@serpvera/authz:test:     ✔ high risk reduces priority but never to zero (0.114896ms)
@serpvera/authz:test:   ✔ computePriorityIndex (2.194518ms)
@serpvera/authz:test:   ▶ explainPriority
@serpvera/authz:test:     ✔ returns explanations for strong signals (0.199786ms)
@serpvera/authz:test:   ✔ explainPriority (0.300617ms)
@serpvera/authz:test:   ▶ isValidTransition
@serpvera/authz:test:     ✔ DETECTED → EVIDENCED is valid (0.168457ms)
@serpvera/authz:test:     ✔ DETECTED → REPORTED_MANUALLY is invalid (must go through EVIDENCED) (0.102223ms)
@serpvera/authz:test:     ✔ MEASURING → VERIFIED is valid (0.086774ms)
@serpvera/authz:test:     ✔ MEASURING → INCONCLUSIVE is valid (0.127962ms)
@serpvera/authz:test:     ✔ INCONCLUSIVE → PROPOSED allows re-proposal (0.076094ms)
@serpvera/authz:test:   ✔ isValidTransition (0.825456ms)
@serpvera/authz:test:   ▶ requireEvidence
@serpvera/authz:test:     ✔ DETECTED is not evidenced yet (0.096231ms)
@serpvera/authz:test:     ✔ EVIDENCED and beyond require evidence (0.058169ms)
@serpvera/authz:test:   ✔ requireEvidence (0.248759ms)
@serpvera/authz:test: ✔ priority-engine (4.779391ms)
@serpvera/authz:test: ℹ tests 24
@serpvera/authz:test: ℹ suites 9
@serpvera/authz:test: ℹ pass 24
@serpvera/authz:test: ℹ fail 0
@serpvera/authz:test: ℹ cancelled 0
@serpvera/authz:test: ℹ skipped 0
@serpvera/authz:test: ℹ todo 0
@serpvera/authz:test: ℹ duration_ms 97.2214
@serpvera/db:test: cache bypass, force executing fbc66f1eee4f77cc
@serpvera/db:test: 
@serpvera/db:test: > @serpvera/db@0.1.0 test /tmp/winseo-publish/packages/db
@serpvera/db:test: > node --experimental-strip-types --test --test-concurrency=1 src/**/*.test.ts
@serpvera/db:test: 
@serpvera/db:test: ▶ AI visibility persistence and forced tenant RLS (real PostgreSQL)
@serpvera/db:test:   ✔ stores provenance, captures, and aggregate stats from persisted rows (6.428611ms)
@serpvera/db:test:   ✔ hides tenant A rows from tenant B even without application predicates (3.690639ms)
@serpvera/db:test:   ✔ enforces RLS WITH CHECK and composite project/import integrity (2.694992ms)
@serpvera/db:test: ✔ AI visibility persistence and forced tenant RLS (real PostgreSQL) (53.607306ms)
@serpvera/db:test: ▶ 0019z GSC claim-order migration preflight
@serpvera/db:test:   ✔ sorts before 0020 so the guard runs before destructive cleanup (1.417482ms)
@serpvera/db:test:   ✔ fails closed if the runtime role owns any protected table (30.586871ms)
@serpvera/db:test:   ✔ fails closed if the runtime role inherits another role (20.808504ms)
@serpvera/db:test:   ✔ aborts and preserves metrics when client-clock order conflicts with DB order (19.540333ms)
@serpvera/db:test:   ✔ allows ordered histories and records the preflight migration (16.821937ms)
@serpvera/db:test:   ✔ blocks runtime writes until cleanup and resumes them after 0021 (43.58524ms)
@serpvera/db:test:   ✔ blocks a client-clock conflict even when a historical metric falls outside its source window (24.313202ms)
@serpvera/db:test: ✔ 0019z GSC claim-order migration preflight (180.267141ms)
@serpvera/db:test: ▶ GSC-003 tenant isolation on GSC tables (real PostgreSQL RLS)
@serpvera/db:test:   ✔ POSITIVE CONTROL — tenant A's GSC rows really exist (admin view) (3.05474ms)
@serpvera/db:test:   ✔ tenant B sees ZERO of tenant A's GSC rows on every table (no WHERE clause helps) (1.088082ms)
@serpvera/db:test:   ✔ tenant B cannot UPDATE or DELETE tenant A's token material (0 rows) (0.994465ms)
@serpvera/db:test:   ✔ tenant B cannot INSERT rows stamped with tenant A (WITH CHECK) (1.309349ms)
@serpvera/db:test:   ✔ the store functions refuse to cross tenants even with known foreign ids (7.668919ms)
@serpvera/db:test:   ✔ OAuth state is single-use at the database boundary and tenant-scoped (3.701599ms)
@serpvera/db:test:   ✔ an expired state is unclaimable (2.46646ms)
@serpvera/db:test:   ✔ reuses an in-flight job and creates a new attempt after a completed window (4.512418ms)
@serpvera/db:test:   ✔ serializes concurrent job claims and rejects stale fencing attempts (6.552695ms)
@serpvera/db:test:   ✔ reclaims an expired RUNNING job without exposing its partial rows (21.203479ms)
@serpvera/db:test:   ✔ preserves writes from distinct jobs with overlapping windows (17.531666ms)
@serpvera/db:test:   ✔ lets the newest fetch replace an older completed overlap (20.20689ms)
@serpvera/db:test:   ✔ window replacement is atomic: revised rows overwrite, empty re-sync erases (14.172001ms)
@serpvera/db:test:   ✔ read paths filter dimensions and report honest freshness (19.765207ms)
@serpvera/db:test:   ✔ keeps complete rows visible and excludes partial rows until the new job completes (9.620159ms)
@serpvera/db:test:   ✔ credential deletion is tenant-scoped (disconnect cannot hit a foreign grant) (2.209015ms)
@serpvera/db:test:   ✔ stores only opaque ciphertext — no plaintext token column exists (3.610698ms)
@serpvera/db:test: ✔ GSC-003 tenant isolation on GSC tables (real PostgreSQL RLS) (187.329748ms)
@serpvera/db:test: ▶ 0015 finding evidence tenant migration
@serpvera/db:test:   ✔ aborts atomically and preserves a legacy cross-organization relation (36.601732ms)
@serpvera/db:test:   ✔ backfills valid legacy links and applies forced tenant RLS (28.047113ms)
@serpvera/db:test: ✔ 0015 finding evidence tenant migration (74.577475ms)
@serpvera/db:test: ▶ patch persistence RLS and immutable event ledger
@serpvera/db:test:   ✔ stores the tenant's proposal and appends versioned events with compare-and-swap (8.447487ms)
@serpvera/db:test:   ✔ hides proposal and history rows from another organization (2.585866ms)
@serpvera/db:test:   ✔ prevents the runtime role from rewriting append-only patch history (2.631051ms)
@serpvera/db:test: ✔ patch persistence RLS and immutable event ledger (40.215576ms)
@serpvera/db:test: ▶ project creation idempotency (PostgreSQL)
@serpvera/db:test:   ✔ replays concurrent same-payload requests and rejects payload reuse (14.03895ms)
@serpvera/db:test:   ✔ scopes keys to the tenant and leaves unkeyed callers unchanged (7.716339ms)
@serpvera/db:test: ✔ project creation idempotency (PostgreSQL) (47.03831ms)
@serpvera/db:test: ▶ shared PostgreSQL rate-limit windows
@serpvera/db:test:   ✔ serializes concurrent attempts across API instances through atomic UPSERTs (19.822805ms)
@serpvera/db:test: ✔ shared PostgreSQL rate-limit windows (23.486223ms)
@serpvera/db:test: ▶ repository CRUD (real PostgreSQL)
@serpvera/db:test:   ✔ creates and reads back a user (password hash stored, not returned by findUserById) (8.155647ms)
@serpvera/db:test:   ✔ rejects duplicate user email (UNIQUE constraint) (1.49568ms)
@serpvera/db:test:   ✔ creates an organization and grants OWNER membership (7.468522ms)
@serpvera/db:test:   ✔ creates and reads a project scoped to the org (3.923368ms)
@serpvera/db:test:   ✔ public scan: create, non-predictable id, update, read back (3.471916ms)
@serpvera/db:test:   ✔ getPublicScan returns null for unknown id (no info leak) (0.44528ms)
@serpvera/db:test: ✔ repository CRUD (real PostgreSQL) (39.603873ms)
@serpvera/db:test: ▶ RLS isolation (real PostgreSQL)
@serpvera/db:test:   ✔ DB-03a: tenant A sees exactly its own project (3.195415ms)
@serpvera/db:test:   ✔ DB-03b: tenant A can read project A by id (0.972614ms)
@serpvera/db:test:   ✔ DB-03c: tenant A CANNOT read tenant B's project by id (RLS returns nothing) (0.792174ms)
@serpvera/db:test:   ✔ DB-03d: tenant B CANNOT read tenant A's project (reverse direction) (0.73747ms)
@serpvera/db:test:   ✔ DB-03e: tenant B sees only its own project (0.746447ms)
@serpvera/db:test:   ✔ DB-03f: tenant A CANNOT INSERT a project into tenant B (WITH CHECK violation) (1.295824ms)
@serpvera/db:test:   ✔ DB-03g: tenant A CANNOT UPDATE tenant B's project (1.378439ms)
@serpvera/db:test:   ✔ DB-03h: tenant A CANNOT DELETE tenant B's project (0.826508ms)
@serpvera/db:test:   ✔ DB-03h2: the legacy evidence-link insert derives its tenant under RLS (4.275832ms)
@serpvera/db:test:   ✔ DB-03i: cross-tenant foreign-key INSERT fails even for a known org id (0.891782ms)
@serpvera/db:test:   ✔ DB-07: tenant B cannot read tenant A's finding-evidence link (0.778097ms)
@serpvera/db:test:   ✔ DB-08: tenant B cannot stamp a link with tenant A's organization id (0.769501ms)
@serpvera/db:test:   ✔ DB-09: composite foreign keys reject a tenant B link to tenant A endpoints (0.892102ms)
@serpvera/db:test:   ✔ DB-10: repository linking and evidence reads remain tenant-scoped (3.201366ms)
@serpvera/db:test:   ✔ DB-04: runtime role cannot bypass RLS to see all projects (0.664002ms)
@serpvera/db:test:   ✔ DB-06: POSITIVE CONTROL — bypass-capable role DOES see both tenants (proves isolation is RLS-caused, not missing data) (1.084765ms)
@serpvera/db:test:   ✔ DB-05: tenant context does NOT leak across pooled connections (2.327578ms)
@serpvera/db:test: ✔ RLS isolation (real PostgreSQL) (63.466054ms)
@serpvera/db:test: ▶ DB-02 schema integrity (real PostgreSQL catalogs)
@serpvera/db:test:   ✔ catalog contains all expected tables, including finding_evidence (4.477863ms)
@serpvera/db:test:   ✔ migration is recorded in the ledger (1.028298ms)
@serpvera/db:test:   ✔ removes the temporary GSC migration guard after the migration chain (2.003998ms)
@serpvera/db:test:   ✔ restores runtime GSC writes only after the migration guard is removed (0.773138ms)
@serpvera/db:test:   ✔ restores scoped parent deletes after the GSC cascade fence is removed (0.956914ms)
@serpvera/db:test:   ✔ restores app DML without leaving PUBLIC table or column write grants (1.875276ms)
@serpvera/db:test:   ✔ uses a monotonic per-property GSC claim order (4.43917ms)
@serpvera/db:test:   ✔ allows at most one connected Search Console property per project (0.779049ms)
@serpvera/db:test:   ✔ legacy evidence-link tenant trigger is installed and least-privileged (0.889157ms)
@serpvera/db:test:   ✔ patch storage accepts the complete lifecycle vocabulary (0.784179ms)
@serpvera/db:test:   ✔ the Action Center no longer accepts an unverified IMPLEMENTED state (1.027317ms)
@serpvera/db:test:   ✔ every tenant-owned table has organization_id NOT NULL and its declared timestamp (23.201476ms)
@serpvera/db:test:   ✔ primary keys exist on core tables (1.06036ms)
@serpvera/db:test:   ✔ foreign keys enforce organization ownership on tenant tables (4.883989ms)
@serpvera/db:test:   ✔ unique constraints: users.email, organizations.slug (1.351358ms)
@serpvera/db:test:   ✔ indexes exist on hot columns (1.153995ms)
@serpvera/db:test:   ✔ every tenant-owned table has ENABLED and FORCED RLS (0.697204ms)
@serpvera/db:test:   ✔ every tenant-owned table has a tenant_isolation policy (1.124851ms)
@serpvera/db:test:   ✔ finding_evidence has composite tenant foreign keys to both endpoints (0.560336ms)
@serpvera/db:test:   ✔ runtime role is non-superuser and non-bypassrls (0.5674ms)
@serpvera/db:test: ✔ DB-02 schema integrity (real PostgreSQL catalogs) (62.79517ms)
@serpvera/db:test: ℹ tests 78
@serpvera/db:test: ℹ suites 10
@serpvera/db:test: ℹ pass 78
@serpvera/db:test: ℹ fail 0
@serpvera/db:test: ℹ cancelled 0
@serpvera/db:test: ℹ skipped 0
@serpvera/db:test: ℹ todo 0
@serpvera/db:test: ℹ duration_ms 1891.631467
@serpvera/api:build: cache bypass, force executing bb70aa120a914c04
@serpvera/api:build: 
@serpvera/api:build: > @serpvera/api@0.1.0 build /tmp/winseo-publish/apps/api
@serpvera/api:build: > tsc
@serpvera/api:build: 
@serpvera/crawler:test: cache bypass, force executing 97a6195c6bb6f9f0
@serpvera/crawler:test: 
@serpvera/crawler:test: > @serpvera/crawler@0.1.0 test /tmp/winseo-publish/services/crawler
@serpvera/crawler:test: > node --experimental-strip-types --test src/**/*.test.ts
@serpvera/crawler:test: 
@serpvera/crawler:test: ▶ html-parser
@serpvera/crawler:test:   ▶ parseHtmlPage
@serpvera/crawler:test:     ✔ extracts title (2.440542ms)
@serpvera/crawler:test:     ✔ extracts meta description (0.895789ms)
@serpvera/crawler:test:     ✔ extracts meta description (reversed attrs) (0.266803ms)
@serpvera/crawler:test:     ✔ returns null for missing description (0.195829ms)
@serpvera/crawler:test:     ✔ extracts H1 tags (1.110974ms)
@serpvera/crawler:test:     ✔ extracts canonical (0.245763ms)
@serpvera/crawler:test:     ✔ resolves relative canonical (0.191331ms)
@serpvera/crawler:test:     ✔ extracts robots meta (0.177876ms)
@serpvera/crawler:test:     ✔ parses valid JSON-LD structured data (0.302581ms)
@serpvera/crawler:test:     ✔ handles invalid JSON-LD (0.893114ms)
@serpvera/crawler:test:     ✔ extracts internal links only (0.186311ms)
@serpvera/crawler:test:     ✔ extracts html lang (0.118734ms)
@serpvera/crawler:test:     ✔ detects viewport meta (0.106862ms)
@serpvera/crawler:test:   ✔ parseHtmlPage (10.0185ms)
@serpvera/crawler:test:   ▶ stripTags
@serpvera/crawler:test:     ✔ strips HTML tags (0.191872ms)
@serpvera/crawler:test:     ✔ normalizes whitespace (0.108053ms)
@serpvera/crawler:test:   ✔ stripTags (0.446081ms)
@serpvera/crawler:test: ✔ html-parser (11.096081ms)
@serpvera/crawler:test: {"timestamp":"2026-10-07T16:06:03.143Z","level":"warn","message":"SSRF: resolved IP 169.254.169.254 is blocked (Link-local (169.254.0.0/16))","traceId":"rebind-metadata","context":{"traceId":"rebind-metadata","jobType":"crawler"}}
@serpvera/crawler:test: {"timestamp":"2026-10-07T16:06:03.145Z","level":"warn","message":"SSRF: resolved IP 10.0.0.5 is blocked (RFC1918 Class A (10.0.0.0/8))","traceId":"rebind-rfc1918","context":{"traceId":"rebind-rfc1918","jobType":"crawler"}}
@serpvera/crawler:test: {"timestamp":"2026-10-07T16:06:03.145Z","level":"warn","message":"SSRF: resolved IP 127.0.0.1 is blocked (IPv4 loopback (127.0.0.0/8))","traceId":"rebind-loopback","context":{"traceId":"rebind-loopback","jobType":"crawler"}}
@serpvera/crawler:test: ▶ http-fetcher connection-time SSRF defence
@serpvera/crawler:test:   ✔ pre-flight guard accepts a plain public hostname (control) (5.308218ms)
@serpvera/crawler:test:   ✔ blocks a public-looking name that resolves to the AWS metadata IP (rebinding) (2.051518ms)
@serpvera/crawler:test:   ✔ blocks a name that resolves to an RFC1918 address (0.387801ms)
@serpvera/crawler:test:   ✔ blocks a name that resolves to loopback (0.330293ms)
@serpvera/crawler:test:   ✔ fails closed when DNS returns no addresses (0.300978ms)
@serpvera/crawler:test:   ✔ pins both Node lookup callback forms to the validated IP (0.925866ms)
@serpvera/crawler:test: {"timestamp":"2026-10-07T16:06:03.155Z","level":"warn","message":"SSRF: resolved IP 127.0.0.1 is blocked (IPv4 loopback (127.0.0.0/8))","traceId":"mixed-dns","context":{"traceId":"mixed-dns","jobType":"crawler"}}
@serpvera/crawler:test:   ✔ decodes bounded HTTP response encodings supported by the transport (7.542692ms)
@serpvera/crawler:test:   ✔ rejects a mixed public/private DNS answer before transport (0.563503ms)
@serpvera/crawler:test:   ✔ guardUrl still rejects a private IP literal outright (no DNS needed) (0.269889ms)
@serpvera/crawler:test: ✔ http-fetcher connection-time SSRF defence (19.4061ms)
@serpvera/crawler:test: ▶ source-vs-render comparison
@serpvera/crawler:test:   ✔ reports no divergence for identical documents (2.855584ms)
@serpvera/crawler:test:   ✔ detects a JS-injected canonical (0.545128ms)
@serpvera/crawler:test:   ✔ detects a runtime title change (0.297932ms)
@serpvera/crawler:test:   ✔ detects H1 sets that only exist after render (0.246615ms)
@serpvera/crawler:test:   ✔ describeDivergences produces a human summary (0.32869ms)
@serpvera/crawler:test: ✔ source-vs-render comparison (5.996517ms)
@serpvera/crawler:test: ▶ render escalation decision
@serpvera/crawler:test:   ✔ does NOT escalate a content-complete static page (2.910868ms)
@serpvera/crawler:test:   ✔ escalates a thin SPA shell with SHELL_ONLY_BODY (1.409848ms)
@serpvera/crawler:test:   ✔ escalates an empty framework mount with APP_MOUNT_EMPTY (0.357905ms)
@serpvera/crawler:test:   ✔ escalates when content is gated behind JavaScript (NOSCRIPT_CONTENT) (0.267143ms)
@serpvera/crawler:test:   ✔ escalates when source has neither title nor meta description (0.218011ms)
@serpvera/crawler:test:   ✔ every escalation carries explicit human-readable reasons (0.219634ms)
@serpvera/crawler:test: ✔ render escalation decision (7.024916ms)
@serpvera/crawler:test: ▶ renderer (real Chromium)
@serpvera/crawler:test:   ✔ captures a rendered DOM with client-side mutations applied (952.962273ms)
@serpvera/crawler:test:   ✔ rejects private targets BEFORE any browser work (SSRF) (0.386889ms)
@serpvera/crawler:test:   ✔ bounds concurrency to RENDER_MAX_CONCURRENCY (semaphore, no leak) (1415.415886ms)
@serpvera/crawler:test: ✔ renderer (real Chromium) (2370.248736ms)
@serpvera/crawler:test: ▶ seo-rules (deterministic, no network)
@serpvera/crawler:test:   ✔ a clean page produces no findings (4.029548ms)
@serpvera/crawler:test:   ✔ is deterministic: identical input yields identical output (0.882233ms)
@serpvera/crawler:test:   ✔ every finding is epistemically OBSERVED and carries a ruleVersion (0.668962ms)
@serpvera/crawler:test:   ✔ no finding claims engine behaviour (no penalty/ranking assertions) (0.313161ms)
@serpvera/crawler:test:   ✔ flags a missing title / description / H1 (0.164691ms)
@serpvera/crawler:test:   ✔ flags title too short and too long, but only one rule fires per title (0.210968ms)
@serpvera/crawler:test:   ✔ flags an over-long meta description (0.209726ms)
@serpvera/crawler:test:   ✔ flags multiple H1s (0.198785ms)
@serpvera/crawler:test:   ✔ flags missing canonical (0.174469ms)
@serpvera/crawler:test:   ✔ flags a canonical pointing elsewhere, worded as observation not penalty (0.308221ms)
@serpvera/crawler:test:   ✔ a self-referencing canonical produces no canonical finding (0.167866ms)
@serpvera/crawler:test:   ✔ flags noindex in robots meta (0.141216ms)
@serpvera/crawler:test:   ✔ flags invalid JSON-LD but accepts valid JSON-LD (0.246705ms)
@serpvera/crawler:test:   ✔ flags missing html lang and missing viewport (0.131318ms)
@serpvera/crawler:test:   ✔ records a redirect chain as an observation with the real hop path (0.140685ms)
@serpvera/crawler:test:   ✔ escalates redirect severity past two hops (0.118884ms)
@serpvera/crawler:test:   ✔ no redirect chain => no redirect finding (0.095661ms)
@serpvera/crawler:test:   ✔ evidence carries the content hash and final url (reproducibility) (0.131919ms)
@serpvera/crawler:test:   ✔ severity values stay within the contract vocabulary (0.106531ms)
@serpvera/crawler:test: ✔ seo-rules (deterministic, no network) (10.263121ms)
@serpvera/crawler:test: ▶ sitemap-parser
@serpvera/crawler:test:   ▶ parseRobotsTxt
@serpvera/crawler:test:     ✔ parses basic robots.txt (1.537649ms)
@serpvera/crawler:test:     ✔ parses multiple user agents (0.154451ms)
@serpvera/crawler:test:   ✔ parseRobotsTxt (2.443146ms)
@serpvera/crawler:test:   ▶ isUrlAllowed
@serpvera/crawler:test:     ✔ allows public path (0.395906ms)
@serpvera/crawler:test:     ✔ blocks disallowed path (0.153129ms)
@serpvera/crawler:test:     ✔ allow overrides disallow (0.143291ms)
@serpvera/crawler:test:   ✔ isUrlAllowed (0.978445ms)
@serpvera/crawler:test:   ▶ parseSitemapXml
@serpvera/crawler:test:     ✔ parses URL sitemap (0.979177ms)
@serpvera/crawler:test:     ✔ parses sitemap index (0.31846ms)
@serpvera/crawler:test:   ✔ parseSitemapXml (1.626036ms)
@serpvera/crawler:test: ✔ sitemap-parser (5.673768ms)
@serpvera/crawler:test: ▶ ssrf-guard
@serpvera/crawler:test:   ▶ isPrivateIp
@serpvera/crawler:test:     ✔ blocks 127.0.0.1 (1.190024ms)
@serpvera/crawler:test:     ✔ blocks 10.0.0.1 (0.146336ms)
@serpvera/crawler:test:     ✔ blocks 172.16.0.1 (0.189438ms)
@serpvera/crawler:test:     ✔ blocks 172.31.255.255 (0.162346ms)
@serpvera/crawler:test:     ✔ does not block 172.32.0.1 (0.19054ms)
@serpvera/crawler:test:     ✔ blocks 192.168.1.1 (0.164921ms)
@serpvera/crawler:test:     ✔ blocks 169.254.169.254 (metadata) (0.171423ms)
@serpvera/crawler:test:     ✔ blocks 0.0.0.0 (0.154431ms)
@serpvera/crawler:test:     ✔ blocks multicast 224.0.0.1 (0.195218ms)
@serpvera/crawler:test:     ✔ blocks CGNAT 100.64.0.1 (0.242527ms)
@serpvera/crawler:test:     ✔ allows public IP 8.8.8.8 (0.099398ms)
@serpvera/crawler:test:     ✔ allows public IP 1.1.1.1 (0.101932ms)
@serpvera/crawler:test:     ✔ blocks IPv6 unique-local and multicast addresses (3.734722ms)
@serpvera/crawler:test:     ✔ blocks IPv4-mapped IPv6 loopback in dotted and hexadecimal forms (0.167085ms)
@serpvera/crawler:test:     ✔ allows a public IPv6 address (0.137258ms)
@serpvera/crawler:test:   ✔ isPrivateIp (8.681158ms)
@serpvera/crawler:test:   ▶ validateHostname
@serpvera/crawler:test:     ✔ blocks metadata.google.internal (0.154461ms)
@serpvera/crawler:test:     ✔ allows example.com (0.065263ms)
@serpvera/crawler:test:   ✔ validateHostname (0.335422ms)
@serpvera/crawler:test:   ▶ guardUrl
@serpvera/crawler:test:     ✔ passes safe URLs (0.33441ms)
@serpvera/crawler:test:     ✔ blocks private IP in hostname (0.367353ms)
@serpvera/crawler:test:     ✔ blocks AWS metadata endpoint (0.121489ms)
@serpvera/crawler:test:     ✔ blocks file:// protocol via URL parsing (0.116891ms)
@serpvera/crawler:test:     ✔ SSRF corpus: IPv4 loopback (0.113664ms)
@serpvera/crawler:test:     ✔ SSRF corpus: IPv6 loopback (0.068409ms)
@serpvera/crawler:test:     ✔ SSRF corpus: localhost hostname (0.062558ms)
@serpvera/crawler:test:     ✔ SSRF corpus: Unspecified address (0.071074ms)
@serpvera/crawler:test:     ✔ SSRF corpus: 10.0.0.0/8 (0.073038ms)
@serpvera/crawler:test:     ✔ SSRF corpus: 172.16.0.0/12 (0.073679ms)
@serpvera/crawler:test:     ✔ SSRF corpus: 192.168.0.0/16 (0.064832ms)
@serpvera/crawler:test:     ✔ SSRF corpus: AWS metadata endpoint (0.064882ms)
@serpvera/crawler:test:     ✔ SSRF corpus: Link-local range (0.071414ms)
@serpvera/crawler:test:     ✔ SSRF corpus: GCP metadata (0.106852ms)
@serpvera/crawler:test:     ✔ SSRF corpus: GCP metadata IP (0.07976ms)
@serpvera/crawler:test:     ✔ SSRF corpus: 100.64.0.0/10 (CGNAT) (0.069862ms)
@serpvera/crawler:test:     ✔ SSRF corpus: Multicast range (0.066716ms)
@serpvera/crawler:test:     ✔ SSRF corpus: file:// protocol (0.057037ms)
@serpvera/crawler:test:     ✔ SSRF corpus: ftp:// protocol (0.097113ms)
@serpvera/crawler:test:     ✔ SSRF corpus: gopher:// protocol (0.089037ms)
@serpvera/crawler:test:     ✔ SSRF corpus: URL with credentials (0.065493ms)
@serpvera/crawler:test:     ✔ safe URL: Normal HTTPS URL (0.088957ms)
@serpvera/crawler:test:     ✔ safe URL: URL with query params (0.051748ms)
@serpvera/crawler:test:     ✔ safe URL: Normal HTTP URL (0.052098ms)
@serpvera/crawler:test:     ✔ safe URL: Complex subdomain (0.096101ms)
@serpvera/crawler:test:   ✔ guardUrl (3.273392ms)
@serpvera/crawler:test: ✔ ssrf-guard (12.801487ms)
@serpvera/crawler:test: ▶ url-normalizer
@serpvera/crawler:test:   ▶ normalizeUrl
@serpvera/crawler:test:     ✔ normalizes a basic HTTPS URL (1.238986ms)
@serpvera/crawler:test:     ✔ strips fragments (0.152077ms)
@serpvera/crawler:test:     ✔ lowercases hostname (0.157286ms)
@serpvera/crawler:test:     ✔ removes default HTTPS port (0.252806ms)
@serpvera/crawler:test:     ✔ removes default HTTP port (0.171353ms)
@serpvera/crawler:test:     ✔ preserves non-default ports (0.204856ms)
@serpvera/crawler:test:     ✔ preserves query parameters (0.176493ms)
@serpvera/crawler:test:     ✔ rejects file:// protocol (0.42465ms)
@serpvera/crawler:test:     ✔ rejects ftp:// protocol (0.173517ms)
@serpvera/crawler:test:     ✔ rejects URLs with embedded credentials (0.234102ms)
@serpvera/crawler:test:     ✔ rejects URLs exceeding max length (0.146746ms)
@serpvera/crawler:test:     ✔ rejects malformed URLs (0.149842ms)
@serpvera/crawler:test:     ✔ handles URLs with path and complex query string (0.134764ms)
@serpvera/crawler:test:   ✔ normalizeUrl (6.152952ms)
@serpvera/crawler:test:   ▶ normalizeAuditTarget
@serpvera/crawler:test:     ✔ defaults a bare domain to HTTPS (0.422317ms)
@serpvera/crawler:test:     ✔ preserves an entered page path and query (0.200508ms)
@serpvera/crawler:test:     ✔ preserves explicit HTTP (0.394564ms)
@serpvera/crawler:test:     ✔ rejects non-HTTP schemes (0.150244ms)
@serpvera/crawler:test:     ✔ rejects blank targets (0.110448ms)
@serpvera/crawler:test:   ✔ normalizeAuditTarget (1.5432ms)
@serpvera/crawler:test: ✔ url-normalizer (8.317844ms)
@serpvera/crawler:test: ℹ tests 124
@serpvera/crawler:test: ℹ suites 19
@serpvera/crawler:test: ℹ pass 124
@serpvera/crawler:test: ℹ fail 0
@serpvera/crawler:test: ℹ cancelled 0
@serpvera/crawler:test: ℹ skipped 0
@serpvera/crawler:test: ℹ todo 0
@serpvera/crawler:test: ℹ duration_ms 2517.331168
@serpvera/web:build: cache bypass, force executing 51dceabe668ea91f
@serpvera/web:build: 
@serpvera/web:build: > @serpvera/web@0.1.0 build /tmp/winseo-publish/apps/web
@serpvera/web:build: > next build
@serpvera/web:build: 
@serpvera/web:build:    ▲ Next.js 15.5.27
@serpvera/web:build: 
@serpvera/web:build:    Creating an optimized production build ...
@serpvera/web:build:  ✓ Compiled successfully in 1862ms
@serpvera/web:build:    Linting and checking validity of types ...
@serpvera/web:build: 
@serpvera/web:build:  ⚠ The Next.js plugin was not detected in your ESLint configuration. See https://nextjs.org/docs/app/api-reference/config/eslint#migrating-existing-config
@serpvera/web:build:    Collecting page data ...
@serpvera/web:build:    Generating static pages (0/7) ...
@serpvera/web:build:    Generating static pages (1/7) 
@serpvera/web:build:    Generating static pages (3/7) 
@serpvera/web:build:    Generating static pages (5/7) 
@serpvera/web:build:  ✓ Generating static pages (7/7)
@serpvera/web:build:    Finalizing page optimization ...
@serpvera/web:build:    Collecting build traces ...
@serpvera/web:build: 
@serpvera/web:build: Route (app)                                                     Size  First Load JS
@serpvera/web:build: ┌ ƒ /                                                        2.39 kB         108 kB
@serpvera/web:build: ├ ○ /_not-found                                                992 B         104 kB
@serpvera/web:build: ├ ƒ /api/integrations/gsc/callback                             147 B         103 kB
@serpvera/web:build: ├ ƒ /api/scan                                                  147 B         103 kB
@serpvera/web:build: ├ ƒ /api/v1/[...path]                                          147 B         103 kB
@serpvera/web:build: ├ ƒ /dashboard                                               3.19 kB         109 kB
@serpvera/web:build: ├ ƒ /dashboard/[projectId]                                     923 B         107 kB
@serpvera/web:build: ├ ƒ /dashboard/[projectId]/actions                             170 B         106 kB
@serpvera/web:build: ├ ƒ /dashboard/[projectId]/actions/[actionId]                2.35 kB         108 kB
@serpvera/web:build: ├ ƒ /dashboard/[projectId]/ai-visibility                     6.19 kB         112 kB
@serpvera/web:build: ├ ƒ /dashboard/[projectId]/autofix                           3.69 kB         110 kB
@serpvera/web:build: ├ ƒ /dashboard/[projectId]/crawls                              170 B         106 kB
@serpvera/web:build: ├ ƒ /dashboard/[projectId]/decision-center                     170 B         106 kB
@serpvera/web:build: ├ ƒ /dashboard/[projectId]/findings                          1.75 kB         108 kB
@serpvera/web:build: ├ ƒ /dashboard/[projectId]/findings/[findingId]                170 B         106 kB
@serpvera/web:build: ├ ƒ /dashboard/[projectId]/reports                             370 B         106 kB
@serpvera/web:build: ├ ƒ /dashboard/[projectId]/search-performance                1.44 kB         108 kB
@serpvera/web:build: ├ ƒ /dashboard/[projectId]/search-performance/changes          981 B         107 kB
@serpvera/web:build: ├ ƒ /dashboard/[projectId]/search-performance/opportunities    981 B         107 kB
@serpvera/web:build: ├ ƒ /dashboard/[projectId]/search-performance/pages            981 B         107 kB
@serpvera/web:build: ├ ƒ /dashboard/[projectId]/search-performance/queries          981 B         107 kB
@serpvera/web:build: ├ ƒ /dashboard/security                                      1.76 kB         104 kB
@serpvera/web:build: ├ ○ /login                                                   1.98 kB         105 kB
@serpvera/web:build: ├ ○ /methodology                                               147 B         103 kB
@serpvera/web:build: ├ ○ /pricing                                                   147 B         103 kB
@serpvera/web:build: ├ ƒ /projects/[projectId]/actions                              147 B         103 kB
@serpvera/web:build: ├ ƒ /scan/[scanId]                                           2.16 kB         105 kB
@serpvera/web:build: └ ƒ /signup                                                    147 B         103 kB
@serpvera/web:build: + First Load JS shared by all                                 103 kB
@serpvera/web:build:   ├ chunks/812-52aaa9f8a3640ba4.js                           46.5 kB
@serpvera/web:build:   ├ chunks/9923a0e2-1a45aa5d099bff40.js                      54.2 kB
@serpvera/web:build:   └ other shared chunks (total)                              1.92 kB
@serpvera/web:build: 
@serpvera/web:build: 
@serpvera/web:build: ○  (Static)   prerendered as static content
@serpvera/web:build: ƒ  (Dynamic)  server-rendered on demand
@serpvera/web:build: 
@serpvera/api:test: cache bypass, force executing 1d6121b387e39ef6
@serpvera/api:test: 
@serpvera/api:test: > @serpvera/api@0.1.0 test /tmp/winseo-publish/apps/api
@serpvera/api:test: > node --import ./src/test-env.ts --experimental-strip-types --test --test-concurrency=1 src/*.test.ts src/**/*.test.ts
@serpvera/api:test: 
@serpvera/api:test: {"level":30,"time":1791389179579,"pid":945434,"hostname":"wina-LOQ-16IRH8","driver":"postgres","role":"serpvera_app","msg":"store driver: postgres — persistence + RLS enforced"}
@serpvera/api:test: {"level":30,"time":1791389179609,"pid":945434,"hostname":"wina-LOQ-16IRH8","reqId":"req-1","req":{"method":"POST","url":"/v1/auth/register","host":"localhost:80","remoteAddress":"127.0.0.1"},"msg":"incoming request"}
@serpvera/api:test: {"timestamp":"2026-10-07T16:06:19.671Z","level":"info","message":"User registered","context":{"userId":"28960cb3-ea55-435f-823f-b41de09076a7"}}
@serpvera/api:test: {"level":30,"time":1791389179673,"pid":945434,"hostname":"wina-LOQ-16IRH8","reqId":"req-1","res":{"statusCode":201},"responseTime":63.58139299999999,"msg":"request completed"}
@serpvera/api:test: {"level":30,"time":1791389179674,"pid":945434,"hostname":"wina-LOQ-16IRH8","reqId":"req-2","req":{"method":"POST","url":"/v1/organizations","host":"localhost:80","remoteAddress":"127.0.0.1"},"msg":"incoming request"}
@serpvera/api:test: {"timestamp":"2026-10-07T16:06:19.678Z","level":"info","message":"Organization created","organizationId":"d8cd6c65-27c1-43a2-bf93-12e03151aecd","context":{"organizationId":"d8cd6c65-27c1-43a2-bf93-12e03151aecd","userId":"28960cb3-ea55-435f-823f-b41de09076a7"}}
@serpvera/api:test: {"level":30,"time":1791389179679,"pid":945434,"hostname":"wina-LOQ-16IRH8","reqId":"req-2","res":{"statusCode":201},"responseTime":4.952116999999987,"msg":"request completed"}
@serpvera/api:test: {"level":30,"time":1791389179679,"pid":945434,"hostname":"wina-LOQ-16IRH8","reqId":"req-3","req":{"method":"POST","url":"/v1/auth/select-organization","host":"localhost:80","remoteAddress":"127.0.0.1"},"msg":"incoming request"}
@serpvera/api:test: {"timestamp":"2026-10-07T16:06:19.684Z","level":"info","message":"Organization selected","organizationId":"d8cd6c65-27c1-43a2-bf93-12e03151aecd","context":{"userId":"28960cb3-ea55-435f-823f-b41de09076a7","organizationId":"d8cd6c65-27c1-43a2-bf93-12e03151aecd"}}
@serpvera/api:test: {"level":30,"time":1791389179684,"pid":945434,"hostname":"wina-LOQ-16IRH8","reqId":"req-3","res":{"statusCode":200},"responseTime":5.276108000000022,"msg":"request completed"}
@serpvera/api:test: {"level":30,"time":1791389179684,"pid":945434,"hostname":"wina-LOQ-16IRH8","reqId":"req-4","req":{"method":"POST","url":"/v1/auth/register","host":"localhost:80","remoteAddress":"127.0.0.1"},"msg":"incoming request"}
@serpvera/api:test: {"timestamp":"2026-10-07T16:06:19.723Z","level":"info","message":"User registered","context":{"userId":"3adb6ad3-6724-44fa-8600-2e3f6ee9cbdc"}}
@serpvera/api:test: {"level":30,"time":1791389179723,"pid":945434,"hostname":"wina-LOQ-16IRH8","reqId":"req-4","res":{"statusCode":201},"responseTime":38.52916700000003,"msg":"request completed"}
@serpvera/api:test: {"level":30,"time":1791389179723,"pid":945434,"hostname":"wina-LOQ-16IRH8","reqId":"req-5","req":{"method":"POST","url":"/v1/organizations","host":"localhost:80","remoteAddress":"127.0.0.1"},"msg":"incoming request"}
@serpvera/api:test: {"timestamp":"2026-10-07T16:06:19.727Z","level":"info","message":"Organization created","organizationId":"587e1ba7-2aec-4d6b-a0e2-ef4c2d9dfe3b","context":{"organizationId":"587e1ba7-2aec-4d6b-a0e2-ef4c2d9dfe3b","userId":"3adb6ad3-6724-44fa-8600-2e3f6ee9cbdc"}}
@serpvera/api:test: {"level":30,"time":1791389179727,"pid":945434,"hostname":"wina-LOQ-16IRH8","reqId":"req-5","res":{"statusCode":201},"responseTime":3.642688000000021,"msg":"request completed"}
@serpvera/api:test: {"level":30,"time":1791389179727,"pid":945434,"hostname":"wina-LOQ-16IRH8","reqId":"req-6","req":{"method":"POST","url":"/v1/auth/select-organization","host":"localhost:80","remoteAddress":"127.0.0.1"},"msg":"incoming request"}
@serpvera/api:test: {"timestamp":"2026-10-07T16:06:19.732Z","level":"info","message":"Organization selected","organizationId":"587e1ba7-2aec-4d6b-a0e2-ef4c2d9dfe3b","context":{"userId":"3adb6ad3-6724-44fa-8600-2e3f6ee9cbdc","organizationId":"587e1ba7-2aec-4d6b-a0e2-ef4c2d9dfe3b"}}
@serpvera/api:test: {"level":30,"time":1791389179733,"pid":945434,"hostname":"wina-LOQ-16IRH8","reqId":"req-6","res":{"statusCode":200},"responseTime":5.1896750000000225,"msg":"request completed"}
@serpvera/api:test: {"level":30,"time":1791389179733,"pid":945434,"hostname":"wina-LOQ-16IRH8","reqId":"req-7","req":{"method":"POST","url":"/v1/projects","host":"localhost:80","remoteAddress":"127.0.0.1"},"msg":"incoming request"}
@serpvera/api:test: {"level":30,"time":1791389179737,"pid":945434,"hostname":"wina-LOQ-16IRH8","reqId":"req-7","res":{"statusCode":201},"responseTime":3.6645389999999907,"msg":"request completed"}
@serpvera/api:test: {"level":30,"time":1791389179758,"pid":945434,"hostname":"wina-LOQ-16IRH8","reqId":"req-8","req":{"method":"POST","url":"/v1/actions/6a615264-66eb-4593-b5dd-1bc4db20824e/transitions","host":"localhost:80","remoteAddress":"127.0.0.1"},"msg":"incoming request"}
@serpvera/api:test: {"level":30,"time":1791389179763,"pid":945434,"hostname":"wina-LOQ-16IRH8","reqId":"req-8","res":{"statusCode":409},"responseTime":4.291480999999976,"msg":"request completed"}
@serpvera/api:test: ▶ Action Center API + verification loop (real PostgreSQL)
@serpvera/api:test:   ✔ rejects an action without evidence (5.319429ms)
@serpvera/api:test: {"level":30,"time":1791389179763,"pid":945434,"hostname":"wina-LOQ-16IRH8","reqId":"req-9","req":{"method":"POST","url":"/v1/actions/0cd8fd15-8199-4754-b9f4-342affa090a7/transitions","host":"localhost:80","remoteAddress":"127.0.0.1"},"msg":"incoming request"}
@serpvera/api:test: {"timestamp":"2026-10-07T16:06:19.765Z","level":"warn","message":"Request validation failed","context":{"issues":1}}
@serpvera/api:test:   ✔ rejects the former IMPLEMENTED label because it did not prove a site write (2.143001ms)
@serpvera/api:test: {"level":30,"time":1791389179765,"pid":945434,"hostname":"wina-LOQ-16IRH8","reqId":"req-9","res":{"statusCode":400},"responseTime":1.7684340000000134,"msg":"request completed"}
@serpvera/api:test: {"level":30,"time":1791389179766,"pid":945434,"hostname":"wina-LOQ-16IRH8","reqId":"req-a","req":{"method":"POST","url":"/v1/actions/ff8b63c2-3a41-4b59-a4ee-8412a7c028bb/transitions","host":"localhost:80","remoteAddress":"127.0.0.1"},"msg":"incoming request"}
@serpvera/api:test: {"level":30,"time":1791389179766,"pid":945434,"hostname":"wina-LOQ-16IRH8","reqId":"req-b","req":{"method":"POST","url":"/v1/actions/ff8b63c2-3a41-4b59-a4ee-8412a7c028bb/transitions","host":"localhost:80","remoteAddress":"127.0.0.1"},"msg":"incoming request"}
@serpvera/api:test: {"level":30,"time":1791389179772,"pid":945434,"hostname":"wina-LOQ-16IRH8","reqId":"req-a","res":{"statusCode":200},"responseTime":6.0358510000000365,"msg":"request completed"}
@serpvera/api:test: {"level":30,"time":1791389179772,"pid":945434,"hostname":"wina-LOQ-16IRH8","reqId":"req-b","res":{"statusCode":409},"responseTime":6.118867000000023,"msg":"request completed"}
@serpvera/api:test: {"level":30,"time":1791389179773,"pid":945434,"hostname":"wina-LOQ-16IRH8","reqId":"req-c","req":{"method":"POST","url":"/v1/actions/ff8b63c2-3a41-4b59-a4ee-8412a7c028bb/transitions","host":"localhost:80","remoteAddress":"127.0.0.1"},"msg":"incoming request"}
@serpvera/api:test: {"level":30,"time":1791389179778,"pid":945434,"hostname":"wina-LOQ-16IRH8","reqId":"req-c","res":{"statusCode":200},"responseTime":5.341481999999985,"msg":"request completed"}
@serpvera/api:test: {"level":30,"time":1791389179778,"pid":945434,"hostname":"wina-LOQ-16IRH8","reqId":"req-d","req":{"method":"POST","url":"/v1/actions/ff8b63c2-3a41-4b59-a4ee-8412a7c028bb/transitions","host":"localhost:80","remoteAddress":"127.0.0.1"},"msg":"incoming request"}
@serpvera/api:test: {"level":30,"time":1791389179783,"pid":945434,"hostname":"wina-LOQ-16IRH8","reqId":"req-d","res":{"statusCode":200},"responseTime":4.475669000000039,"msg":"request completed"}
@serpvera/api:test:   ✔ protects concurrent transitions and audits explicit recommendation rejection (17.49115ms)
@serpvera/api:test: {"level":30,"time":1791389179783,"pid":945434,"hostname":"wina-LOQ-16IRH8","reqId":"req-e","req":{"method":"POST","url":"/v1/actions/0cd8fd15-8199-4754-b9f4-342affa090a7/transitions","host":"localhost:80","remoteAddress":"127.0.0.1"},"msg":"incoming request"}
@serpvera/api:test: {"level":30,"time":1791389179788,"pid":945434,"hostname":"wina-LOQ-16IRH8","reqId":"req-e","res":{"statusCode":200},"responseTime":4.87620400000003,"msg":"request completed"}
@serpvera/api:test: {"level":30,"time":1791389179789,"pid":945434,"hostname":"wina-LOQ-16IRH8","reqId":"req-f","req":{"method":"POST","url":"/v1/actions/0cd8fd15-8199-4754-b9f4-342affa090a7/transitions","host":"localhost:80","remoteAddress":"127.0.0.1"},"msg":"incoming request"}
@serpvera/api:test: {"level":30,"time":1791389179791,"pid":945434,"hostname":"wina-LOQ-16IRH8","reqId":"req-f","res":{"statusCode":409},"responseTime":2.0877570000000105,"msg":"request completed"}
@serpvera/api:test: {"level":30,"time":1791389179791,"pid":945434,"hostname":"wina-LOQ-16IRH8","reqId":"req-g","req":{"method":"POST","url":"/v1/actions/0cd8fd15-8199-4754-b9f4-342affa090a7/transitions","host":"localhost:80","remoteAddress":"127.0.0.1"},"msg":"incoming request"}
@serpvera/api:test: {"level":30,"time":1791389179795,"pid":945434,"hostname":"wina-LOQ-16IRH8","reqId":"req-g","res":{"statusCode":200},"responseTime":4.135487000000012,"msg":"request completed"}
@serpvera/api:test: {"level":30,"time":1791389179795,"pid":945434,"hostname":"wina-LOQ-16IRH8","reqId":"req-h","req":{"method":"POST","url":"/v1/actions/0cd8fd15-8199-4754-b9f4-342affa090a7/transitions","host":"localhost:80","remoteAddress":"127.0.0.1"},"msg":"incoming request"}
@serpvera/api:test: {"level":30,"time":1791389179798,"pid":945434,"hostname":"wina-LOQ-16IRH8","reqId":"req-h","res":{"statusCode":409},"responseTime":2.3632259999999974,"msg":"request completed"}
@serpvera/api:test: {"level":30,"time":1791389179798,"pid":945434,"hostname":"wina-LOQ-16IRH8","reqId":"req-i","req":{"method":"POST","url":"/v1/actions/0cd8fd15-8199-4754-b9f4-342affa090a7/transitions","host":"localhost:80","remoteAddress":"127.0.0.1"},"msg":"incoming request"}
@serpvera/api:test: {"level":30,"time":1791389179802,"pid":945434,"hostname":"wina-LOQ-16IRH8","reqId":"req-i","res":{"statusCode":200},"responseTime":3.956940999999972,"msg":"request completed"}
@serpvera/api:test: {"level":30,"time":1791389179802,"pid":945434,"hostname":"wina-LOQ-16IRH8","reqId":"req-j","req":{"method":"POST","url":"/v1/actions/0cd8fd15-8199-4754-b9f4-342affa090a7/transitions","host":"localhost:80","remoteAddress":"127.0.0.1"},"msg":"incoming request"}
@serpvera/api:test: {"level":30,"time":1791389179806,"pid":945434,"hostname":"wina-LOQ-16IRH8","reqId":"req-j","res":{"statusCode":200},"responseTime":3.7577249999999935,"msg":"request completed"}
@serpvera/api:test: {"level":30,"time":1791389179806,"pid":945434,"hostname":"wina-LOQ-16IRH8","reqId":"req-k","req":{"method":"POST","url":"/v1/actions/0cd8fd15-8199-4754-b9f4-342affa090a7/transitions","host":"localhost:80","remoteAddress":"127.0.0.1"},"msg":"incoming request"}
@serpvera/api:test: {"level":30,"time":1791389179808,"pid":945434,"hostname":"wina-LOQ-16IRH8","reqId":"req-k","res":{"statusCode":409},"responseTime":1.8591359999999781,"msg":"request completed"}
@serpvera/api:test: {"level":30,"time":1791389179808,"pid":945434,"hostname":"wina-LOQ-16IRH8","reqId":"req-l","req":{"method":"POST","url":"/v1/actions/0cd8fd15-8199-4754-b9f4-342affa090a7/transitions","host":"localhost:80","remoteAddress":"127.0.0.1"},"msg":"incoming request"}
@serpvera/api:test: {"level":30,"time":1791389179812,"pid":945434,"hostname":"wina-LOQ-16IRH8","reqId":"req-l","res":{"statusCode":200},"responseTime":3.868494000000055,"msg":"request completed"}
@serpvera/api:test: {"level":30,"time":1791389179814,"pid":945434,"hostname":"wina-LOQ-16IRH8","reqId":"req-m","req":{"method":"POST","url":"/v1/actions/0cd8fd15-8199-4754-b9f4-342affa090a7/transitions","host":"localhost:80","remoteAddress":"127.0.0.1"},"msg":"incoming request"}
@serpvera/api:test: {"level":30,"time":1791389179819,"pid":945434,"hostname":"wina-LOQ-16IRH8","reqId":"req-m","res":{"statusCode":200},"responseTime":4.857299000000012,"msg":"request completed"}
@serpvera/api:test: {"level":30,"time":1791389179819,"pid":945434,"hostname":"wina-LOQ-16IRH8","reqId":"req-n","req":{"method":"POST","url":"/v1/actions/0cd8fd15-8199-4754-b9f4-342affa090a7/transitions","host":"localhost:80","remoteAddress":"127.0.0.1"},"msg":"incoming request"}
@serpvera/api:test: {"level":30,"time":1791389179823,"pid":945434,"hostname":"wina-LOQ-16IRH8","reqId":"req-n","res":{"statusCode":200},"responseTime":4.341566,"msg":"request completed"}
@serpvera/api:test:   ✔ rejects implementation without approval, rejects verification without measurement, and computes VERIFIED from the declared gate (40.203354ms)
@serpvera/api:test: {"level":30,"time":1791389179824,"pid":945434,"hostname":"wina-LOQ-16IRH8","reqId":"req-o","req":{"method":"GET","url":"/v1/actions/0cd8fd15-8199-4754-b9f4-342affa090a7","host":"localhost:80","remoteAddress":"127.0.0.1"},"msg":"incoming request"}
@serpvera/api:test: {"level":30,"time":1791389179825,"pid":945434,"hostname":"wina-LOQ-16IRH8","reqId":"req-o","res":{"statusCode":404},"responseTime":1.8122869999999693,"msg":"request completed"}
@serpvera/api:test: {"level":30,"time":1791389179826,"pid":945434,"hostname":"wina-LOQ-16IRH8","reqId":"req-p","req":{"method":"POST","url":"/v1/actions/0cd8fd15-8199-4754-b9f4-342affa090a7/transitions","host":"localhost:80","remoteAddress":"127.0.0.1"},"msg":"incoming request"}
@serpvera/api:test: {"level":30,"time":1791389179827,"pid":945434,"hostname":"wina-LOQ-16IRH8","reqId":"req-p","res":{"statusCode":404},"responseTime":1.38209599999999,"msg":"request completed"}
@serpvera/api:test:   ✔ returns uniform 404 for cross-tenant action reads and writes (3.889364ms)
@serpvera/api:test:   ✔ keeps audit history append-only at the database boundary (2.225807ms)
@serpvera/api:test: ✔ Action Center API + verification loop (real PostgreSQL) (298.033726ms)
@serpvera/api:test: {"level":30,"time":1791389180122,"pid":945448,"hostname":"wina-LOQ-16IRH8","driver":"postgres","role":"serpvera_app","msg":"store driver: postgres — persistence + RLS enforced"}
@serpvera/api:test: {"level":30,"time":1791389180154,"pid":945448,"hostname":"wina-LOQ-16IRH8","reqId":"req-1","req":{"method":"POST","url":"/v1/auth/register","host":"localhost:80","remoteAddress":"127.0.0.1"},"msg":"incoming request"}
@serpvera/api:test: {"timestamp":"2026-10-07T16:06:20.213Z","level":"info","message":"User registered","context":{"userId":"6b3c9910-13bf-4c13-a8db-bd8e6e5b730e"}}
@serpvera/api:test: {"level":30,"time":1791389180215,"pid":945448,"hostname":"wina-LOQ-16IRH8","reqId":"req-1","res":{"statusCode":201},"responseTime":61.29872899999998,"msg":"request completed"}
@serpvera/api:test: {"level":30,"time":1791389180216,"pid":945448,"hostname":"wina-LOQ-16IRH8","reqId":"req-2","req":{"method":"POST","url":"/v1/organizations","host":"localhost:80","remoteAddress":"127.0.0.1"},"msg":"incoming request"}
@serpvera/api:test: {"timestamp":"2026-10-07T16:06:20.220Z","level":"info","message":"Organization created","organizationId":"b211b1f2-1866-43c8-8a21-dec4a3136db7","context":{"organizationId":"b211b1f2-1866-43c8-8a21-dec4a3136db7","userId":"6b3c9910-13bf-4c13-a8db-bd8e6e5b730e"}}
@serpvera/api:test: {"level":30,"time":1791389180221,"pid":945448,"hostname":"wina-LOQ-16IRH8","reqId":"req-2","res":{"statusCode":201},"responseTime":4.929855000000032,"msg":"request completed"}
@serpvera/api:test: {"level":30,"time":1791389180221,"pid":945448,"hostname":"wina-LOQ-16IRH8","reqId":"req-3","req":{"method":"POST","url":"/v1/auth/select-organization","host":"localhost:80","remoteAddress":"127.0.0.1"},"msg":"incoming request"}
@serpvera/api:test: {"timestamp":"2026-10-07T16:06:20.226Z","level":"info","message":"Organization selected","organizationId":"b211b1f2-1866-43c8-8a21-dec4a3136db7","context":{"userId":"6b3c9910-13bf-4c13-a8db-bd8e6e5b730e","organizationId":"b211b1f2-1866-43c8-8a21-dec4a3136db7"}}
@serpvera/api:test: {"level":30,"time":1791389180226,"pid":945448,"hostname":"wina-LOQ-16IRH8","reqId":"req-3","res":{"statusCode":200},"responseTime":4.67604700000004,"msg":"request completed"}
@serpvera/api:test: {"level":30,"time":1791389180226,"pid":945448,"hostname":"wina-LOQ-16IRH8","reqId":"req-4","req":{"method":"POST","url":"/v1/auth/register","host":"localhost:80","remoteAddress":"127.0.0.1"},"msg":"incoming request"}
@serpvera/api:test: {"timestamp":"2026-10-07T16:06:20.264Z","level":"info","message":"User registered","context":{"userId":"95bd126d-97fe-4145-99cc-4d91399835b1"}}
@serpvera/api:test: {"level":30,"time":1791389180264,"pid":945448,"hostname":"wina-LOQ-16IRH8","reqId":"req-4","res":{"statusCode":201},"responseTime":37.83673200000004,"msg":"request completed"}
@serpvera/api:test: {"level":30,"time":1791389180264,"pid":945448,"hostname":"wina-LOQ-16IRH8","reqId":"req-5","req":{"method":"POST","url":"/v1/organizations","host":"localhost:80","remoteAddress":"127.0.0.1"},"msg":"incoming request"}
@serpvera/api:test: {"timestamp":"2026-10-07T16:06:20.267Z","level":"info","message":"Organization created","organizationId":"07b2b3e1-d8ae-4426-82d2-fa98dd52b755","context":{"organizationId":"07b2b3e1-d8ae-4426-82d2-fa98dd52b755","userId":"95bd126d-97fe-4145-99cc-4d91399835b1"}}
@serpvera/api:test: {"level":30,"time":1791389180267,"pid":945448,"hostname":"wina-LOQ-16IRH8","reqId":"req-5","res":{"statusCode":201},"responseTime":2.938449999999989,"msg":"request completed"}
@serpvera/api:test: {"level":30,"time":1791389180268,"pid":945448,"hostname":"wina-LOQ-16IRH8","reqId":"req-6","req":{"method":"POST","url":"/v1/auth/select-organization","host":"localhost:80","remoteAddress":"127.0.0.1"},"msg":"incoming request"}
@serpvera/api:test: {"timestamp":"2026-10-07T16:06:20.271Z","level":"info","message":"Organization selected","organizationId":"07b2b3e1-d8ae-4426-82d2-fa98dd52b755","context":{"userId":"95bd126d-97fe-4145-99cc-4d91399835b1","organizationId":"07b2b3e1-d8ae-4426-82d2-fa98dd52b755"}}
@serpvera/api:test: {"level":30,"time":1791389180271,"pid":945448,"hostname":"wina-LOQ-16IRH8","reqId":"req-6","res":{"statusCode":200},"responseTime":3.7943139999999858,"msg":"request completed"}
@serpvera/api:test: {"level":30,"time":1791389180272,"pid":945448,"hostname":"wina-LOQ-16IRH8","reqId":"req-7","req":{"method":"POST","url":"/v1/projects","host":"localhost:80","remoteAddress":"127.0.0.1"},"msg":"incoming request"}
@serpvera/api:test: {"level":30,"time":1791389180276,"pid":945448,"hostname":"wina-LOQ-16IRH8","reqId":"req-7","res":{"statusCode":201},"responseTime":4.090032000000008,"msg":"request completed"}
@serpvera/api:test: {"level":30,"time":1791389180276,"pid":945448,"hostname":"wina-LOQ-16IRH8","reqId":"req-8","req":{"method":"POST","url":"/v1/projects","host":"localhost:80","remoteAddress":"127.0.0.1"},"msg":"incoming request"}
@serpvera/api:test: {"level":30,"time":1791389180279,"pid":945448,"hostname":"wina-LOQ-16IRH8","reqId":"req-8","res":{"statusCode":201},"responseTime":3.009884999999997,"msg":"request completed"}
@serpvera/api:test: {"level":30,"time":1791389180280,"pid":945448,"hostname":"wina-LOQ-16IRH8","reqId":"req-9","req":{"method":"POST","url":"/v1/auth/register","host":"localhost:80","remoteAddress":"127.0.0.1"},"msg":"incoming request"}
@serpvera/api:test: {"timestamp":"2026-10-07T16:06:20.315Z","level":"info","message":"User registered","context":{"userId":"da49c9ba-9bb7-4995-9214-0f7b4171b85a"}}
@serpvera/api:test: {"level":30,"time":1791389180315,"pid":945448,"hostname":"wina-LOQ-16IRH8","reqId":"req-9","res":{"statusCode":201},"responseTime":35.854363999999975,"msg":"request completed"}
@serpvera/api:test: {"level":30,"time":1791389180317,"pid":945448,"hostname":"wina-LOQ-16IRH8","reqId":"req-a","req":{"method":"POST","url":"/v1/auth/select-organization","host":"localhost:80","remoteAddress":"127.0.0.1"},"msg":"incoming request"}
@serpvera/api:test: {"timestamp":"2026-10-07T16:06:20.321Z","level":"info","message":"Organization selected","organizationId":"b211b1f2-1866-43c8-8a21-dec4a3136db7","context":{"userId":"da49c9ba-9bb7-4995-9214-0f7b4171b85a","organizationId":"b211b1f2-1866-43c8-8a21-dec4a3136db7"}}
@serpvera/api:test: {"level":30,"time":1791389180321,"pid":945448,"hostname":"wina-LOQ-16IRH8","reqId":"req-a","res":{"statusCode":200},"responseTime":3.9816470000000095,"msg":"request completed"}
@serpvera/api:test: {"level":30,"time":1791389180322,"pid":945448,"hostname":"wina-LOQ-16IRH8","reqId":"req-b","req":{"method":"POST","url":"/v1/auth/register","host":"localhost:80","remoteAddress":"127.0.0.1"},"msg":"incoming request"}
@serpvera/api:test: {"timestamp":"2026-10-07T16:06:20.352Z","level":"info","message":"User registered","context":{"userId":"6bb9f155-71ae-473b-b14a-f59ec9363e2c"}}
@serpvera/api:test: {"level":30,"time":1791389180352,"pid":945448,"hostname":"wina-LOQ-16IRH8","reqId":"req-b","res":{"statusCode":201},"responseTime":30.06564899999995,"msg":"request completed"}
@serpvera/api:test: {"level":30,"time":1791389180353,"pid":945448,"hostname":"wina-LOQ-16IRH8","reqId":"req-c","req":{"method":"POST","url":"/v1/auth/select-organization","host":"localhost:80","remoteAddress":"127.0.0.1"},"msg":"incoming request"}
@serpvera/api:test: {"timestamp":"2026-10-07T16:06:20.356Z","level":"info","message":"Organization selected","organizationId":"b211b1f2-1866-43c8-8a21-dec4a3136db7","context":{"userId":"6bb9f155-71ae-473b-b14a-f59ec9363e2c","organizationId":"b211b1f2-1866-43c8-8a21-dec4a3136db7"}}
@serpvera/api:test: {"level":30,"time":1791389180356,"pid":945448,"hostname":"wina-LOQ-16IRH8","reqId":"req-c","res":{"statusCode":200},"responseTime":2.998993999999982,"msg":"request completed"}
@serpvera/api:test: {"level":30,"time":1791389180357,"pid":945448,"hostname":"wina-LOQ-16IRH8","reqId":"req-d","req":{"method":"POST","url":"/v1/projects/1566122d-ff48-4e16-ae2a-9132f91d8aea/ai-visibility/imports","host":"localhost:80","remoteAddress":"127.0.0.1"},"msg":"incoming request"}
@serpvera/api:test: {"level":30,"time":1791389180366,"pid":945448,"hostname":"wina-LOQ-16IRH8","reqId":"req-d","res":{"statusCode":201},"responseTime":8.580088000000046,"msg":"request completed"}
@serpvera/api:test: {"level":30,"time":1791389180367,"pid":945448,"hostname":"wina-LOQ-16IRH8","reqId":"req-e","req":{"method":"GET","url":"/v1/projects/1566122d-ff48-4e16-ae2a-9132f91d8aea/ai-visibility/imports","host":"localhost:80","remoteAddress":"127.0.0.1"},"msg":"incoming request"}
@serpvera/api:test: {"level":30,"time":1791389180369,"pid":945448,"hostname":"wina-LOQ-16IRH8","reqId":"req-e","res":{"statusCode":200},"responseTime":2.8579790000000003,"msg":"request completed"}
@serpvera/api:test: {"level":30,"time":1791389180370,"pid":945448,"hostname":"wina-LOQ-16IRH8","reqId":"req-f","req":{"method":"GET","url":"/v1/projects/1566122d-ff48-4e16-ae2a-9132f91d8aea/ai-visibility/imports/20beac2e-5702-4270-bad9-8a123380bd91","host":"localhost:80","remoteAddress":"127.0.0.1"},"msg":"incoming request"}
@serpvera/api:test: {"level":30,"time":1791389180378,"pid":945448,"hostname":"wina-LOQ-16IRH8","reqId":"req-f","res":{"statusCode":200},"responseTime":8.170716000000027,"msg":"request completed"}
@serpvera/api:test: {"level":30,"time":1791389180378,"pid":945448,"hostname":"wina-LOQ-16IRH8","reqId":"req-g","req":{"method":"POST","url":"/v1/projects/1566122d-ff48-4e16-ae2a-9132f91d8aea/ai-visibility/imports","host":"localhost:80","remoteAddress":"127.0.0.1"},"msg":"incoming request"}
@serpvera/api:test: {"level":30,"time":1791389180384,"pid":945448,"hostname":"wina-LOQ-16IRH8","reqId":"req-g","res":{"statusCode":201},"responseTime":6.3155779999999595,"msg":"request completed"}
@serpvera/api:test: {"level":30,"time":1791389180385,"pid":945448,"hostname":"wina-LOQ-16IRH8","reqId":"req-h","req":{"method":"GET","url":"/v1/projects/1566122d-ff48-4e16-ae2a-9132f91d8aea/ai-visibility/imports?compare=20beac2e-5702-4270-bad9-8a123380bd91,278a9520-4571-4ef0-b8d7-f3bca03f4152","host":"localhost:80","remoteAddress":"127.0.0.1"},"msg":"incoming request"}
@serpvera/api:test: {"level":30,"time":1791389180393,"pid":945448,"hostname":"wina-LOQ-16IRH8","reqId":"req-h","res":{"statusCode":200},"responseTime":8.623228999999924,"msg":"request completed"}
@serpvera/api:test: ▶ AI visibility imports (authenticated API + PostgreSQL)
@serpvera/api:test:   ✔ persists the exact CSV hash and returns stored per-engine/prompt statistics (37.129718ms)
@serpvera/api:test: {"level":30,"time":1791389180394,"pid":945448,"hostname":"wina-LOQ-16IRH8","reqId":"req-i","req":{"method":"POST","url":"/v1/projects/1566122d-ff48-4e16-ae2a-9132f91d8aea/ai-visibility/imports","host":"localhost:80","remoteAddress":"127.0.0.1"},"msg":"incoming request"}
@serpvera/api:test: {"level":30,"time":1791389180396,"pid":945448,"hostname":"wina-LOQ-16IRH8","reqId":"req-i","res":{"statusCode":403},"responseTime":1.4640610000000152,"msg":"request completed"}
@serpvera/api:test: {"level":30,"time":1791389180396,"pid":945448,"hostname":"wina-LOQ-16IRH8","reqId":"req-j","req":{"method":"POST","url":"/v1/projects/1566122d-ff48-4e16-ae2a-9132f91d8aea/ai-visibility/imports","host":"localhost:80","remoteAddress":"127.0.0.1"},"msg":"incoming request"}
@serpvera/api:test: {"level":30,"time":1791389180397,"pid":945448,"hostname":"wina-LOQ-16IRH8","reqId":"req-j","res":{"statusCode":403},"responseTime":1.0205440000000863,"msg":"request completed"}
@serpvera/api:test:   ✔ denies evidence imports to same-tenant VIEWER and BILLING roles (3.03935ms)
@serpvera/api:test: {"level":30,"time":1791389180398,"pid":945448,"hostname":"wina-LOQ-16IRH8","reqId":"req-k","req":{"method":"POST","url":"/v1/projects/1566122d-ff48-4e16-ae2a-9132f91d8aea/ai-visibility/imports","host":"localhost:80","remoteAddress":"127.0.0.1"},"msg":"incoming request"}
@serpvera/api:test: {"level":30,"time":1791389180399,"pid":945448,"hostname":"wina-LOQ-16IRH8","reqId":"req-k","res":{"statusCode":400},"responseTime":1.25453600000003,"msg":"request completed"}
@serpvera/api:test: {"level":30,"time":1791389180399,"pid":945448,"hostname":"wina-LOQ-16IRH8","reqId":"req-l","req":{"method":"POST","url":"/v1/projects/1566122d-ff48-4e16-ae2a-9132f91d8aea/ai-visibility/imports","host":"localhost:80","remoteAddress":"127.0.0.1"},"msg":"incoming request"}
@serpvera/api:test: {"level":30,"time":1791389180400,"pid":945448,"hostname":"wina-LOQ-16IRH8","reqId":"req-l","res":{"statusCode":400},"responseTime":1.1430950000000166,"msg":"request completed"}
@serpvera/api:test: {"level":30,"time":1791389180404,"pid":945448,"hostname":"wina-LOQ-16IRH8","reqId":"req-m","req":{"method":"POST","url":"/v1/projects/1566122d-ff48-4e16-ae2a-9132f91d8aea/ai-visibility/imports","host":"localhost:80","remoteAddress":"127.0.0.1"},"msg":"incoming request"}
@serpvera/api:test: {"level":30,"time":1791389180406,"pid":945448,"hostname":"wina-LOQ-16IRH8","reqId":"req-m","res":{"statusCode":413},"responseTime":2.4366540000000896,"msg":"request completed"}
@serpvera/api:test: {"level":30,"time":1791389180406,"pid":945448,"hostname":"wina-LOQ-16IRH8","reqId":"req-n","req":{"method":"POST","url":"/v1/projects/1566122d-ff48-4e16-ae2a-9132f91d8aea/ai-visibility/imports","host":"localhost:80","remoteAddress":"127.0.0.1"},"msg":"incoming request"}
@serpvera/api:test: {"level":30,"time":1791389180408,"pid":945448,"hostname":"wina-LOQ-16IRH8","reqId":"req-n","res":{"statusCode":409},"responseTime":2.08109300000001,"msg":"request completed"}
@serpvera/api:test:   ✔ rejects a false hash, malformed CSV, oversized CSV, and duplicate file (11.186873ms)
@serpvera/api:test: {"level":30,"time":1791389180409,"pid":945448,"hostname":"wina-LOQ-16IRH8","reqId":"req-o","req":{"method":"GET","url":"/v1/projects/1566122d-ff48-4e16-ae2a-9132f91d8aea/ai-visibility/imports","host":"localhost:80","remoteAddress":"127.0.0.1"},"msg":"incoming request"}
@serpvera/api:test: {"level":30,"time":1791389180409,"pid":945448,"hostname":"wina-LOQ-16IRH8","reqId":"req-o","res":{"statusCode":401},"responseTime":0.20624899999995705,"msg":"request completed"}
@serpvera/api:test: {"level":30,"time":1791389180409,"pid":945448,"hostname":"wina-LOQ-16IRH8","reqId":"req-p","req":{"method":"GET","url":"/v1/projects/1566122d-ff48-4e16-ae2a-9132f91d8aea/ai-visibility/imports","host":"localhost:80","remoteAddress":"127.0.0.1"},"msg":"incoming request"}
@serpvera/api:test: {"level":30,"time":1791389180411,"pid":945448,"hostname":"wina-LOQ-16IRH8","reqId":"req-p","res":{"statusCode":404},"responseTime":1.3582010000000082,"msg":"request completed"}
@serpvera/api:test: {"level":30,"time":1791389180411,"pid":945448,"hostname":"wina-LOQ-16IRH8","reqId":"req-q","req":{"method":"GET","url":"/v1/projects/e16ba825-4559-4960-843f-222182d848b8/ai-visibility/imports/20beac2e-5702-4270-bad9-8a123380bd91","host":"localhost:80","remoteAddress":"127.0.0.1"},"msg":"incoming request"}
@serpvera/api:test: {"level":30,"time":1791389180412,"pid":945448,"hostname":"wina-LOQ-16IRH8","reqId":"req-q","res":{"statusCode":404},"responseTime":1.6832239999999956,"msg":"request completed"}
@serpvera/api:test: {"level":30,"time":1791389180412,"pid":945448,"hostname":"wina-LOQ-16IRH8","reqId":"req-r","req":{"method":"POST","url":"/v1/projects/1566122d-ff48-4e16-ae2a-9132f91d8aea/ai-visibility/imports","host":"localhost:80","remoteAddress":"127.0.0.1"},"msg":"incoming request"}
@serpvera/api:test: {"level":30,"time":1791389180414,"pid":945448,"hostname":"wina-LOQ-16IRH8","reqId":"req-r","res":{"statusCode":404},"responseTime":1.2305599999999686,"msg":"request completed"}
@serpvera/api:test:   ✔ requires a session and hides project/import IDs across tenants (5.222477ms)
@serpvera/api:test: ✔ AI visibility imports (authenticated API + PostgreSQL) (337.262332ms)
@serpvera/api:test: {"level":30,"time":1791389180702,"pid":945462,"hostname":"wina-LOQ-16IRH8","driver":"postgres","role":"serpvera_app","msg":"store driver: postgres — persistence + RLS enforced"}
@serpvera/api:test: {"level":30,"time":1791389180736,"pid":945462,"hostname":"wina-LOQ-16IRH8","reqId":"req-1","req":{"method":"POST","url":"/v1/auth/register","host":"localhost:80","remoteAddress":"127.0.0.1"},"msg":"incoming request"}
@serpvera/api:test: {"timestamp":"2026-10-07T16:06:20.789Z","level":"info","message":"User registered","context":{"userId":"6575fef7-311c-4141-832c-2d6a530e670f"}}
@serpvera/api:test: {"level":30,"time":1791389180791,"pid":945462,"hostname":"wina-LOQ-16IRH8","reqId":"req-1","res":{"statusCode":201},"responseTime":55.30975699999999,"msg":"request completed"}
@serpvera/api:test: {"level":30,"time":1791389180793,"pid":945462,"hostname":"wina-LOQ-16IRH8","reqId":"req-2","req":{"method":"POST","url":"/v1/auth/register","host":"localhost:80","remoteAddress":"127.0.0.1"},"msg":"incoming request"}
@serpvera/api:test: ▶ API persistence over real PostgreSQL (RLS enforced)
@serpvera/api:test:   ✔ register persists the user in PostgreSQL (hash stored, no plaintext leak) (65.007212ms)
@serpvera/api:test: {"level":30,"time":1791389180830,"pid":945462,"hostname":"wina-LOQ-16IRH8","reqId":"req-2","res":{"statusCode":409},"responseTime":36.458192,"msg":"request completed"}
@serpvera/api:test:   ✔ duplicate register is rejected by the DB UNIQUE constraint (409 EMAIL_EXISTS) (37.104812ms)
@serpvera/api:test: {"level":30,"time":1791389180831,"pid":945462,"hostname":"wina-LOQ-16IRH8","reqId":"req-3","req":{"method":"GET","url":"/v1/auth/me","host":"localhost:80","remoteAddress":"127.0.0.1"},"msg":"incoming request"}
@serpvera/api:test: {"level":30,"time":1791389180835,"pid":945462,"hostname":"wina-LOQ-16IRH8","reqId":"req-3","res":{"statusCode":401},"responseTime":4.228723000000002,"msg":"request completed"}
@serpvera/api:test:   ✔ a forged session cookie is rejected (opaque server-side tokens) (4.795141ms)
@serpvera/api:test: {"level":30,"time":1791389180835,"pid":945462,"hostname":"wina-LOQ-16IRH8","reqId":"req-4","req":{"method":"POST","url":"/v1/auth/login","host":"localhost:80","remoteAddress":"127.0.0.1"},"msg":"incoming request"}
@serpvera/api:test: {"level":30,"time":1791389180878,"pid":945462,"hostname":"wina-LOQ-16IRH8","reqId":"req-4","res":{"statusCode":200},"responseTime":42.134164999999996,"msg":"request completed"}
@serpvera/api:test: {"level":30,"time":1791389180878,"pid":945462,"hostname":"wina-LOQ-16IRH8","reqId":"req-5","req":{"method":"POST","url":"/v1/organizations","host":"localhost:80","remoteAddress":"127.0.0.1"},"msg":"incoming request"}
@serpvera/api:test: {"timestamp":"2026-10-07T16:06:20.882Z","level":"info","message":"Organization created","organizationId":"f4321c9e-a8b1-4133-bed1-f2f6c369eaa4","context":{"organizationId":"f4321c9e-a8b1-4133-bed1-f2f6c369eaa4","userId":"6575fef7-311c-4141-832c-2d6a530e670f"}}
@serpvera/api:test: {"level":30,"time":1791389180883,"pid":945462,"hostname":"wina-LOQ-16IRH8","reqId":"req-5","res":{"statusCode":201},"responseTime":4.2369580000000155,"msg":"request completed"}
@serpvera/api:test: {"level":30,"time":1791389180883,"pid":945462,"hostname":"wina-LOQ-16IRH8","reqId":"req-6","req":{"method":"POST","url":"/v1/auth/select-organization","host":"localhost:80","remoteAddress":"127.0.0.1"},"msg":"incoming request"}
@serpvera/api:test: {"timestamp":"2026-10-07T16:06:20.887Z","level":"info","message":"Organization selected","organizationId":"f4321c9e-a8b1-4133-bed1-f2f6c369eaa4","context":{"userId":"6575fef7-311c-4141-832c-2d6a530e670f","organizationId":"f4321c9e-a8b1-4133-bed1-f2f6c369eaa4"}}
@serpvera/api:test: {"level":30,"time":1791389180888,"pid":945462,"hostname":"wina-LOQ-16IRH8","reqId":"req-6","res":{"statusCode":200},"responseTime":4.432807999999966,"msg":"request completed"}
@serpvera/api:test:   ✔ select-organization establishes a verified tenant context (role read from DB) (52.997608ms)
@serpvera/api:test: {"level":30,"time":1791389180889,"pid":945462,"hostname":"wina-LOQ-16IRH8","reqId":"req-7","req":{"method":"POST","url":"/v1/projects","host":"localhost:80","remoteAddress":"127.0.0.1"},"msg":"incoming request"}
@serpvera/api:test: {"level":30,"time":1791389180892,"pid":945462,"hostname":"wina-LOQ-16IRH8","reqId":"req-7","res":{"statusCode":201},"responseTime":3.5901289999999904,"msg":"request completed"}
@serpvera/api:test: {"level":30,"time":1791389180893,"pid":945462,"hostname":"wina-LOQ-16IRH8","reqId":"req-8","req":{"method":"GET","url":"/v1/projects/6b3fc671-ed80-41eb-9178-9b159f7fb30f","host":"localhost:80","remoteAddress":"127.0.0.1"},"msg":"incoming request"}
@serpvera/api:test: {"level":30,"time":1791389180895,"pid":945462,"hostname":"wina-LOQ-16IRH8","reqId":"req-8","res":{"statusCode":200},"responseTime":1.9899620000000482,"msg":"request completed"}
@serpvera/api:test: {"level":30,"time":1791389180896,"pid":945462,"hostname":"wina-LOQ-16IRH8","reqId":"req-9","req":{"method":"POST","url":"/v1/auth/login","host":"localhost:80","remoteAddress":"127.0.0.1"},"msg":"incoming request"}
@serpvera/api:test:   ✔ project creation + read persist under the owner tenant (RLS allows own rows) (6.812475ms)
@serpvera/api:test: {"level":30,"time":1791389180925,"pid":945462,"hostname":"wina-LOQ-16IRH8","reqId":"req-9","res":{"statusCode":200},"responseTime":29.209114,"msg":"request completed"}
@serpvera/api:test: {"level":30,"time":1791389180925,"pid":945462,"hostname":"wina-LOQ-16IRH8","reqId":"req-a","req":{"method":"GET","url":"/v1/projects/6b3fc671-ed80-41eb-9178-9b159f7fb30f","host":"localhost:80","remoteAddress":"127.0.0.1"},"msg":"incoming request"}
@serpvera/api:test: {"level":30,"time":1791389180927,"pid":945462,"hostname":"wina-LOQ-16IRH8","reqId":"req-a","res":{"statusCode":400},"responseTime":1.2945010000000252,"msg":"request completed"}
@serpvera/api:test:   ✔ project read without an active organization is rejected (400, no tenant context) (31.470638ms)
@serpvera/api:test: {"level":30,"time":1791389180927,"pid":945462,"hostname":"wina-LOQ-16IRH8","reqId":"req-b","req":{"method":"POST","url":"/v1/auth/register","host":"localhost:80","remoteAddress":"127.0.0.1"},"msg":"incoming request"}
@serpvera/api:test: {"timestamp":"2026-10-07T16:06:20.958Z","level":"info","message":"User registered","context":{"userId":"617a6a46-b6c8-45cd-b8cf-3269d1a99bc3"}}
@serpvera/api:test: {"level":30,"time":1791389180958,"pid":945462,"hostname":"wina-LOQ-16IRH8","reqId":"req-b","res":{"statusCode":201},"responseTime":31.27249400000005,"msg":"request completed"}
@serpvera/api:test: {"level":30,"time":1791389180959,"pid":945462,"hostname":"wina-LOQ-16IRH8","reqId":"req-c","req":{"method":"POST","url":"/v1/organizations","host":"localhost:80","remoteAddress":"127.0.0.1"},"msg":"incoming request"}
@serpvera/api:test: {"timestamp":"2026-10-07T16:06:20.962Z","level":"info","message":"Organization created","organizationId":"741e75b6-36f6-4b92-93a6-2fc700a3ff94","context":{"organizationId":"741e75b6-36f6-4b92-93a6-2fc700a3ff94","userId":"617a6a46-b6c8-45cd-b8cf-3269d1a99bc3"}}
@serpvera/api:test: {"level":30,"time":1791389180962,"pid":945462,"hostname":"wina-LOQ-16IRH8","reqId":"req-c","res":{"statusCode":201},"responseTime":3.6391310000000203,"msg":"request completed"}
@serpvera/api:test: {"level":30,"time":1791389180963,"pid":945462,"hostname":"wina-LOQ-16IRH8","reqId":"req-d","req":{"method":"POST","url":"/v1/auth/select-organization","host":"localhost:80","remoteAddress":"127.0.0.1"},"msg":"incoming request"}
@serpvera/api:test: {"timestamp":"2026-10-07T16:06:20.966Z","level":"info","message":"Organization selected","organizationId":"741e75b6-36f6-4b92-93a6-2fc700a3ff94","context":{"userId":"617a6a46-b6c8-45cd-b8cf-3269d1a99bc3","organizationId":"741e75b6-36f6-4b92-93a6-2fc700a3ff94"}}
@serpvera/api:test: {"level":30,"time":1791389180966,"pid":945462,"hostname":"wina-LOQ-16IRH8","reqId":"req-d","res":{"statusCode":200},"responseTime":3.430407999999943,"msg":"request completed"}
@serpvera/api:test: {"level":30,"time":1791389180966,"pid":945462,"hostname":"wina-LOQ-16IRH8","reqId":"req-e","req":{"method":"GET","url":"/v1/projects/6b3fc671-ed80-41eb-9178-9b159f7fb30f","host":"localhost:80","remoteAddress":"127.0.0.1"},"msg":"incoming request"}
@serpvera/api:test: {"level":30,"time":1791389180968,"pid":945462,"hostname":"wina-LOQ-16IRH8","reqId":"req-e","res":{"statusCode":404},"responseTime":1.7420339999999896,"msg":"request completed"}
@serpvera/api:test: {"level":30,"time":1791389180968,"pid":945462,"hostname":"wina-LOQ-16IRH8","reqId":"req-f","req":{"method":"GET","url":"/v1/organizations/f4321c9e-a8b1-4133-bed1-f2f6c369eaa4","host":"localhost:80","remoteAddress":"127.0.0.1"},"msg":"incoming request"}
@serpvera/api:test: {"level":30,"time":1791389180969,"pid":945462,"hostname":"wina-LOQ-16IRH8","reqId":"req-f","res":{"statusCode":404},"responseTime":0.9605610000000979,"msg":"request completed"}
@serpvera/api:test: {"level":30,"time":1791389180971,"pid":945462,"hostname":"wina-LOQ-16IRH8","reqId":"req-g","req":{"method":"POST","url":"/v1/public-scans","host":"localhost:80","remoteAddress":"127.0.0.1"},"msg":"incoming request"}
@serpvera/api:test:   ✔ RLS blocks cross-tenant project + org reads through the REAL API path (uniform 404) (43.430418ms)
@serpvera/api:test: {"level":30,"time":1791389180977,"pid":945462,"hostname":"wina-LOQ-16IRH8","reqId":"req-g","res":{"statusCode":201},"responseTime":6.026482999999985,"msg":"request completed"}
@serpvera/api:test: {"level":30,"time":1791389180981,"pid":945462,"hostname":"wina-LOQ-16IRH8","reqId":"req-h","req":{"method":"GET","url":"/v1/public-scans/4e95d72a-4d2c-4f26-b663-d668c626e286","host":"localhost:80","remoteAddress":"127.0.0.1"},"msg":"incoming request"}
@serpvera/api:test: {"timestamp":"2026-10-07T16:06:20.982Z","level":"info","message":"Scan completed","traceId":"bfffe142-beca-45f2-9fff-e2a40da8bc70","context":{"jobType":"public-scan","traceId":"bfffe142-beca-45f2-9fff-e2a40da8bc70","domain":"https://api9454621q8h-scan.example.invalid/","status":"completed","findingCount":1,"httpStatus":200}}
@serpvera/api:test: {"level":30,"time":1791389180982,"pid":945462,"hostname":"wina-LOQ-16IRH8","reqId":"req-h","res":{"statusCode":200},"responseTime":1.1944819999999936,"msg":"request completed"}
@serpvera/api:test:   ✔ public scan persists to PostgreSQL and is retrievable by UUID (12.222575ms)
@serpvera/api:test: {"level":30,"time":1791389180983,"pid":945462,"hostname":"wina-LOQ-16IRH8","reqId":"req-i","req":{"method":"POST","url":"/v1/auth/login","host":"localhost:80","remoteAddress":"127.0.0.1"},"msg":"incoming request"}
@serpvera/api:test: {"level":30,"time":1791389181013,"pid":945462,"hostname":"wina-LOQ-16IRH8","reqId":"req-i","res":{"statusCode":200},"responseTime":29.866895,"msg":"request completed"}
@serpvera/api:test: {"level":30,"time":1791389181013,"pid":945462,"hostname":"wina-LOQ-16IRH8","reqId":"req-j","req":{"method":"POST","url":"/v1/organizations","host":"localhost:80","remoteAddress":"127.0.0.1"},"msg":"incoming request"}
@serpvera/api:test: {"timestamp":"2026-10-07T16:06:21.015Z","level":"warn","message":"Request validation failed","context":{"issues":1}}
@serpvera/api:test: {"level":30,"time":1791389181016,"pid":945462,"hostname":"wina-LOQ-16IRH8","reqId":"req-j","res":{"statusCode":400},"responseTime":2.2973919999999453,"msg":"request completed"}
@serpvera/api:test:   ✔ invalid slug is rejected as 400 VALIDATION_ERROR without leaking schema internals (33.056028ms)
@serpvera/api:test: {"level":30,"time":1791389181017,"pid":945462,"hostname":"wina-LOQ-16IRH8","reqId":"req-k","req":{"method":"POST","url":"/v1/public-scans","host":"localhost:80","remoteAddress":"127.0.0.1"},"msg":"incoming request"}
@serpvera/api:test:   ✔ store error mapping depends on exact UNIQUE constraint names (regression guard) (1.4479ms)
@serpvera/api:test: {"timestamp":"2026-10-07T16:06:21.018Z","level":"warn","message":"Public scan rejected by SSRF guard","context":{"jobType":"public-scan","error":"SSRF blocked: IPv4 loopback (127.0.0.0/8) (https://127.0.0.1/)"}}
@serpvera/api:test: {"level":30,"time":1791389181018,"pid":945462,"hostname":"wina-LOQ-16IRH8","reqId":"req-k","res":{"statusCode":400},"responseTime":0.7222319999999627,"msg":"request completed"}
@serpvera/api:test:   ✔ public scan REJECTS a private/loopback target (SSRF, pre-queue, 400) (1.436389ms)
@serpvera/api:test: ✔ API persistence over real PostgreSQL (RLS enforced) (364.998139ms)
@serpvera/api:test: ▶ TOTP seed handling
@serpvera/api:test:   ✔ matches RFC 6238 SHA-1 vectors with six digits (1.425899ms)
@serpvera/api:test:   ✔ encrypts seeds with authenticated encryption and rejects tampering (1.141171ms)
@serpvera/api:test:   ✔ fixture codes round-trip only in the active TOTP time window (0.254871ms)
@serpvera/api:test: ✔ TOTP seed handling (3.63846ms)
@serpvera/api:test: {"level":30,"time":1791389181391,"pid":945484,"hostname":"wina-LOQ-16IRH8","driver":"postgres","role":"serpvera_app","msg":"store driver: postgres — persistence + RLS enforced"}
@serpvera/api:test: {"level":30,"time":1791389181421,"pid":945484,"hostname":"wina-LOQ-16IRH8","reqId":"req-1","req":{"method":"POST","url":"/v1/auth/register","host":"localhost:80","remoteAddress":"127.0.0.1"},"msg":"incoming request"}
@serpvera/api:test: {"timestamp":"2026-10-07T16:06:21.476Z","level":"info","message":"User registered","context":{"userId":"14ef21fb-d024-4106-ac4a-53e4e56649ac"}}
@serpvera/api:test: {"level":30,"time":1791389181479,"pid":945484,"hostname":"wina-LOQ-16IRH8","reqId":"req-1","res":{"statusCode":201},"responseTime":57.32425599999999,"msg":"request completed"}
@serpvera/api:test: {"level":30,"time":1791389181480,"pid":945484,"hostname":"wina-LOQ-16IRH8","reqId":"req-2","req":{"method":"POST","url":"/v1/organizations","host":"localhost:80","remoteAddress":"127.0.0.1"},"msg":"incoming request"}
@serpvera/api:test: {"timestamp":"2026-10-07T16:06:21.485Z","level":"info","message":"Organization created","organizationId":"e81fef95-2513-4478-9c24-5fe44664fbe3","context":{"organizationId":"e81fef95-2513-4478-9c24-5fe44664fbe3","userId":"14ef21fb-d024-4106-ac4a-53e4e56649ac"}}
@serpvera/api:test: {"level":30,"time":1791389181485,"pid":945484,"hostname":"wina-LOQ-16IRH8","reqId":"req-2","res":{"statusCode":201},"responseTime":4.773801000000049,"msg":"request completed"}
@serpvera/api:test: {"level":30,"time":1791389181486,"pid":945484,"hostname":"wina-LOQ-16IRH8","reqId":"req-3","req":{"method":"POST","url":"/v1/auth/select-organization","host":"localhost:80","remoteAddress":"127.0.0.1"},"msg":"incoming request"}
@serpvera/api:test: {"timestamp":"2026-10-07T16:06:21.490Z","level":"info","message":"Organization selected","organizationId":"e81fef95-2513-4478-9c24-5fe44664fbe3","context":{"userId":"14ef21fb-d024-4106-ac4a-53e4e56649ac","organizationId":"e81fef95-2513-4478-9c24-5fe44664fbe3"}}
@serpvera/api:test: {"level":30,"time":1791389181491,"pid":945484,"hostname":"wina-LOQ-16IRH8","reqId":"req-3","res":{"statusCode":200},"responseTime":5.071392000000003,"msg":"request completed"}
@serpvera/api:test: {"level":30,"time":1791389181491,"pid":945484,"hostname":"wina-LOQ-16IRH8","reqId":"req-4","req":{"method":"POST","url":"/v1/auth/register","host":"localhost:80","remoteAddress":"127.0.0.1"},"msg":"incoming request"}
@serpvera/api:test: {"timestamp":"2026-10-07T16:06:21.528Z","level":"info","message":"User registered","context":{"userId":"63817b94-99e8-44c7-acc7-162c42bed9e6"}}
@serpvera/api:test: {"level":30,"time":1791389181528,"pid":945484,"hostname":"wina-LOQ-16IRH8","reqId":"req-4","res":{"statusCode":201},"responseTime":36.663139,"msg":"request completed"}
@serpvera/api:test: {"level":30,"time":1791389181529,"pid":945484,"hostname":"wina-LOQ-16IRH8","reqId":"req-5","req":{"method":"POST","url":"/v1/organizations","host":"localhost:80","remoteAddress":"127.0.0.1"},"msg":"incoming request"}
@serpvera/api:test: {"timestamp":"2026-10-07T16:06:21.531Z","level":"info","message":"Organization created","organizationId":"9141cbf1-0d71-4451-ac10-20be942aefff","context":{"organizationId":"9141cbf1-0d71-4451-ac10-20be942aefff","userId":"63817b94-99e8-44c7-acc7-162c42bed9e6"}}
@serpvera/api:test: {"level":30,"time":1791389181531,"pid":945484,"hostname":"wina-LOQ-16IRH8","reqId":"req-5","res":{"statusCode":201},"responseTime":2.8064410000000066,"msg":"request completed"}
@serpvera/api:test: {"level":30,"time":1791389181532,"pid":945484,"hostname":"wina-LOQ-16IRH8","reqId":"req-6","req":{"method":"POST","url":"/v1/auth/select-organization","host":"localhost:80","remoteAddress":"127.0.0.1"},"msg":"incoming request"}
@serpvera/api:test: {"timestamp":"2026-10-07T16:06:21.536Z","level":"info","message":"Organization selected","organizationId":"9141cbf1-0d71-4451-ac10-20be942aefff","context":{"userId":"63817b94-99e8-44c7-acc7-162c42bed9e6","organizationId":"9141cbf1-0d71-4451-ac10-20be942aefff"}}
@serpvera/api:test: {"level":30,"time":1791389181537,"pid":945484,"hostname":"wina-LOQ-16IRH8","reqId":"req-6","res":{"statusCode":200},"responseTime":4.911531000000025,"msg":"request completed"}
@serpvera/api:test: {"level":30,"time":1791389181538,"pid":945484,"hostname":"wina-LOQ-16IRH8","reqId":"req-7","req":{"method":"POST","url":"/v1/projects","host":"localhost:80","remoteAddress":"127.0.0.1"},"msg":"incoming request"}
@serpvera/api:test: {"level":30,"time":1791389181542,"pid":945484,"hostname":"wina-LOQ-16IRH8","reqId":"req-7","res":{"statusCode":201},"responseTime":4.259641999999985,"msg":"request completed"}
@serpvera/api:test: {"level":30,"time":1791389181543,"pid":945484,"hostname":"wina-LOQ-16IRH8","reqId":"req-8","req":{"method":"POST","url":"/v1/auth/mfa/enroll","host":"localhost:80","remoteAddress":"127.0.0.1"},"msg":"incoming request"}
@serpvera/api:test: {"level":30,"time":1791389181581,"pid":945484,"hostname":"wina-LOQ-16IRH8","reqId":"req-8","res":{"statusCode":200},"responseTime":37.979601,"msg":"request completed"}
@serpvera/api:test: {"level":30,"time":1791389181582,"pid":945484,"hostname":"wina-LOQ-16IRH8","reqId":"req-9","req":{"method":"POST","url":"/v1/auth/mfa/confirm-enrollment","host":"localhost:80","remoteAddress":"127.0.0.1"},"msg":"incoming request"}
@serpvera/api:test: {"level":30,"time":1791389181586,"pid":945484,"hostname":"wina-LOQ-16IRH8","reqId":"req-9","res":{"statusCode":200},"responseTime":3.4868040000000065,"msg":"request completed"}
@serpvera/api:test: {"level":30,"time":1791389181587,"pid":945484,"hostname":"wina-LOQ-16IRH8","reqId":"req-a","req":{"method":"POST","url":"/v1/projects/37d724ac-fe3f-4d8c-b93f-b227634408e0/autofix/demo","host":"localhost:80","remoteAddress":"127.0.0.1"},"msg":"incoming request"}
@serpvera/api:test: {"level":30,"time":1791389181604,"pid":945484,"hostname":"wina-LOQ-16IRH8","reqId":"req-a","res":{"statusCode":201},"responseTime":17.020352000000003,"msg":"request completed"}
@serpvera/api:test: {"level":30,"time":1791389181604,"pid":945484,"hostname":"wina-LOQ-16IRH8","reqId":"req-b","req":{"method":"POST","url":"/v1/autofix/3a016b8b-fe3d-4355-a6c3-804078fb78b8/preview","host":"localhost:80","remoteAddress":"127.0.0.1"},"msg":"incoming request"}
@serpvera/api:test: {"level":30,"time":1791389181612,"pid":945484,"hostname":"wina-LOQ-16IRH8","reqId":"req-b","res":{"statusCode":200},"responseTime":7.60548,"msg":"request completed"}
@serpvera/api:test: {"level":30,"time":1791389181612,"pid":945484,"hostname":"wina-LOQ-16IRH8","reqId":"req-c","req":{"method":"POST","url":"/v1/autofix/3a016b8b-fe3d-4355-a6c3-804078fb78b8/approve","host":"localhost:80","remoteAddress":"127.0.0.1"},"msg":"incoming request"}
@serpvera/api:test: {"level":30,"time":1791389181618,"pid":945484,"hostname":"wina-LOQ-16IRH8","reqId":"req-c","res":{"statusCode":200},"responseTime":5.948806999999988,"msg":"request completed"}
@serpvera/api:test: {"level":30,"time":1791389181619,"pid":945484,"hostname":"wina-LOQ-16IRH8","reqId":"req-d","req":{"method":"POST","url":"/v1/autofix/3a016b8b-fe3d-4355-a6c3-804078fb78b8/deploy","host":"localhost:80","remoteAddress":"127.0.0.1"},"msg":"incoming request"}
@serpvera/api:test: {"level":30,"time":1791389181628,"pid":945484,"hostname":"wina-LOQ-16IRH8","reqId":"req-d","res":{"statusCode":200},"responseTime":9.494101,"msg":"request completed"}
@serpvera/api:test: {"level":30,"time":1791389181628,"pid":945484,"hostname":"wina-LOQ-16IRH8","reqId":"req-e","req":{"method":"POST","url":"/v1/autofix/3a016b8b-fe3d-4355-a6c3-804078fb78b8/verify","host":"localhost:80","remoteAddress":"127.0.0.1"},"msg":"incoming request"}
@serpvera/api:test: {"level":30,"time":1791389181634,"pid":945484,"hostname":"wina-LOQ-16IRH8","reqId":"req-e","res":{"statusCode":200},"responseTime":5.590039999999988,"msg":"request completed"}
@serpvera/api:test: {"level":30,"time":1791389181634,"pid":945484,"hostname":"wina-LOQ-16IRH8","reqId":"req-f","req":{"method":"POST","url":"/v1/autofix/3a016b8b-fe3d-4355-a6c3-804078fb78b8/rollback","host":"localhost:80","remoteAddress":"127.0.0.1"},"msg":"incoming request"}
@serpvera/api:test: {"level":30,"time":1791389181641,"pid":945484,"hostname":"wina-LOQ-16IRH8","reqId":"req-f","res":{"statusCode":200},"responseTime":7.063998999999967,"msg":"request completed"}
@serpvera/api:test: {"level":30,"time":1791389181642,"pid":945484,"hostname":"wina-LOQ-16IRH8","reqId":"req-g","req":{"method":"POST","url":"/v1/projects/37d724ac-fe3f-4d8c-b93f-b227634408e0/autofix/demo","host":"localhost:80","remoteAddress":"127.0.0.1"},"msg":"incoming request"}
@serpvera/api:test: {"level":30,"time":1791389181650,"pid":945484,"hostname":"wina-LOQ-16IRH8","reqId":"req-g","res":{"statusCode":201},"responseTime":8.608882000000051,"msg":"request completed"}
@serpvera/api:test: {"level":30,"time":1791389181650,"pid":945484,"hostname":"wina-LOQ-16IRH8","reqId":"req-h","req":{"method":"POST","url":"/v1/autofix/09da945e-06a8-4f5d-bf19-45492a318d70/preview","host":"localhost:80","remoteAddress":"127.0.0.1"},"msg":"incoming request"}
@serpvera/api:test: {"level":30,"time":1791389181655,"pid":945484,"hostname":"wina-LOQ-16IRH8","reqId":"req-h","res":{"statusCode":200},"responseTime":4.548486000000025,"msg":"request completed"}
@serpvera/api:test: {"level":30,"time":1791389181655,"pid":945484,"hostname":"wina-LOQ-16IRH8","reqId":"req-i","req":{"method":"POST","url":"/v1/autofix/09da945e-06a8-4f5d-bf19-45492a318d70/approve","host":"localhost:80","remoteAddress":"127.0.0.1"},"msg":"incoming request"}
@serpvera/api:test: {"level":30,"time":1791389181661,"pid":945484,"hostname":"wina-LOQ-16IRH8","reqId":"req-i","res":{"statusCode":200},"responseTime":5.953485000000001,"msg":"request completed"}
@serpvera/api:test: {"level":30,"time":1791389181661,"pid":945484,"hostname":"wina-LOQ-16IRH8","reqId":"req-j","req":{"method":"POST","url":"/v1/autofix/09da945e-06a8-4f5d-bf19-45492a318d70/manual","host":"localhost:80","remoteAddress":"127.0.0.1"},"msg":"incoming request"}
@serpvera/api:test: {"level":30,"time":1791389181667,"pid":945484,"hostname":"wina-LOQ-16IRH8","reqId":"req-j","res":{"statusCode":200},"responseTime":5.853817000000049,"msg":"request completed"}
@serpvera/api:test: {"level":30,"time":1791389181668,"pid":945484,"hostname":"wina-LOQ-16IRH8","reqId":"req-k","req":{"method":"POST","url":"/v1/autofix/09da945e-06a8-4f5d-bf19-45492a318d70/verify","host":"localhost:80","remoteAddress":"127.0.0.1"},"msg":"incoming request"}
@serpvera/api:test: {"level":30,"time":1791389181673,"pid":945484,"hostname":"wina-LOQ-16IRH8","reqId":"req-k","res":{"statusCode":200},"responseTime":5.203771999999958,"msg":"request completed"}
@serpvera/api:test: {"level":30,"time":1791389181673,"pid":945484,"hostname":"wina-LOQ-16IRH8","reqId":"req-l","req":{"method":"POST","url":"/v1/autofix/09da945e-06a8-4f5d-bf19-45492a318d70/verify","host":"localhost:80","remoteAddress":"127.0.0.1"},"msg":"incoming request"}
@serpvera/api:test: {"level":30,"time":1791389181678,"pid":945484,"hostname":"wina-LOQ-16IRH8","reqId":"req-l","res":{"statusCode":200},"responseTime":5.079017000000022,"msg":"request completed"}
@serpvera/api:test: {"level":30,"time":1791389181679,"pid":945484,"hostname":"wina-LOQ-16IRH8","reqId":"req-m","req":{"method":"POST","url":"/v1/autofix/09da945e-06a8-4f5d-bf19-45492a318d70/rollback","host":"localhost:80","remoteAddress":"127.0.0.1"},"msg":"incoming request"}
@serpvera/api:test: {"level":30,"time":1791389181688,"pid":945484,"hostname":"wina-LOQ-16IRH8","reqId":"req-m","res":{"statusCode":200},"responseTime":9.375407999999993,"msg":"request completed"}
@serpvera/api:test: {"level":30,"time":1791389181688,"pid":945484,"hostname":"wina-LOQ-16IRH8","reqId":"req-n","req":{"method":"GET","url":"/v1/projects/37d724ac-fe3f-4d8c-b93f-b227634408e0/autofix/patches","host":"localhost:80","remoteAddress":"127.0.0.1"},"msg":"incoming request"}
@serpvera/api:test: {"level":30,"time":1791389181691,"pid":945484,"hostname":"wina-LOQ-16IRH8","reqId":"req-n","res":{"statusCode":200},"responseTime":2.692327000000091,"msg":"request completed"}
@serpvera/api:test: {"level":30,"time":1791389181691,"pid":945484,"hostname":"wina-LOQ-16IRH8","reqId":"req-o","req":{"method":"GET","url":"/v1/autofix/3a016b8b-fe3d-4355-a6c3-804078fb78b8","host":"localhost:80","remoteAddress":"127.0.0.1"},"msg":"incoming request"}
@serpvera/api:test: {"level":30,"time":1791389181692,"pid":945484,"hostname":"wina-LOQ-16IRH8","reqId":"req-o","res":{"statusCode":404},"responseTime":1.0901560000000927,"msg":"request completed"}
@serpvera/api:test: ▶ PostgreSQL API + WordPress REST simulator patch loop
@serpvera/api:test:   ✔ explores, persists, publishes, verifies, and rolls back R0 and R1 patches (155.532088ms)
@serpvera/api:test: ✔ PostgreSQL API + WordPress REST simulator patch loop (345.402521ms)
@serpvera/api:test: {"level":40,"time":1791389181995,"pid":945497,"hostname":"wina-LOQ-16IRH8","driver":"memory","msg":"store driver: MEMORY — no persistence (test/fixture use only; set STORE_DRIVER=postgres for durable runs)"}
@serpvera/api:test: {"level":30,"time":1791389182026,"pid":945497,"hostname":"wina-LOQ-16IRH8","reqId":"req-1","req":{"method":"POST","url":"/v1/auth/register","host":"localhost:80","remoteAddress":"127.0.0.1"},"msg":"incoming request"}
@serpvera/api:test: {"timestamp":"2026-10-07T16:06:22.071Z","level":"info","message":"User registered","context":{"userId":"223dc7a7-aa4f-433d-93ab-b4ae2fec9bfe"}}
@serpvera/api:test: {"level":30,"time":1791389182073,"pid":945497,"hostname":"wina-LOQ-16IRH8","reqId":"req-1","res":{"statusCode":201},"responseTime":46.79197700000003,"msg":"request completed"}
@serpvera/api:test: {"timestamp":"2026-10-07T16:06:22.074Z","level":"info","message":"Organization created","organizationId":"d05361f2-2312-493b-8f67-d20ba212ac50","context":{"organizationId":"d05361f2-2312-493b-8f67-d20ba212ac50","userId":"223dc7a7-aa4f-433d-93ab-b4ae2fec9bfe"}}
@serpvera/api:test: {"level":30,"time":1791389182073,"pid":945497,"hostname":"wina-LOQ-16IRH8","reqId":"req-2","req":{"method":"POST","url":"/v1/organizations","host":"localhost:80","remoteAddress":"127.0.0.1"},"msg":"incoming request"}
@serpvera/api:test: {"level":30,"time":1791389182075,"pid":945497,"hostname":"wina-LOQ-16IRH8","reqId":"req-2","res":{"statusCode":201},"responseTime":1.3446549999999888,"msg":"request completed"}
@serpvera/api:test: {"level":30,"time":1791389182075,"pid":945497,"hostname":"wina-LOQ-16IRH8","reqId":"req-3","req":{"method":"POST","url":"/v1/auth/select-organization","host":"localhost:80","remoteAddress":"127.0.0.1"},"msg":"incoming request"}
@serpvera/api:test: {"timestamp":"2026-10-07T16:06:22.076Z","level":"info","message":"Organization selected","organizationId":"d05361f2-2312-493b-8f67-d20ba212ac50","context":{"userId":"223dc7a7-aa4f-433d-93ab-b4ae2fec9bfe","organizationId":"d05361f2-2312-493b-8f67-d20ba212ac50"}}
@serpvera/api:test: {"level":30,"time":1791389182076,"pid":945497,"hostname":"wina-LOQ-16IRH8","reqId":"req-3","res":{"statusCode":200},"responseTime":0.931096000000025,"msg":"request completed"}
@serpvera/api:test: {"level":30,"time":1791389182076,"pid":945497,"hostname":"wina-LOQ-16IRH8","reqId":"req-4","req":{"method":"POST","url":"/v1/auth/register","host":"localhost:80","remoteAddress":"127.0.0.1"},"msg":"incoming request"}
@serpvera/api:test: {"timestamp":"2026-10-07T16:06:22.110Z","level":"info","message":"User registered","context":{"userId":"b7a01e28-c85d-4c84-b1c6-a789e955ce45"}}
@serpvera/api:test: {"level":30,"time":1791389182110,"pid":945497,"hostname":"wina-LOQ-16IRH8","reqId":"req-4","res":{"statusCode":201},"responseTime":34.105046000000016,"msg":"request completed"}
@serpvera/api:test: {"timestamp":"2026-10-07T16:06:22.111Z","level":"info","message":"Organization created","organizationId":"839514b9-c639-4248-b036-293391b154d4","context":{"organizationId":"839514b9-c639-4248-b036-293391b154d4","userId":"b7a01e28-c85d-4c84-b1c6-a789e955ce45"}}
@serpvera/api:test: {"level":30,"time":1791389182110,"pid":945497,"hostname":"wina-LOQ-16IRH8","reqId":"req-5","req":{"method":"POST","url":"/v1/organizations","host":"localhost:80","remoteAddress":"127.0.0.1"},"msg":"incoming request"}
@serpvera/api:test: {"level":30,"time":1791389182111,"pid":945497,"hostname":"wina-LOQ-16IRH8","reqId":"req-5","res":{"statusCode":201},"responseTime":0.9045759999999632,"msg":"request completed"}
@serpvera/api:test: {"level":30,"time":1791389182112,"pid":945497,"hostname":"wina-LOQ-16IRH8","reqId":"req-6","req":{"method":"POST","url":"/v1/auth/select-organization","host":"localhost:80","remoteAddress":"127.0.0.1"},"msg":"incoming request"}
@serpvera/api:test: {"timestamp":"2026-10-07T16:06:22.112Z","level":"info","message":"Organization selected","organizationId":"839514b9-c639-4248-b036-293391b154d4","context":{"userId":"b7a01e28-c85d-4c84-b1c6-a789e955ce45","organizationId":"839514b9-c639-4248-b036-293391b154d4"}}
@serpvera/api:test: {"level":30,"time":1791389182112,"pid":945497,"hostname":"wina-LOQ-16IRH8","reqId":"req-6","res":{"statusCode":200},"responseTime":0.6565580000000182,"msg":"request completed"}
@serpvera/api:test: {"level":30,"time":1791389182112,"pid":945497,"hostname":"wina-LOQ-16IRH8","reqId":"req-7","req":{"method":"POST","url":"/v1/projects","host":"localhost:80","remoteAddress":"127.0.0.1"},"msg":"incoming request"}
@serpvera/api:test: {"level":30,"time":1791389182113,"pid":945497,"hostname":"wina-LOQ-16IRH8","reqId":"req-7","res":{"statusCode":201},"responseTime":0.8082039999999893,"msg":"request completed"}
@serpvera/api:test: {"level":30,"time":1791389182113,"pid":945497,"hostname":"wina-LOQ-16IRH8","reqId":"req-8","req":{"method":"POST","url":"/v1/projects/5e11435d-575b-44c8-bc15-6f54342c9eb1/autofix/demo","host":"localhost:80","remoteAddress":"127.0.0.1"},"msg":"incoming request"}
@serpvera/api:test: {"level":30,"time":1791389182116,"pid":945497,"hostname":"wina-LOQ-16IRH8","reqId":"req-8","res":{"statusCode":201},"responseTime":2.218272000000013,"msg":"request completed"}
@serpvera/api:test: {"level":30,"time":1791389182116,"pid":945497,"hostname":"wina-LOQ-16IRH8","reqId":"req-9","req":{"method":"GET","url":"/v1/autofix/26f57908-1a9b-4347-b7bc-71f42fc51ea1","host":"localhost:80","remoteAddress":"127.0.0.1"},"msg":"incoming request"}
@serpvera/api:test: {"level":30,"time":1791389182117,"pid":945497,"hostname":"wina-LOQ-16IRH8","reqId":"req-9","res":{"statusCode":404},"responseTime":0.5654870000000187,"msg":"request completed"}
@serpvera/api:test: {"level":30,"time":1791389182117,"pid":945497,"hostname":"wina-LOQ-16IRH8","reqId":"req-a","req":{"method":"POST","url":"/v1/autofix/26f57908-1a9b-4347-b7bc-71f42fc51ea1/preview","host":"localhost:80","remoteAddress":"127.0.0.1"},"msg":"incoming request"}
@serpvera/api:test: {"level":30,"time":1791389182119,"pid":945497,"hostname":"wina-LOQ-16IRH8","reqId":"req-a","res":{"statusCode":200},"responseTime":1.9316319999999791,"msg":"request completed"}
@serpvera/api:test: {"level":30,"time":1791389182119,"pid":945497,"hostname":"wina-LOQ-16IRH8","reqId":"req-b","req":{"method":"POST","url":"/v1/autofix/26f57908-1a9b-4347-b7bc-71f42fc51ea1/approve","host":"localhost:80","remoteAddress":"127.0.0.1"},"msg":"incoming request"}
@serpvera/api:test: {"level":30,"time":1791389182120,"pid":945497,"hostname":"wina-LOQ-16IRH8","reqId":"req-b","res":{"statusCode":200},"responseTime":1.208549000000005,"msg":"request completed"}
@serpvera/api:test: {"level":30,"time":1791389182120,"pid":945497,"hostname":"wina-LOQ-16IRH8","reqId":"req-c","req":{"method":"POST","url":"/v1/autofix/26f57908-1a9b-4347-b7bc-71f42fc51ea1/deploy","host":"localhost:80","remoteAddress":"127.0.0.1"},"msg":"incoming request"}
@serpvera/api:test: {"level":30,"time":1791389182121,"pid":945497,"hostname":"wina-LOQ-16IRH8","reqId":"req-c","res":{"statusCode":403},"responseTime":1.1551680000000033,"msg":"request completed"}
@serpvera/api:test: {"level":30,"time":1791389182122,"pid":945497,"hostname":"wina-LOQ-16IRH8","reqId":"req-d","req":{"method":"POST","url":"/v1/auth/mfa/enroll","host":"localhost:80","remoteAddress":"127.0.0.1"},"msg":"incoming request"}
@serpvera/api:test: {"level":30,"time":1791389182158,"pid":945497,"hostname":"wina-LOQ-16IRH8","reqId":"req-d","res":{"statusCode":200},"responseTime":36.616952000000026,"msg":"request completed"}
@serpvera/api:test: {"level":30,"time":1791389182159,"pid":945497,"hostname":"wina-LOQ-16IRH8","reqId":"req-e","req":{"method":"POST","url":"/v1/auth/mfa/confirm-enrollment","host":"localhost:80","remoteAddress":"127.0.0.1"},"msg":"incoming request"}
@serpvera/api:test: {"level":30,"time":1791389182160,"pid":945497,"hostname":"wina-LOQ-16IRH8","reqId":"req-e","res":{"statusCode":200},"responseTime":0.9391010000000506,"msg":"request completed"}
@serpvera/api:test: {"level":30,"time":1791389182160,"pid":945497,"hostname":"wina-LOQ-16IRH8","reqId":"req-f","req":{"method":"POST","url":"/v1/autofix/26f57908-1a9b-4347-b7bc-71f42fc51ea1/deploy","host":"localhost:80","remoteAddress":"127.0.0.1"},"msg":"incoming request"}
@serpvera/api:test: {"level":30,"time":1791389182161,"pid":945497,"hostname":"wina-LOQ-16IRH8","reqId":"req-f","res":{"statusCode":200},"responseTime":1.4839080000000422,"msg":"request completed"}
@serpvera/api:test: {"level":30,"time":1791389182161,"pid":945497,"hostname":"wina-LOQ-16IRH8","reqId":"req-g","req":{"method":"POST","url":"/v1/autofix/26f57908-1a9b-4347-b7bc-71f42fc51ea1/verify","host":"localhost:80","remoteAddress":"127.0.0.1"},"msg":"incoming request"}
@serpvera/api:test: {"level":30,"time":1791389182162,"pid":945497,"hostname":"wina-LOQ-16IRH8","reqId":"req-g","res":{"statusCode":200},"responseTime":1.0402910000000247,"msg":"request completed"}
@serpvera/api:test: {"level":30,"time":1791389182163,"pid":945497,"hostname":"wina-LOQ-16IRH8","reqId":"req-h","req":{"method":"POST","url":"/v1/autofix/26f57908-1a9b-4347-b7bc-71f42fc51ea1/rollback","host":"localhost:80","remoteAddress":"127.0.0.1"},"msg":"incoming request"}
@serpvera/api:test: {"level":30,"time":1791389182164,"pid":945497,"hostname":"wina-LOQ-16IRH8","reqId":"req-h","res":{"statusCode":200},"responseTime":1.199762000000021,"msg":"request completed"}
@serpvera/api:test: {"level":30,"time":1791389182164,"pid":945497,"hostname":"wina-LOQ-16IRH8","reqId":"req-i","req":{"method":"POST","url":"/v1/projects/5e11435d-575b-44c8-bc15-6f54342c9eb1/autofix/demo","host":"localhost:80","remoteAddress":"127.0.0.1"},"msg":"incoming request"}
@serpvera/api:test: {"level":30,"time":1791389182165,"pid":945497,"hostname":"wina-LOQ-16IRH8","reqId":"req-i","res":{"statusCode":201},"responseTime":0.8451430000000073,"msg":"request completed"}
@serpvera/api:test: {"level":30,"time":1791389182165,"pid":945497,"hostname":"wina-LOQ-16IRH8","reqId":"req-j","req":{"method":"POST","url":"/v1/autofix/118fe097-dbdc-4c3e-9e08-873075d171ae/preview","host":"localhost:80","remoteAddress":"127.0.0.1"},"msg":"incoming request"}
@serpvera/api:test: {"level":30,"time":1791389182166,"pid":945497,"hostname":"wina-LOQ-16IRH8","reqId":"req-j","res":{"statusCode":200},"responseTime":0.7523889999999938,"msg":"request completed"}
@serpvera/api:test: {"level":30,"time":1791389182166,"pid":945497,"hostname":"wina-LOQ-16IRH8","reqId":"req-k","req":{"method":"POST","url":"/v1/autofix/118fe097-dbdc-4c3e-9e08-873075d171ae/approve","host":"localhost:80","remoteAddress":"127.0.0.1"},"msg":"incoming request"}
@serpvera/api:test: {"level":30,"time":1791389182167,"pid":945497,"hostname":"wina-LOQ-16IRH8","reqId":"req-k","res":{"statusCode":200},"responseTime":0.8033250000000294,"msg":"request completed"}
@serpvera/api:test: {"level":30,"time":1791389182167,"pid":945497,"hostname":"wina-LOQ-16IRH8","reqId":"req-l","req":{"method":"POST","url":"/v1/autofix/118fe097-dbdc-4c3e-9e08-873075d171ae/deploy","host":"localhost:80","remoteAddress":"127.0.0.1"},"msg":"incoming request"}
@serpvera/api:test: {"level":30,"time":1791389182168,"pid":945497,"hostname":"wina-LOQ-16IRH8","reqId":"req-l","res":{"statusCode":200},"responseTime":0.9230510000000436,"msg":"request completed"}
@serpvera/api:test: {"level":30,"time":1791389182168,"pid":945497,"hostname":"wina-LOQ-16IRH8","reqId":"req-m","req":{"method":"POST","url":"/v1/autofix/118fe097-dbdc-4c3e-9e08-873075d171ae/verify","host":"localhost:80","remoteAddress":"127.0.0.1"},"msg":"incoming request"}
@serpvera/api:test: {"level":30,"time":1791389182168,"pid":945497,"hostname":"wina-LOQ-16IRH8","reqId":"req-m","res":{"statusCode":200},"responseTime":0.5956429999999955,"msg":"request completed"}
@serpvera/api:test: {"level":30,"time":1791389182169,"pid":945497,"hostname":"wina-LOQ-16IRH8","reqId":"req-n","req":{"method":"POST","url":"/v1/autofix/118fe097-dbdc-4c3e-9e08-873075d171ae/rollback","host":"localhost:80","remoteAddress":"127.0.0.1"},"msg":"incoming request"}
@serpvera/api:test: ▶ fixture-backed proven patch routes
@serpvera/api:test:   ✔ persists an isolated R0 fixture proposal through hash approval, step-up, verification, and rollback (149.620381ms)
@serpvera/api:test: {"level":30,"time":1791389182170,"pid":945497,"hostname":"wina-LOQ-16IRH8","reqId":"req-n","res":{"statusCode":200},"responseTime":0.8855000000000359,"msg":"request completed"}
@serpvera/api:test: {"level":30,"time":1791389182171,"pid":945497,"hostname":"wina-LOQ-16IRH8","reqId":"req-o","req":{"method":"POST","url":"/v1/auth/register","host":"localhost:80","remoteAddress":"127.0.0.1"},"msg":"incoming request"}
@serpvera/api:test: {"timestamp":"2026-10-07T16:06:22.199Z","level":"info","message":"User registered","context":{"userId":"0fde001a-5bc9-4767-82dd-2e45c332f84c"}}
@serpvera/api:test: {"level":30,"time":1791389182199,"pid":945497,"hostname":"wina-LOQ-16IRH8","reqId":"req-o","res":{"statusCode":201},"responseTime":28.50219100000004,"msg":"request completed"}
@serpvera/api:test: {"timestamp":"2026-10-07T16:06:22.200Z","level":"info","message":"Organization created","organizationId":"5d5ed8d5-4e93-49cc-8191-65f3b1af6835","context":{"organizationId":"5d5ed8d5-4e93-49cc-8191-65f3b1af6835","userId":"0fde001a-5bc9-4767-82dd-2e45c332f84c"}}
@serpvera/api:test: {"level":30,"time":1791389182199,"pid":945497,"hostname":"wina-LOQ-16IRH8","reqId":"req-p","req":{"method":"POST","url":"/v1/organizations","host":"localhost:80","remoteAddress":"127.0.0.1"},"msg":"incoming request"}
@serpvera/api:test: {"level":30,"time":1791389182200,"pid":945497,"hostname":"wina-LOQ-16IRH8","reqId":"req-p","res":{"statusCode":201},"responseTime":0.780130999999983,"msg":"request completed"}
@serpvera/api:test: {"level":30,"time":1791389182200,"pid":945497,"hostname":"wina-LOQ-16IRH8","reqId":"req-q","req":{"method":"POST","url":"/v1/auth/select-organization","host":"localhost:80","remoteAddress":"127.0.0.1"},"msg":"incoming request"}
@serpvera/api:test: {"timestamp":"2026-10-07T16:06:22.201Z","level":"info","message":"Organization selected","organizationId":"5d5ed8d5-4e93-49cc-8191-65f3b1af6835","context":{"userId":"0fde001a-5bc9-4767-82dd-2e45c332f84c","organizationId":"5d5ed8d5-4e93-49cc-8191-65f3b1af6835"}}
@serpvera/api:test: {"level":30,"time":1791389182201,"pid":945497,"hostname":"wina-LOQ-16IRH8","reqId":"req-q","res":{"statusCode":200},"responseTime":0.36196200000000545,"msg":"request completed"}
@serpvera/api:test: {"level":30,"time":1791389182201,"pid":945497,"hostname":"wina-LOQ-16IRH8","reqId":"req-r","req":{"method":"POST","url":"/v1/projects","host":"localhost:80","remoteAddress":"127.0.0.1"},"msg":"incoming request"}
@serpvera/api:test: {"level":30,"time":1791389182201,"pid":945497,"hostname":"wina-LOQ-16IRH8","reqId":"req-r","res":{"statusCode":201},"responseTime":0.6269219999999791,"msg":"request completed"}
@serpvera/api:test: {"level":30,"time":1791389182202,"pid":945497,"hostname":"wina-LOQ-16IRH8","reqId":"req-s","req":{"method":"POST","url":"/v1/projects/6734c698-a852-4658-966b-cbe348e40d09/autofix/demo","host":"localhost:80","remoteAddress":"127.0.0.1"},"msg":"incoming request"}
@serpvera/api:test: {"level":30,"time":1791389182202,"pid":945497,"hostname":"wina-LOQ-16IRH8","reqId":"req-s","res":{"statusCode":201},"responseTime":0.5867459999999483,"msg":"request completed"}
@serpvera/api:test: {"level":30,"time":1791389182202,"pid":945497,"hostname":"wina-LOQ-16IRH8","reqId":"req-t","req":{"method":"POST","url":"/v1/autofix/654b13d5-fddf-48f6-9968-ba5ba66e9f36/preview","host":"localhost:80","remoteAddress":"127.0.0.1"},"msg":"incoming request"}
@serpvera/api:test: {"level":30,"time":1791389182203,"pid":945497,"hostname":"wina-LOQ-16IRH8","reqId":"req-t","res":{"statusCode":200},"responseTime":0.4627119999999536,"msg":"request completed"}
@serpvera/api:test: {"level":30,"time":1791389182203,"pid":945497,"hostname":"wina-LOQ-16IRH8","reqId":"req-u","req":{"method":"POST","url":"/v1/autofix/654b13d5-fddf-48f6-9968-ba5ba66e9f36/approve","host":"localhost:80","remoteAddress":"127.0.0.1"},"msg":"incoming request"}
@serpvera/api:test: {"level":30,"time":1791389182203,"pid":945497,"hostname":"wina-LOQ-16IRH8","reqId":"req-u","res":{"statusCode":200},"responseTime":0.5474629999999934,"msg":"request completed"}
@serpvera/api:test: {"level":30,"time":1791389182204,"pid":945497,"hostname":"wina-LOQ-16IRH8","reqId":"req-v","req":{"method":"POST","url":"/v1/autofix/654b13d5-fddf-48f6-9968-ba5ba66e9f36/manual","host":"localhost:80","remoteAddress":"127.0.0.1"},"msg":"incoming request"}
@serpvera/api:test: {"level":30,"time":1791389182204,"pid":945497,"hostname":"wina-LOQ-16IRH8","reqId":"req-v","res":{"statusCode":403},"responseTime":0.5649559999999951,"msg":"request completed"}
@serpvera/api:test: {"level":30,"time":1791389182204,"pid":945497,"hostname":"wina-LOQ-16IRH8","reqId":"req-w","req":{"method":"POST","url":"/v1/auth/mfa/enroll","host":"localhost:80","remoteAddress":"127.0.0.1"},"msg":"incoming request"}
@serpvera/api:test: {"level":30,"time":1791389182238,"pid":945497,"hostname":"wina-LOQ-16IRH8","reqId":"req-w","res":{"statusCode":200},"responseTime":34.25610999999992,"msg":"request completed"}
@serpvera/api:test: {"level":30,"time":1791389182239,"pid":945497,"hostname":"wina-LOQ-16IRH8","reqId":"req-x","req":{"method":"POST","url":"/v1/auth/mfa/confirm-enrollment","host":"localhost:80","remoteAddress":"127.0.0.1"},"msg":"incoming request"}
@serpvera/api:test: {"level":30,"time":1791389182240,"pid":945497,"hostname":"wina-LOQ-16IRH8","reqId":"req-x","res":{"statusCode":200},"responseTime":0.7437820000000102,"msg":"request completed"}
@serpvera/api:test: {"level":30,"time":1791389182240,"pid":945497,"hostname":"wina-LOQ-16IRH8","reqId":"req-y","req":{"method":"POST","url":"/v1/autofix/654b13d5-fddf-48f6-9968-ba5ba66e9f36/manual","host":"localhost:80","remoteAddress":"127.0.0.1"},"msg":"incoming request"}
@serpvera/api:test: {"level":30,"time":1791389182241,"pid":945497,"hostname":"wina-LOQ-16IRH8","reqId":"req-y","res":{"statusCode":200},"responseTime":0.9778340000000298,"msg":"request completed"}
@serpvera/api:test: {"level":30,"time":1791389182241,"pid":945497,"hostname":"wina-LOQ-16IRH8","reqId":"req-z","req":{"method":"POST","url":"/v1/autofix/654b13d5-fddf-48f6-9968-ba5ba66e9f36/verify","host":"localhost:80","remoteAddress":"127.0.0.1"},"msg":"incoming request"}
@serpvera/api:test:   ✔ requires step-up for manual publication and keeps an unobserved edit pending (71.327359ms)
@serpvera/api:test: ✔ fixture-backed proven patch routes (288.775621ms)
@serpvera/api:test: {"level":30,"time":1791389182242,"pid":945497,"hostname":"wina-LOQ-16IRH8","reqId":"req-z","res":{"statusCode":200},"responseTime":0.6031279999999697,"msg":"request completed"}
@serpvera/api:test: ▶ WordPress REST adapter (simulator only)
@serpvera/api:test:   ✔ requires HTTPS and validates resource ids (1.091318ms)
@serpvera/api:test:   ✔ reads, writes, replays and verifies a media alt, then verifies rollback (1.698022ms)
@serpvera/api:test:   ✔ does not overwrite drift and does not post an unregistered SEO meta key (0.463284ms)
@serpvera/api:test:   ✔ writes SEO titles only through an explicitly exposed editable string meta field (0.883185ms)
@serpvera/api:test: ✔ WordPress REST adapter (simulator only) (5.053909ms)
@serpvera/api:test: ▶ WordPress REST simulator end-to-end proof loop
@serpvera/api:test:   ✔ publishes R0 alt through REST, verifies R1 manual title, and restores the initial hash (10.581552ms)
@serpvera/api:test: ✔ WordPress REST simulator end-to-end proof loop (11.313322ms)
@serpvera/api:test: ▶ proof-bound patch workflow (fixture only)
@serpvera/api:test:   ✔ declares the complete lifecycle and blocks skipped proof states (1.219098ms)
@serpvera/api:test:   ✔ refuses to construct the fixture workflow in production (1.040221ms)
@serpvera/api:test:   ✔ runs an informative alt patch from evidence through verified rollback (4.193537ms)
@serpvera/api:test:   ✔ supports an R1 title and manual publication without inventing a write receipt (1.38926ms)
@serpvera/api:test:   ✔ rejects ungrounded text, decorative alt text, and every unsupported R2-shaped patch (0.374596ms)
@serpvera/api:test:   ✔ rolls back on browser/Googlebot divergence and records the failed proof (0.881572ms)
@serpvera/api:test:   ✔ treats a blocked Googlebot response as inconclusive and never as success (1.088232ms)
@serpvera/api:test:   ✔ refuses to overwrite a source change made after approval (0.442775ms)
@serpvera/api:test:   ✔ keeps tenant reads isolated and audit events append-only to callers (0.375438ms)
@serpvera/api:test:   ✔ replays the same fixture write idempotently and rejects key reuse for changed content (0.338468ms)
@serpvera/api:test: ✔ proof-bound patch workflow (fixture only) (12.570773ms)
@serpvera/api:test: {"level":30,"time":1791389182826,"pid":945530,"hostname":"wina-LOQ-16IRH8","driver":"postgres","role":"serpvera_app","msg":"store driver: postgres — persistence + RLS enforced"}
@serpvera/api:test: {"level":30,"time":1791389182857,"pid":945530,"hostname":"wina-LOQ-16IRH8","reqId":"req-1","req":{"method":"POST","url":"/v1/auth/register","host":"localhost:80","remoteAddress":"127.0.0.1"},"msg":"incoming request"}
@serpvera/api:test: {"timestamp":"2026-10-07T16:06:22.917Z","level":"info","message":"User registered","context":{"userId":"fdfcf74f-d99c-4cf8-9f67-329c89a90346"}}
@serpvera/api:test: {"level":30,"time":1791389182919,"pid":945530,"hostname":"wina-LOQ-16IRH8","reqId":"req-1","res":{"statusCode":201},"responseTime":61.40416799999997,"msg":"request completed"}
@serpvera/api:test: {"level":30,"time":1791389182919,"pid":945530,"hostname":"wina-LOQ-16IRH8","reqId":"req-2","req":{"method":"POST","url":"/v1/organizations","host":"localhost:80","remoteAddress":"127.0.0.1"},"msg":"incoming request"}
@serpvera/api:test: {"timestamp":"2026-10-07T16:06:22.924Z","level":"info","message":"Organization created","organizationId":"ac116441-7f40-427e-95e6-279c7739e80c","context":{"organizationId":"ac116441-7f40-427e-95e6-279c7739e80c","userId":"fdfcf74f-d99c-4cf8-9f67-329c89a90346"}}
@serpvera/api:test: {"level":30,"time":1791389182924,"pid":945530,"hostname":"wina-LOQ-16IRH8","reqId":"req-2","res":{"statusCode":201},"responseTime":4.487811999999963,"msg":"request completed"}
@serpvera/api:test: {"level":30,"time":1791389182924,"pid":945530,"hostname":"wina-LOQ-16IRH8","reqId":"req-3","req":{"method":"POST","url":"/v1/auth/select-organization","host":"localhost:80","remoteAddress":"127.0.0.1"},"msg":"incoming request"}
@serpvera/api:test: {"timestamp":"2026-10-07T16:06:22.929Z","level":"info","message":"Organization selected","organizationId":"ac116441-7f40-427e-95e6-279c7739e80c","context":{"userId":"fdfcf74f-d99c-4cf8-9f67-329c89a90346","organizationId":"ac116441-7f40-427e-95e6-279c7739e80c"}}
@serpvera/api:test: {"level":30,"time":1791389182929,"pid":945530,"hostname":"wina-LOQ-16IRH8","reqId":"req-3","res":{"statusCode":200},"responseTime":4.368406999999991,"msg":"request completed"}
@serpvera/api:test: {"level":30,"time":1791389182929,"pid":945530,"hostname":"wina-LOQ-16IRH8","reqId":"req-4","req":{"method":"POST","url":"/v1/projects","host":"localhost:80","remoteAddress":"127.0.0.1"},"msg":"incoming request"}
@serpvera/api:test: {"level":30,"time":1791389182933,"pid":945530,"hostname":"wina-LOQ-16IRH8","reqId":"req-4","res":{"statusCode":201},"responseTime":3.62908299999998,"msg":"request completed"}
@serpvera/api:test: {"level":30,"time":1791389182933,"pid":945530,"hostname":"wina-LOQ-16IRH8","reqId":"req-5","req":{"method":"POST","url":"/v1/projects/dff7d4ad-22a3-4fd0-ada9-d22c006737c1/crawl-runs","host":"localhost:80","remoteAddress":"127.0.0.1"},"msg":"incoming request"}
@serpvera/api:test: {"level":30,"time":1791389182942,"pid":945530,"hostname":"wina-LOQ-16IRH8","reqId":"req-5","res":{"statusCode":201},"responseTime":8.647324999999967,"msg":"request completed"}
@serpvera/api:test: {"timestamp":"2026-10-07T16:06:22.953Z","level":"info","message":"Project crawl completed","traceId":"ebb8b19b-0e24-4f88-b32d-f3b2d76ef643","organizationId":"ac116441-7f40-427e-95e6-279c7739e80c","projectId":"dff7d4ad-22a3-4fd0-ada9-d22c006737c1","context":{"jobType":"project-crawl","traceId":"ebb8b19b-0e24-4f88-b32d-f3b2d76ef643","organizationId":"ac116441-7f40-427e-95e6-279c7739e80c","projectId":"dff7d4ad-22a3-4fd0-ada9-d22c006737c1","status":"completed","findingCount":1}}
@serpvera/api:test: {"level":30,"time":1791389183445,"pid":945530,"hostname":"wina-LOQ-16IRH8","reqId":"req-6","req":{"method":"GET","url":"/v1/projects/dff7d4ad-22a3-4fd0-ada9-d22c006737c1/findings","host":"localhost:80","remoteAddress":"127.0.0.1"},"msg":"incoming request"}
@serpvera/api:test: {"level":30,"time":1791389183449,"pid":945530,"hostname":"wina-LOQ-16IRH8","reqId":"req-6","res":{"statusCode":200},"responseTime":4.1264810000000125,"msg":"request completed"}
@serpvera/api:test: {"level":30,"time":1791389183449,"pid":945530,"hostname":"wina-LOQ-16IRH8","reqId":"req-7","req":{"method":"GET","url":"/v1/projects/dff7d4ad-22a3-4fd0-ada9-d22c006737c1/evidence","host":"localhost:80","remoteAddress":"127.0.0.1"},"msg":"incoming request"}
@serpvera/api:test: {"level":30,"time":1791389183452,"pid":945530,"hostname":"wina-LOQ-16IRH8","reqId":"req-7","res":{"statusCode":200},"responseTime":2.727241999999933,"msg":"request completed"}
@serpvera/api:test: {"level":30,"time":1791389183452,"pid":945530,"hostname":"wina-LOQ-16IRH8","reqId":"req-8","req":{"method":"GET","url":"/v1/projects/dff7d4ad-22a3-4fd0-ada9-d22c006737c1/crawl-runs","host":"localhost:80","remoteAddress":"127.0.0.1"},"msg":"incoming request"}
@serpvera/api:test: {"level":30,"time":1791389183454,"pid":945530,"hostname":"wina-LOQ-16IRH8","reqId":"req-8","res":{"statusCode":200},"responseTime":2.0146989999999505,"msg":"request completed"}
@serpvera/api:test: {"level":30,"time":1791389183454,"pid":945530,"hostname":"wina-LOQ-16IRH8","reqId":"req-9","req":{"method":"GET","url":"/v1/projects/dff7d4ad-22a3-4fd0-ada9-d22c006737c1/findings","host":"localhost:80","remoteAddress":"127.0.0.1"},"msg":"incoming request"}
@serpvera/api:test: {"level":30,"time":1791389183456,"pid":945530,"hostname":"wina-LOQ-16IRH8","reqId":"req-9","res":{"statusCode":200},"responseTime":1.6212470000000394,"msg":"request completed"}
@serpvera/api:test: {"level":30,"time":1791389183458,"pid":945530,"hostname":"wina-LOQ-16IRH8","reqId":"req-a","req":{"method":"POST","url":"/v1/auth/register","host":"localhost:80","remoteAddress":"127.0.0.1"},"msg":"incoming request"}
@serpvera/api:test: ▶ project crawl persists fixture-derived findings/evidence (real PostgreSQL)
@serpvera/api:test:   ✔ crawl run writes findings + evidence rows, and GET /findings returns them (tenant-scoped) (605.768737ms)
@serpvera/api:test: {"timestamp":"2026-10-07T16:06:23.501Z","level":"info","message":"User registered","context":{"userId":"4d09cc2a-7088-430a-ab0d-ad485bc65708"}}
@serpvera/api:test: {"level":30,"time":1791389183501,"pid":945530,"hostname":"wina-LOQ-16IRH8","reqId":"req-a","res":{"statusCode":201},"responseTime":42.85686799999996,"msg":"request completed"}
@serpvera/api:test: {"level":30,"time":1791389183502,"pid":945530,"hostname":"wina-LOQ-16IRH8","reqId":"req-b","req":{"method":"POST","url":"/v1/organizations","host":"localhost:80","remoteAddress":"127.0.0.1"},"msg":"incoming request"}
@serpvera/api:test: {"timestamp":"2026-10-07T16:06:23.505Z","level":"info","message":"Organization created","organizationId":"d5c10a89-e2ee-47d3-88b5-a50d2b4aec01","context":{"organizationId":"d5c10a89-e2ee-47d3-88b5-a50d2b4aec01","userId":"4d09cc2a-7088-430a-ab0d-ad485bc65708"}}
@serpvera/api:test: {"level":30,"time":1791389183505,"pid":945530,"hostname":"wina-LOQ-16IRH8","reqId":"req-b","res":{"statusCode":201},"responseTime":3.4073250000000144,"msg":"request completed"}
@serpvera/api:test: {"level":30,"time":1791389183505,"pid":945530,"hostname":"wina-LOQ-16IRH8","reqId":"req-c","req":{"method":"POST","url":"/v1/auth/select-organization","host":"localhost:80","remoteAddress":"127.0.0.1"},"msg":"incoming request"}
@serpvera/api:test: {"timestamp":"2026-10-07T16:06:23.508Z","level":"info","message":"Organization selected","organizationId":"d5c10a89-e2ee-47d3-88b5-a50d2b4aec01","context":{"userId":"4d09cc2a-7088-430a-ab0d-ad485bc65708","organizationId":"d5c10a89-e2ee-47d3-88b5-a50d2b4aec01"}}
@serpvera/api:test: {"level":30,"time":1791389183508,"pid":945530,"hostname":"wina-LOQ-16IRH8","reqId":"req-c","res":{"statusCode":200},"responseTime":3.127136000000064,"msg":"request completed"}
@serpvera/api:test: {"level":30,"time":1791389183509,"pid":945530,"hostname":"wina-LOQ-16IRH8","reqId":"req-d","req":{"method":"POST","url":"/v1/projects","host":"localhost:80","remoteAddress":"127.0.0.1"},"msg":"incoming request"}
@serpvera/api:test: {"level":30,"time":1791389183512,"pid":945530,"hostname":"wina-LOQ-16IRH8","reqId":"req-d","res":{"statusCode":201},"responseTime":3.4716960000000654,"msg":"request completed"}
@serpvera/api:test: {"level":30,"time":1791389183513,"pid":945530,"hostname":"wina-LOQ-16IRH8","reqId":"req-e","req":{"method":"POST","url":"/v1/auth/register","host":"localhost:80","remoteAddress":"127.0.0.1"},"msg":"incoming request"}
@serpvera/api:test: {"timestamp":"2026-10-07T16:06:23.542Z","level":"info","message":"User registered","context":{"userId":"449459e9-2466-4b30-a9f9-b50578bb1220"}}
@serpvera/api:test: {"level":30,"time":1791389183542,"pid":945530,"hostname":"wina-LOQ-16IRH8","reqId":"req-e","res":{"statusCode":201},"responseTime":29.439148000000046,"msg":"request completed"}
@serpvera/api:test: {"level":30,"time":1791389183542,"pid":945530,"hostname":"wina-LOQ-16IRH8","reqId":"req-f","req":{"method":"POST","url":"/v1/organizations","host":"localhost:80","remoteAddress":"127.0.0.1"},"msg":"incoming request"}
@serpvera/api:test: {"timestamp":"2026-10-07T16:06:23.544Z","level":"info","message":"Organization created","organizationId":"f5348c6b-4e7f-456e-88b3-39187f40daba","context":{"organizationId":"f5348c6b-4e7f-456e-88b3-39187f40daba","userId":"449459e9-2466-4b30-a9f9-b50578bb1220"}}
@serpvera/api:test: {"level":30,"time":1791389183544,"pid":945530,"hostname":"wina-LOQ-16IRH8","reqId":"req-f","res":{"statusCode":201},"responseTime":1.8944119999999884,"msg":"request completed"}
@serpvera/api:test: {"level":30,"time":1791389183544,"pid":945530,"hostname":"wina-LOQ-16IRH8","reqId":"req-g","req":{"method":"POST","url":"/v1/auth/select-organization","host":"localhost:80","remoteAddress":"127.0.0.1"},"msg":"incoming request"}
@serpvera/api:test: {"timestamp":"2026-10-07T16:06:23.547Z","level":"info","message":"Organization selected","organizationId":"f5348c6b-4e7f-456e-88b3-39187f40daba","context":{"userId":"449459e9-2466-4b30-a9f9-b50578bb1220","organizationId":"f5348c6b-4e7f-456e-88b3-39187f40daba"}}
@serpvera/api:test: {"level":30,"time":1791389183547,"pid":945530,"hostname":"wina-LOQ-16IRH8","reqId":"req-g","res":{"statusCode":200},"responseTime":2.694890999999984,"msg":"request completed"}
@serpvera/api:test: {"level":30,"time":1791389183547,"pid":945530,"hostname":"wina-LOQ-16IRH8","reqId":"req-h","req":{"method":"POST","url":"/v1/projects","host":"localhost:80","remoteAddress":"127.0.0.1"},"msg":"incoming request"}
@serpvera/api:test: {"level":30,"time":1791389183550,"pid":945530,"hostname":"wina-LOQ-16IRH8","reqId":"req-h","res":{"statusCode":201},"responseTime":2.605132000000026,"msg":"request completed"}
@serpvera/api:test: {"level":30,"time":1791389183550,"pid":945530,"hostname":"wina-LOQ-16IRH8","reqId":"req-i","req":{"method":"POST","url":"/v1/projects/93d700c7-3e75-456e-98a8-d03f66b3d6a9/crawl-runs","host":"localhost:80","remoteAddress":"127.0.0.1"},"msg":"incoming request"}
@serpvera/api:test: {"level":30,"time":1791389183554,"pid":945530,"hostname":"wina-LOQ-16IRH8","reqId":"req-i","res":{"statusCode":201},"responseTime":3.7456919999999627,"msg":"request completed"}
@serpvera/api:test: {"timestamp":"2026-10-07T16:06:23.562Z","level":"info","message":"Project crawl completed","traceId":"5c95c4e3-be54-45ef-ab5a-fc66093eb476","organizationId":"d5c10a89-e2ee-47d3-88b5-a50d2b4aec01","projectId":"93d700c7-3e75-456e-98a8-d03f66b3d6a9","context":{"jobType":"project-crawl","traceId":"5c95c4e3-be54-45ef-ab5a-fc66093eb476","organizationId":"d5c10a89-e2ee-47d3-88b5-a50d2b4aec01","projectId":"93d700c7-3e75-456e-98a8-d03f66b3d6a9","status":"completed","findingCount":1}}
@serpvera/api:test: {"level":30,"time":1791389184055,"pid":945530,"hostname":"wina-LOQ-16IRH8","reqId":"req-j","req":{"method":"GET","url":"/v1/projects/93d700c7-3e75-456e-98a8-d03f66b3d6a9/findings","host":"localhost:80","remoteAddress":"127.0.0.1"},"msg":"incoming request"}
@serpvera/api:test: {"level":30,"time":1791389184060,"pid":945530,"hostname":"wina-LOQ-16IRH8","reqId":"req-j","res":{"statusCode":200},"responseTime":3.9689840000000913,"msg":"request completed"}
@serpvera/api:test: {"level":30,"time":1791389184561,"pid":945530,"hostname":"wina-LOQ-16IRH8","reqId":"req-k","req":{"method":"GET","url":"/v1/projects/93d700c7-3e75-456e-98a8-d03f66b3d6a9/findings","host":"localhost:80","remoteAddress":"127.0.0.1"},"msg":"incoming request"}
@serpvera/api:test: {"level":30,"time":1791389184565,"pid":945530,"hostname":"wina-LOQ-16IRH8","reqId":"req-k","res":{"statusCode":200},"responseTime":3.9391370000000734,"msg":"request completed"}
@serpvera/api:test: {"level":30,"time":1791389184565,"pid":945530,"hostname":"wina-LOQ-16IRH8","reqId":"req-l","req":{"method":"GET","url":"/v1/projects/93d700c7-3e75-456e-98a8-d03f66b3d6a9/evidence","host":"localhost:80","remoteAddress":"127.0.0.1"},"msg":"incoming request"}
@serpvera/api:test: {"level":30,"time":1791389184568,"pid":945530,"hostname":"wina-LOQ-16IRH8","reqId":"req-l","res":{"statusCode":200},"responseTime":2.4489779999998973,"msg":"request completed"}
@serpvera/api:test: {"level":30,"time":1791389184568,"pid":945530,"hostname":"wina-LOQ-16IRH8","reqId":"req-m","req":{"method":"GET","url":"/v1/projects/93d700c7-3e75-456e-98a8-d03f66b3d6a9/crawl-runs","host":"localhost:80","remoteAddress":"127.0.0.1"},"msg":"incoming request"}
@serpvera/api:test: {"level":30,"time":1791389184570,"pid":945530,"hostname":"wina-LOQ-16IRH8","reqId":"req-m","res":{"statusCode":200},"responseTime":1.9895309999999427,"msg":"request completed"}
@serpvera/api:test: {"level":30,"time":1791389184570,"pid":945530,"hostname":"wina-LOQ-16IRH8","reqId":"req-n","req":{"method":"GET","url":"/v1/projects/93d700c7-3e75-456e-98a8-d03f66b3d6a9/findings","host":"localhost:80","remoteAddress":"127.0.0.1"},"msg":"incoming request"}
@serpvera/api:test: {"level":30,"time":1791389184572,"pid":945530,"hostname":"wina-LOQ-16IRH8","reqId":"req-n","res":{"statusCode":404},"responseTime":1.445225000000164,"msg":"request completed"}
@serpvera/api:test: {"level":30,"time":1791389184572,"pid":945530,"hostname":"wina-LOQ-16IRH8","reqId":"req-o","req":{"method":"POST","url":"/v1/projects/93d700c7-3e75-456e-98a8-d03f66b3d6a9/crawl-runs","host":"localhost:80","remoteAddress":"127.0.0.1"},"msg":"incoming request"}
@serpvera/api:test: {"level":30,"time":1791389184573,"pid":945530,"hostname":"wina-LOQ-16IRH8","reqId":"req-o","res":{"statusCode":404},"responseTime":1.4786579999999958,"msg":"request completed"}
@serpvera/api:test: {"level":30,"time":1791389184573,"pid":945530,"hostname":"wina-LOQ-16IRH8","reqId":"req-p","req":{"method":"GET","url":"/v1/projects/afbfa20c-cdfe-4ce6-8451-f650b0f95632/findings","host":"localhost:80","remoteAddress":"127.0.0.1"},"msg":"incoming request"}
@serpvera/api:test: {"level":30,"time":1791389184576,"pid":945530,"hostname":"wina-LOQ-16IRH8","reqId":"req-p","res":{"statusCode":200},"responseTime":2.2656919999999445,"msg":"request completed"}
@serpvera/api:test:   ✔ a foreign tenant gets 404 for the crawl/findings routes (no existence leak) (1118.454054ms)
@serpvera/api:test: ✔ project crawl persists fixture-derived findings/evidence (real PostgreSQL) (1809.627513ms)
@serpvera/api:test: {"level":30,"time":1791389195024,"pid":945553,"hostname":"wina-LOQ-16IRH8","driver":"postgres","role":"serpvera_app","msg":"store driver: postgres — persistence + RLS enforced"}
@serpvera/api:test: {"level":30,"time":1791389195074,"pid":945553,"hostname":"wina-LOQ-16IRH8","reqId":"req-1","req":{"method":"POST","url":"/v1/auth/register","host":"localhost:80","remoteAddress":"127.0.0.1"},"msg":"incoming request"}
@serpvera/api:test: {"timestamp":"2026-10-07T16:06:35.154Z","level":"info","message":"User registered","context":{"userId":"056931e4-2cea-48e4-a590-42c8e7284131"}}
@serpvera/api:test: {"level":30,"time":1791389195157,"pid":945553,"hostname":"wina-LOQ-16IRH8","reqId":"req-1","res":{"statusCode":201},"responseTime":82.809189,"msg":"request completed"}
@serpvera/api:test: {"level":30,"time":1791389195158,"pid":945553,"hostname":"wina-LOQ-16IRH8","reqId":"req-2","req":{"method":"POST","url":"/v1/organizations","host":"localhost:80","remoteAddress":"127.0.0.1"},"msg":"incoming request"}
@serpvera/api:test: {"timestamp":"2026-10-07T16:06:35.164Z","level":"info","message":"Organization created","organizationId":"ad99addb-306c-4a02-a1ac-0beb2ef771be","context":{"organizationId":"ad99addb-306c-4a02-a1ac-0beb2ef771be","userId":"056931e4-2cea-48e4-a590-42c8e7284131"}}
@serpvera/api:test: {"level":30,"time":1791389195165,"pid":945553,"hostname":"wina-LOQ-16IRH8","reqId":"req-2","res":{"statusCode":201},"responseTime":6.787567999999965,"msg":"request completed"}
@serpvera/api:test: {"level":30,"time":1791389195165,"pid":945553,"hostname":"wina-LOQ-16IRH8","reqId":"req-3","req":{"method":"POST","url":"/v1/auth/select-organization","host":"localhost:80","remoteAddress":"127.0.0.1"},"msg":"incoming request"}
@serpvera/api:test: {"timestamp":"2026-10-07T16:06:35.171Z","level":"info","message":"Organization selected","organizationId":"ad99addb-306c-4a02-a1ac-0beb2ef771be","context":{"userId":"056931e4-2cea-48e4-a590-42c8e7284131","organizationId":"ad99addb-306c-4a02-a1ac-0beb2ef771be"}}
@serpvera/api:test: {"level":30,"time":1791389195171,"pid":945553,"hostname":"wina-LOQ-16IRH8","reqId":"req-3","res":{"statusCode":200},"responseTime":6.307502999999997,"msg":"request completed"}
@serpvera/api:test: {"level":30,"time":1791389195172,"pid":945553,"hostname":"wina-LOQ-16IRH8","reqId":"req-4","req":{"method":"POST","url":"/v1/auth/register","host":"localhost:80","remoteAddress":"127.0.0.1"},"msg":"incoming request"}
@serpvera/api:test: {"timestamp":"2026-10-07T16:06:35.228Z","level":"info","message":"User registered","context":{"userId":"b7edcfcd-c2a7-4e31-8e36-26d95eeb517f"}}
@serpvera/api:test: {"level":30,"time":1791389195228,"pid":945553,"hostname":"wina-LOQ-16IRH8","reqId":"req-4","res":{"statusCode":201},"responseTime":56.449427000000014,"msg":"request completed"}
@serpvera/api:test: {"level":30,"time":1791389195229,"pid":945553,"hostname":"wina-LOQ-16IRH8","reqId":"req-5","req":{"method":"POST","url":"/v1/organizations","host":"localhost:80","remoteAddress":"127.0.0.1"},"msg":"incoming request"}
@serpvera/api:test: {"timestamp":"2026-10-07T16:06:35.233Z","level":"info","message":"Organization created","organizationId":"815f31e3-5628-4d19-8de0-1897b0eadfdd","context":{"organizationId":"815f31e3-5628-4d19-8de0-1897b0eadfdd","userId":"b7edcfcd-c2a7-4e31-8e36-26d95eeb517f"}}
@serpvera/api:test: {"level":30,"time":1791389195233,"pid":945553,"hostname":"wina-LOQ-16IRH8","reqId":"req-5","res":{"statusCode":201},"responseTime":4.341176000000019,"msg":"request completed"}
@serpvera/api:test: {"level":30,"time":1791389195234,"pid":945553,"hostname":"wina-LOQ-16IRH8","reqId":"req-6","req":{"method":"POST","url":"/v1/auth/select-organization","host":"localhost:80","remoteAddress":"127.0.0.1"},"msg":"incoming request"}
@serpvera/api:test: {"timestamp":"2026-10-07T16:06:35.238Z","level":"info","message":"Organization selected","organizationId":"815f31e3-5628-4d19-8de0-1897b0eadfdd","context":{"userId":"b7edcfcd-c2a7-4e31-8e36-26d95eeb517f","organizationId":"815f31e3-5628-4d19-8de0-1897b0eadfdd"}}
@serpvera/api:test: {"level":30,"time":1791389195238,"pid":945553,"hostname":"wina-LOQ-16IRH8","reqId":"req-6","res":{"statusCode":200},"responseTime":4.773500000000013,"msg":"request completed"}
@serpvera/api:test: {"level":30,"time":1791389195239,"pid":945553,"hostname":"wina-LOQ-16IRH8","reqId":"req-7","req":{"method":"POST","url":"/v1/projects","host":"localhost:80","remoteAddress":"127.0.0.1"},"msg":"incoming request"}
@serpvera/api:test: {"level":30,"time":1791389195244,"pid":945553,"hostname":"wina-LOQ-16IRH8","reqId":"req-7","res":{"statusCode":201},"responseTime":5.212519000000043,"msg":"request completed"}
@serpvera/api:test: {"level":30,"time":1791389195337,"pid":945553,"hostname":"wina-LOQ-16IRH8","reqId":"req-8","req":{"method":"GET","url":"/v1/projects/2f97383f-4798-4088-a6e6-2402988d4731/gsc/intelligence?startDate=2026-09-01&endDate=2026-09-30&module=high_impressions_low_ctr&country=fra","host":"localhost:80","remoteAddress":"127.0.0.1"},"msg":"incoming request"}
@serpvera/api:test: {"level":30,"time":1791389195348,"pid":945553,"hostname":"wina-LOQ-16IRH8","reqId":"req-8","res":{"statusCode":200},"responseTime":10.340397000000053,"msg":"request completed"}
@serpvera/api:test: {"level":30,"time":1791389195348,"pid":945553,"hostname":"wina-LOQ-16IRH8","reqId":"req-9","req":{"method":"POST","url":"/v1/projects/2f97383f-4798-4088-a6e6-2402988d4731/gsc/findings","host":"localhost:80","remoteAddress":"127.0.0.1"},"msg":"incoming request"}
@serpvera/api:test: {"level":30,"time":1791389195356,"pid":945553,"hostname":"wina-LOQ-16IRH8","reqId":"req-9","res":{"statusCode":409},"responseTime":7.43220400000007,"msg":"request completed"}
@serpvera/api:test: {"level":30,"time":1791389195356,"pid":945553,"hostname":"wina-LOQ-16IRH8","reqId":"req-a","req":{"method":"POST","url":"/v1/projects/2f97383f-4798-4088-a6e6-2402988d4731/gsc/findings","host":"localhost:80","remoteAddress":"127.0.0.1"},"msg":"incoming request"}
@serpvera/api:test: {"level":30,"time":1791389195360,"pid":945553,"hostname":"wina-LOQ-16IRH8","reqId":"req-a","res":{"statusCode":409},"responseTime":3.7222679999999855,"msg":"request completed"}
@serpvera/api:test: {"level":30,"time":1791389195360,"pid":945553,"hostname":"wina-LOQ-16IRH8","reqId":"req-b","req":{"method":"POST","url":"/v1/projects/2f97383f-4798-4088-a6e6-2402988d4731/gsc/findings","host":"localhost:80","remoteAddress":"127.0.0.1"},"msg":"incoming request"}
@serpvera/api:test: {"level":30,"time":1791389195360,"pid":945553,"hostname":"wina-LOQ-16IRH8","reqId":"req-c","req":{"method":"POST","url":"/v1/projects/2f97383f-4798-4088-a6e6-2402988d4731/gsc/findings","host":"localhost:80","remoteAddress":"127.0.0.1"},"msg":"incoming request"}
@serpvera/api:test: {"level":30,"time":1791389195373,"pid":945553,"hostname":"wina-LOQ-16IRH8","reqId":"req-b","res":{"statusCode":201},"responseTime":13.345533000000046,"msg":"request completed"}
@serpvera/api:test: {"level":30,"time":1791389195379,"pid":945553,"hostname":"wina-LOQ-16IRH8","reqId":"req-c","res":{"statusCode":200},"responseTime":18.935082999999963,"msg":"request completed"}
@serpvera/api:test: {"level":30,"time":1791389195403,"pid":945553,"hostname":"wina-LOQ-16IRH8","reqId":"req-d","req":{"method":"POST","url":"/v1/projects/2f97383f-4798-4088-a6e6-2402988d4731/gsc/findings","host":"localhost:80","remoteAddress":"127.0.0.1"},"msg":"incoming request"}
@serpvera/api:test: {"level":30,"time":1791389195415,"pid":945553,"hostname":"wina-LOQ-16IRH8","reqId":"req-d","res":{"statusCode":200},"responseTime":11.662981000000059,"msg":"request completed"}
@serpvera/api:test: {"level":30,"time":1791389195417,"pid":945553,"hostname":"wina-LOQ-16IRH8","reqId":"req-e","req":{"method":"POST","url":"/v1/actions/470d3a2f-c63e-45a5-b5dc-3ac983cbb7f1/transitions","host":"localhost:80","remoteAddress":"127.0.0.1"},"msg":"incoming request"}
@serpvera/api:test: {"level":30,"time":1791389195425,"pid":945553,"hostname":"wina-LOQ-16IRH8","reqId":"req-e","res":{"statusCode":200},"responseTime":7.945091000000048,"msg":"request completed"}
@serpvera/api:test: {"level":30,"time":1791389195425,"pid":945553,"hostname":"wina-LOQ-16IRH8","reqId":"req-f","req":{"method":"POST","url":"/v1/actions/470d3a2f-c63e-45a5-b5dc-3ac983cbb7f1/transitions","host":"localhost:80","remoteAddress":"127.0.0.1"},"msg":"incoming request"}
@serpvera/api:test: {"level":30,"time":1791389195429,"pid":945553,"hostname":"wina-LOQ-16IRH8","reqId":"req-f","res":{"statusCode":409},"responseTime":3.9520410000000084,"msg":"request completed"}
@serpvera/api:test: {"level":30,"time":1791389195430,"pid":945553,"hostname":"wina-LOQ-16IRH8","reqId":"req-g","req":{"method":"POST","url":"/v1/actions/470d3a2f-c63e-45a5-b5dc-3ac983cbb7f1/transitions","host":"localhost:80","remoteAddress":"127.0.0.1"},"msg":"incoming request"}
@serpvera/api:test: {"level":30,"time":1791389195436,"pid":945553,"hostname":"wina-LOQ-16IRH8","reqId":"req-g","res":{"statusCode":200},"responseTime":6.372375999999917,"msg":"request completed"}
@serpvera/api:test: {"level":30,"time":1791389195449,"pid":945553,"hostname":"wina-LOQ-16IRH8","reqId":"req-h","req":{"method":"POST","url":"/v1/projects/2f97383f-4798-4088-a6e6-2402988d4731/gsc/findings","host":"localhost:80","remoteAddress":"127.0.0.1"},"msg":"incoming request"}
@serpvera/api:test: {"level":30,"time":1791389195458,"pid":945553,"hostname":"wina-LOQ-16IRH8","reqId":"req-h","res":{"statusCode":409},"responseTime":9.220986000000039,"msg":"request completed"}
@serpvera/api:test: {"level":30,"time":1791389195459,"pid":945553,"hostname":"wina-LOQ-16IRH8","reqId":"req-i","req":{"method":"POST","url":"/v1/actions/470d3a2f-c63e-45a5-b5dc-3ac983cbb7f1/transitions","host":"localhost:80","remoteAddress":"127.0.0.1"},"msg":"incoming request"}
@serpvera/api:test: {"level":30,"time":1791389195464,"pid":945553,"hostname":"wina-LOQ-16IRH8","reqId":"req-i","res":{"statusCode":200},"responseTime":5.620377000000076,"msg":"request completed"}
@serpvera/api:test: {"level":30,"time":1791389195465,"pid":945553,"hostname":"wina-LOQ-16IRH8","reqId":"req-j","req":{"method":"POST","url":"/v1/actions/470d3a2f-c63e-45a5-b5dc-3ac983cbb7f1/transitions","host":"localhost:80","remoteAddress":"127.0.0.1"},"msg":"incoming request"}
@serpvera/api:test: {"level":30,"time":1791389195472,"pid":945553,"hostname":"wina-LOQ-16IRH8","reqId":"req-j","res":{"statusCode":200},"responseTime":7.375306000000023,"msg":"request completed"}
@serpvera/api:test: {"level":30,"time":1791389195472,"pid":945553,"hostname":"wina-LOQ-16IRH8","reqId":"req-k","req":{"method":"POST","url":"/v1/actions/470d3a2f-c63e-45a5-b5dc-3ac983cbb7f1/transitions","host":"localhost:80","remoteAddress":"127.0.0.1"},"msg":"incoming request"}
@serpvera/api:test: {"level":30,"time":1791389195479,"pid":945553,"hostname":"wina-LOQ-16IRH8","reqId":"req-k","res":{"statusCode":200},"responseTime":6.92994699999997,"msg":"request completed"}
@serpvera/api:test: {"level":30,"time":1791389195480,"pid":945553,"hostname":"wina-LOQ-16IRH8","reqId":"req-l","req":{"method":"POST","url":"/v1/actions/470d3a2f-c63e-45a5-b5dc-3ac983cbb7f1/transitions","host":"localhost:80","remoteAddress":"127.0.0.1"},"msg":"incoming request"}
@serpvera/api:test: {"level":30,"time":1791389195486,"pid":945553,"hostname":"wina-LOQ-16IRH8","reqId":"req-l","res":{"statusCode":200},"responseTime":6.557093000000009,"msg":"request completed"}
@serpvera/api:test: {"level":30,"time":1791389195486,"pid":945553,"hostname":"wina-LOQ-16IRH8","reqId":"req-m","req":{"method":"POST","url":"/v1/auth/register","host":"localhost:80","remoteAddress":"127.0.0.1"},"msg":"incoming request"}
@serpvera/api:test: {"timestamp":"2026-10-07T16:06:35.526Z","level":"info","message":"User registered","context":{"userId":"bb1f724a-8f3d-46e8-a6cd-c2c4d7ea0a2b"}}
@serpvera/api:test: {"level":30,"time":1791389195526,"pid":945553,"hostname":"wina-LOQ-16IRH8","reqId":"req-m","res":{"statusCode":201},"responseTime":39.66519000000005,"msg":"request completed"}
@serpvera/api:test: {"level":30,"time":1791389195528,"pid":945553,"hostname":"wina-LOQ-16IRH8","reqId":"req-n","req":{"method":"POST","url":"/v1/auth/select-organization","host":"localhost:80","remoteAddress":"127.0.0.1"},"msg":"incoming request"}
@serpvera/api:test: {"timestamp":"2026-10-07T16:06:35.534Z","level":"info","message":"Organization selected","organizationId":"ad99addb-306c-4a02-a1ac-0beb2ef771be","context":{"userId":"bb1f724a-8f3d-46e8-a6cd-c2c4d7ea0a2b","organizationId":"ad99addb-306c-4a02-a1ac-0beb2ef771be"}}
@serpvera/api:test: {"level":30,"time":1791389195534,"pid":945553,"hostname":"wina-LOQ-16IRH8","reqId":"req-n","res":{"statusCode":200},"responseTime":6.303564999999935,"msg":"request completed"}
@serpvera/api:test: {"level":30,"time":1791389195536,"pid":945553,"hostname":"wina-LOQ-16IRH8","reqId":"req-o","req":{"method":"POST","url":"/v1/projects/2f97383f-4798-4088-a6e6-2402988d4731/gsc/findings","host":"localhost:80","remoteAddress":"127.0.0.1"},"msg":"incoming request"}
@serpvera/api:test: {"level":30,"time":1791389195537,"pid":945553,"hostname":"wina-LOQ-16IRH8","reqId":"req-o","res":{"statusCode":403},"responseTime":0.4868779999999333,"msg":"request completed"}
@serpvera/api:test: {"level":30,"time":1791389195538,"pid":945553,"hostname":"wina-LOQ-16IRH8","reqId":"req-p","req":{"method":"POST","url":"/v1/projects/2f97383f-4798-4088-a6e6-2402988d4731/gsc/findings","host":"localhost:80","remoteAddress":"127.0.0.1"},"msg":"incoming request"}
@serpvera/api:test: {"level":30,"time":1791389195541,"pid":945553,"hostname":"wina-LOQ-16IRH8","reqId":"req-p","res":{"statusCode":409},"responseTime":3.443181999999979,"msg":"request completed"}
@serpvera/api:test: {"level":30,"time":1791389195541,"pid":945553,"hostname":"wina-LOQ-16IRH8","reqId":"req-q","req":{"method":"POST","url":"/v1/projects/2f97383f-4798-4088-a6e6-2402988d4731/gsc/findings","host":"localhost:80","remoteAddress":"127.0.0.1"},"msg":"incoming request"}
@serpvera/api:test: {"level":30,"time":1791389195546,"pid":945553,"hostname":"wina-LOQ-16IRH8","reqId":"req-q","res":{"statusCode":409},"responseTime":4.272175000000061,"msg":"request completed"}
@serpvera/api:test: ▶ GSC-007 Action Center verification via GSC measurements (real PostgreSQL)
@serpvera/api:test:   ✔ promotes only a server-recomputed GSC recommendation and rejects stale subjects (210.325585ms)
@serpvera/api:test: {"level":30,"time":1791389195547,"pid":945553,"hostname":"wina-LOQ-16IRH8","reqId":"req-r","req":{"method":"POST","url":"/v1/actions/48da7a9f-f731-4991-961c-857f0a9d72cd/transitions","host":"localhost:80","remoteAddress":"127.0.0.1"},"msg":"incoming request"}
@serpvera/api:test: {"level":30,"time":1791389195551,"pid":945553,"hostname":"wina-LOQ-16IRH8","reqId":"req-r","res":{"statusCode":200},"responseTime":4.714409000000046,"msg":"request completed"}
@serpvera/api:test: {"level":30,"time":1791389195552,"pid":945553,"hostname":"wina-LOQ-16IRH8","reqId":"req-s","req":{"method":"POST","url":"/v1/actions/48da7a9f-f731-4991-961c-857f0a9d72cd/transitions","host":"localhost:80","remoteAddress":"127.0.0.1"},"msg":"incoming request"}
@serpvera/api:test: {"level":30,"time":1791389195555,"pid":945553,"hostname":"wina-LOQ-16IRH8","reqId":"req-s","res":{"statusCode":200},"responseTime":3.9322949999999537,"msg":"request completed"}
@serpvera/api:test: {"level":30,"time":1791389195556,"pid":945553,"hostname":"wina-LOQ-16IRH8","reqId":"req-t","req":{"method":"POST","url":"/v1/actions/48da7a9f-f731-4991-961c-857f0a9d72cd/transitions","host":"localhost:80","remoteAddress":"127.0.0.1"},"msg":"incoming request"}
@serpvera/api:test: {"level":30,"time":1791389195560,"pid":945553,"hostname":"wina-LOQ-16IRH8","reqId":"req-t","res":{"statusCode":200},"responseTime":4.076055999999994,"msg":"request completed"}
@serpvera/api:test: {"level":30,"time":1791389195560,"pid":945553,"hostname":"wina-LOQ-16IRH8","reqId":"req-u","req":{"method":"POST","url":"/v1/actions/48da7a9f-f731-4991-961c-857f0a9d72cd/transitions","host":"localhost:80","remoteAddress":"127.0.0.1"},"msg":"incoming request"}
@serpvera/api:test: {"level":30,"time":1791389195563,"pid":945553,"hostname":"wina-LOQ-16IRH8","reqId":"req-u","res":{"statusCode":200},"responseTime":3.1986519999999246,"msg":"request completed"}
@serpvera/api:test: {"level":30,"time":1791389195563,"pid":945553,"hostname":"wina-LOQ-16IRH8","reqId":"req-v","req":{"method":"POST","url":"/v1/actions/48da7a9f-f731-4991-961c-857f0a9d72cd/transitions","host":"localhost:80","remoteAddress":"127.0.0.1"},"msg":"incoming request"}
@serpvera/api:test: {"level":30,"time":1791389195567,"pid":945553,"hostname":"wina-LOQ-16IRH8","reqId":"req-v","res":{"statusCode":200},"responseTime":3.849066999999991,"msg":"request completed"}
@serpvera/api:test: {"level":30,"time":1791389195567,"pid":945553,"hostname":"wina-LOQ-16IRH8","reqId":"req-w","req":{"method":"POST","url":"/v1/actions/48da7a9f-f731-4991-961c-857f0a9d72cd/transitions","host":"localhost:80","remoteAddress":"127.0.0.1"},"msg":"incoming request"}
@serpvera/api:test: {"level":30,"time":1791389195572,"pid":945553,"hostname":"wina-LOQ-16IRH8","reqId":"req-w","res":{"statusCode":200},"responseTime":4.689251000000013,"msg":"request completed"}
@serpvera/api:test:   ✔ VERIFIED: approval → modification → waiting window → measured gate passes (25.958064ms)
@serpvera/api:test: {"level":30,"time":1791389195573,"pid":945553,"hostname":"wina-LOQ-16IRH8","reqId":"req-x","req":{"method":"POST","url":"/v1/actions/a8511d63-e166-4e6b-b896-66b5a43a48f0/transitions","host":"localhost:80","remoteAddress":"127.0.0.1"},"msg":"incoming request"}
@serpvera/api:test: {"level":30,"time":1791389195577,"pid":945553,"hostname":"wina-LOQ-16IRH8","reqId":"req-x","res":{"statusCode":200},"responseTime":4.312320999999997,"msg":"request completed"}
@serpvera/api:test: {"level":30,"time":1791389195577,"pid":945553,"hostname":"wina-LOQ-16IRH8","reqId":"req-y","req":{"method":"POST","url":"/v1/actions/a8511d63-e166-4e6b-b896-66b5a43a48f0/transitions","host":"localhost:80","remoteAddress":"127.0.0.1"},"msg":"incoming request"}
@serpvera/api:test: {"level":30,"time":1791389195581,"pid":945553,"hostname":"wina-LOQ-16IRH8","reqId":"req-y","res":{"statusCode":200},"responseTime":3.8160560000000032,"msg":"request completed"}
@serpvera/api:test: {"level":30,"time":1791389195581,"pid":945553,"hostname":"wina-LOQ-16IRH8","reqId":"req-z","req":{"method":"POST","url":"/v1/actions/a8511d63-e166-4e6b-b896-66b5a43a48f0/transitions","host":"localhost:80","remoteAddress":"127.0.0.1"},"msg":"incoming request"}
@serpvera/api:test: {"level":30,"time":1791389195585,"pid":945553,"hostname":"wina-LOQ-16IRH8","reqId":"req-z","res":{"statusCode":200},"responseTime":3.352572000000009,"msg":"request completed"}
@serpvera/api:test: {"level":30,"time":1791389195585,"pid":945553,"hostname":"wina-LOQ-16IRH8","reqId":"req-10","req":{"method":"POST","url":"/v1/actions/a8511d63-e166-4e6b-b896-66b5a43a48f0/transitions","host":"localhost:80","remoteAddress":"127.0.0.1"},"msg":"incoming request"}
@serpvera/api:test: {"level":30,"time":1791389195588,"pid":945553,"hostname":"wina-LOQ-16IRH8","reqId":"req-10","res":{"statusCode":200},"responseTime":3.408376999999973,"msg":"request completed"}
@serpvera/api:test: {"level":30,"time":1791389195588,"pid":945553,"hostname":"wina-LOQ-16IRH8","reqId":"req-11","req":{"method":"POST","url":"/v1/actions/a8511d63-e166-4e6b-b896-66b5a43a48f0/transitions","host":"localhost:80","remoteAddress":"127.0.0.1"},"msg":"incoming request"}
@serpvera/api:test: {"level":30,"time":1791389195592,"pid":945553,"hostname":"wina-LOQ-16IRH8","reqId":"req-11","res":{"statusCode":200},"responseTime":3.3624899999999798,"msg":"request completed"}
@serpvera/api:test: {"level":30,"time":1791389195592,"pid":945553,"hostname":"wina-LOQ-16IRH8","reqId":"req-12","req":{"method":"POST","url":"/v1/actions/a8511d63-e166-4e6b-b896-66b5a43a48f0/transitions","host":"localhost:80","remoteAddress":"127.0.0.1"},"msg":"incoming request"}
@serpvera/api:test: {"level":30,"time":1791389195595,"pid":945553,"hostname":"wina-LOQ-16IRH8","reqId":"req-12","res":{"statusCode":200},"responseTime":3.440708000000086,"msg":"request completed"}
@serpvera/api:test:   ✔ REJECTED: the same loop with a gate the measurements miss (23.058708ms)
@serpvera/api:test: {"level":30,"time":1791389195596,"pid":945553,"hostname":"wina-LOQ-16IRH8","reqId":"req-13","req":{"method":"POST","url":"/v1/actions/528e6afd-e67e-49fe-8247-ab99f30ff2d4/transitions","host":"localhost:80","remoteAddress":"127.0.0.1"},"msg":"incoming request"}
@serpvera/api:test: {"level":30,"time":1791389195599,"pid":945553,"hostname":"wina-LOQ-16IRH8","reqId":"req-13","res":{"statusCode":200},"responseTime":3.450827000000004,"msg":"request completed"}
@serpvera/api:test: {"level":30,"time":1791389195599,"pid":945553,"hostname":"wina-LOQ-16IRH8","reqId":"req-14","req":{"method":"POST","url":"/v1/actions/528e6afd-e67e-49fe-8247-ab99f30ff2d4/transitions","host":"localhost:80","remoteAddress":"127.0.0.1"},"msg":"incoming request"}
@serpvera/api:test: {"level":30,"time":1791389195603,"pid":945553,"hostname":"wina-LOQ-16IRH8","reqId":"req-14","res":{"statusCode":200},"responseTime":3.540616,"msg":"request completed"}
@serpvera/api:test: {"level":30,"time":1791389195603,"pid":945553,"hostname":"wina-LOQ-16IRH8","reqId":"req-15","req":{"method":"POST","url":"/v1/actions/528e6afd-e67e-49fe-8247-ab99f30ff2d4/transitions","host":"localhost:80","remoteAddress":"127.0.0.1"},"msg":"incoming request"}
@serpvera/api:test: {"level":30,"time":1791389195608,"pid":945553,"hostname":"wina-LOQ-16IRH8","reqId":"req-15","res":{"statusCode":200},"responseTime":4.735850000000028,"msg":"request completed"}
@serpvera/api:test: {"level":30,"time":1791389195608,"pid":945553,"hostname":"wina-LOQ-16IRH8","reqId":"req-16","req":{"method":"POST","url":"/v1/actions/528e6afd-e67e-49fe-8247-ab99f30ff2d4/transitions","host":"localhost:80","remoteAddress":"127.0.0.1"},"msg":"incoming request"}
@serpvera/api:test: {"level":30,"time":1791389195612,"pid":945553,"hostname":"wina-LOQ-16IRH8","reqId":"req-16","res":{"statusCode":200},"responseTime":3.605378000000087,"msg":"request completed"}
@serpvera/api:test: {"level":30,"time":1791389195612,"pid":945553,"hostname":"wina-LOQ-16IRH8","reqId":"req-17","req":{"method":"POST","url":"/v1/actions/528e6afd-e67e-49fe-8247-ab99f30ff2d4/transitions","host":"localhost:80","remoteAddress":"127.0.0.1"},"msg":"incoming request"}
@serpvera/api:test: {"level":30,"time":1791389195615,"pid":945553,"hostname":"wina-LOQ-16IRH8","reqId":"req-17","res":{"statusCode":200},"responseTime":3.4188660000000937,"msg":"request completed"}
@serpvera/api:test: {"level":30,"time":1791389195615,"pid":945553,"hostname":"wina-LOQ-16IRH8","reqId":"req-18","req":{"method":"POST","url":"/v1/actions/528e6afd-e67e-49fe-8247-ab99f30ff2d4/transitions","host":"localhost:80","remoteAddress":"127.0.0.1"},"msg":"incoming request"}
@serpvera/api:test: {"level":30,"time":1791389195619,"pid":945553,"hostname":"wina-LOQ-16IRH8","reqId":"req-18","res":{"statusCode":200},"responseTime":3.9518510000000333,"msg":"request completed"}
@serpvera/api:test:   ✔ INCONCLUSIVE: a sample too small to judge is never a PASS (23.979374ms)
@serpvera/api:test: {"level":30,"time":1791389195620,"pid":945553,"hostname":"wina-LOQ-16IRH8","reqId":"req-19","req":{"method":"POST","url":"/v1/actions/6d0dcbc2-acca-437b-9208-cd76bc8b45d3/transitions","host":"localhost:80","remoteAddress":"127.0.0.1"},"msg":"incoming request"}
@serpvera/api:test: {"level":30,"time":1791389195623,"pid":945553,"hostname":"wina-LOQ-16IRH8","reqId":"req-19","res":{"statusCode":200},"responseTime":3.5588000000000193,"msg":"request completed"}
@serpvera/api:test: {"level":30,"time":1791389195623,"pid":945553,"hostname":"wina-LOQ-16IRH8","reqId":"req-1a","req":{"method":"POST","url":"/v1/actions/6d0dcbc2-acca-437b-9208-cd76bc8b45d3/transitions","host":"localhost:80","remoteAddress":"127.0.0.1"},"msg":"incoming request"}
@serpvera/api:test: {"level":30,"time":1791389195627,"pid":945553,"hostname":"wina-LOQ-16IRH8","reqId":"req-1a","res":{"statusCode":200},"responseTime":3.7309149999999818,"msg":"request completed"}
@serpvera/api:test: {"level":30,"time":1791389195627,"pid":945553,"hostname":"wina-LOQ-16IRH8","reqId":"req-1b","req":{"method":"POST","url":"/v1/actions/6d0dcbc2-acca-437b-9208-cd76bc8b45d3/transitions","host":"localhost:80","remoteAddress":"127.0.0.1"},"msg":"incoming request"}
@serpvera/api:test: {"level":30,"time":1791389195631,"pid":945553,"hostname":"wina-LOQ-16IRH8","reqId":"req-1b","res":{"statusCode":200},"responseTime":3.646485000000098,"msg":"request completed"}
@serpvera/api:test: {"level":30,"time":1791389195631,"pid":945553,"hostname":"wina-LOQ-16IRH8","reqId":"req-1c","req":{"method":"POST","url":"/v1/actions/6d0dcbc2-acca-437b-9208-cd76bc8b45d3/transitions","host":"localhost:80","remoteAddress":"127.0.0.1"},"msg":"incoming request"}
@serpvera/api:test: {"level":30,"time":1791389195635,"pid":945553,"hostname":"wina-LOQ-16IRH8","reqId":"req-1c","res":{"statusCode":200},"responseTime":3.691190000000006,"msg":"request completed"}
@serpvera/api:test: {"level":30,"time":1791389195635,"pid":945553,"hostname":"wina-LOQ-16IRH8","reqId":"req-1d","req":{"method":"POST","url":"/v1/actions/6d0dcbc2-acca-437b-9208-cd76bc8b45d3/transitions","host":"localhost:80","remoteAddress":"127.0.0.1"},"msg":"incoming request"}
@serpvera/api:test: {"level":30,"time":1791389195638,"pid":945553,"hostname":"wina-LOQ-16IRH8","reqId":"req-1d","res":{"statusCode":200},"responseTime":3.3233659999999645,"msg":"request completed"}
@serpvera/api:test: {"level":30,"time":1791389195639,"pid":945553,"hostname":"wina-LOQ-16IRH8","reqId":"req-1e","req":{"method":"POST","url":"/v1/actions/6d0dcbc2-acca-437b-9208-cd76bc8b45d3/transitions","host":"localhost:80","remoteAddress":"127.0.0.1"},"msg":"incoming request"}
@serpvera/api:test: {"level":30,"time":1791389195643,"pid":945553,"hostname":"wina-LOQ-16IRH8","reqId":"req-1e","res":{"statusCode":200},"responseTime":4.897223000000054,"msg":"request completed"}
@serpvera/api:test:   ✔ INCONCLUSIVE: a window without measured rows says so explicitly (24.156798ms)
@serpvera/api:test: {"level":30,"time":1791389195650,"pid":945553,"hostname":"wina-LOQ-16IRH8","reqId":"req-1f","req":{"method":"POST","url":"/v1/actions/d1f5f2f4-0426-4792-bd5a-530da01712e9/transitions","host":"localhost:80","remoteAddress":"127.0.0.1"},"msg":"incoming request"}
@serpvera/api:test: {"level":30,"time":1791389195653,"pid":945553,"hostname":"wina-LOQ-16IRH8","reqId":"req-1f","res":{"statusCode":200},"responseTime":3.6366970000000265,"msg":"request completed"}
@serpvera/api:test: {"level":30,"time":1791389195654,"pid":945553,"hostname":"wina-LOQ-16IRH8","reqId":"req-1g","req":{"method":"POST","url":"/v1/actions/d1f5f2f4-0426-4792-bd5a-530da01712e9/transitions","host":"localhost:80","remoteAddress":"127.0.0.1"},"msg":"incoming request"}
@serpvera/api:test: {"level":30,"time":1791389195657,"pid":945553,"hostname":"wina-LOQ-16IRH8","reqId":"req-1g","res":{"statusCode":200},"responseTime":3.628161000000091,"msg":"request completed"}
@serpvera/api:test: {"level":30,"time":1791389195657,"pid":945553,"hostname":"wina-LOQ-16IRH8","reqId":"req-1h","req":{"method":"POST","url":"/v1/actions/d1f5f2f4-0426-4792-bd5a-530da01712e9/transitions","host":"localhost:80","remoteAddress":"127.0.0.1"},"msg":"incoming request"}
@serpvera/api:test: {"level":30,"time":1791389195661,"pid":945553,"hostname":"wina-LOQ-16IRH8","reqId":"req-1h","res":{"statusCode":200},"responseTime":3.4618880000000445,"msg":"request completed"}
@serpvera/api:test: {"level":30,"time":1791389195661,"pid":945553,"hostname":"wina-LOQ-16IRH8","reqId":"req-1i","req":{"method":"POST","url":"/v1/actions/d1f5f2f4-0426-4792-bd5a-530da01712e9/transitions","host":"localhost:80","remoteAddress":"127.0.0.1"},"msg":"incoming request"}
@serpvera/api:test: {"level":30,"time":1791389195665,"pid":945553,"hostname":"wina-LOQ-16IRH8","reqId":"req-1i","res":{"statusCode":200},"responseTime":3.638390000000072,"msg":"request completed"}
@serpvera/api:test: {"level":30,"time":1791389195665,"pid":945553,"hostname":"wina-LOQ-16IRH8","reqId":"req-1j","req":{"method":"POST","url":"/v1/actions/d1f5f2f4-0426-4792-bd5a-530da01712e9/transitions","host":"localhost:80","remoteAddress":"127.0.0.1"},"msg":"incoming request"}
@serpvera/api:test: {"level":30,"time":1791389195668,"pid":945553,"hostname":"wina-LOQ-16IRH8","reqId":"req-1j","res":{"statusCode":200},"responseTime":3.4918239999999514,"msg":"request completed"}
@serpvera/api:test: {"level":30,"time":1791389195668,"pid":945553,"hostname":"wina-LOQ-16IRH8","reqId":"req-1k","req":{"method":"POST","url":"/v1/actions/d1f5f2f4-0426-4792-bd5a-530da01712e9/transitions","host":"localhost:80","remoteAddress":"127.0.0.1"},"msg":"incoming request"}
@serpvera/api:test: {"level":30,"time":1791389195673,"pid":945553,"hostname":"wina-LOQ-16IRH8","reqId":"req-1k","res":{"statusCode":200},"responseTime":4.940985999999839,"msg":"request completed"}
@serpvera/api:test: {"level":30,"time":1791389195675,"pid":945553,"hostname":"wina-LOQ-16IRH8","reqId":"req-1l","req":{"method":"POST","url":"/v1/actions/f85110cc-c21b-4932-8570-4be837f7e2c9/transitions","host":"localhost:80","remoteAddress":"127.0.0.1"},"msg":"incoming request"}
@serpvera/api:test: {"level":30,"time":1791389195679,"pid":945553,"hostname":"wina-LOQ-16IRH8","reqId":"req-1l","res":{"statusCode":200},"responseTime":3.7038440000001174,"msg":"request completed"}
@serpvera/api:test: {"level":30,"time":1791389195679,"pid":945553,"hostname":"wina-LOQ-16IRH8","reqId":"req-1m","req":{"method":"POST","url":"/v1/actions/f85110cc-c21b-4932-8570-4be837f7e2c9/transitions","host":"localhost:80","remoteAddress":"127.0.0.1"},"msg":"incoming request"}
@serpvera/api:test: {"level":30,"time":1791389195683,"pid":945553,"hostname":"wina-LOQ-16IRH8","reqId":"req-1m","res":{"statusCode":200},"responseTime":3.890815999999859,"msg":"request completed"}
@serpvera/api:test: {"level":30,"time":1791389195683,"pid":945553,"hostname":"wina-LOQ-16IRH8","reqId":"req-1n","req":{"method":"POST","url":"/v1/actions/f85110cc-c21b-4932-8570-4be837f7e2c9/transitions","host":"localhost:80","remoteAddress":"127.0.0.1"},"msg":"incoming request"}
@serpvera/api:test: {"level":30,"time":1791389195687,"pid":945553,"hostname":"wina-LOQ-16IRH8","reqId":"req-1n","res":{"statusCode":200},"responseTime":3.2505389999998897,"msg":"request completed"}
@serpvera/api:test: {"level":30,"time":1791389195687,"pid":945553,"hostname":"wina-LOQ-16IRH8","reqId":"req-1o","req":{"method":"POST","url":"/v1/actions/f85110cc-c21b-4932-8570-4be837f7e2c9/transitions","host":"localhost:80","remoteAddress":"127.0.0.1"},"msg":"incoming request"}
@serpvera/api:test: {"level":30,"time":1791389195690,"pid":945553,"hostname":"wina-LOQ-16IRH8","reqId":"req-1o","res":{"statusCode":200},"responseTime":3.342090999999982,"msg":"request completed"}
@serpvera/api:test: {"level":30,"time":1791389195690,"pid":945553,"hostname":"wina-LOQ-16IRH8","reqId":"req-1p","req":{"method":"POST","url":"/v1/actions/f85110cc-c21b-4932-8570-4be837f7e2c9/transitions","host":"localhost:80","remoteAddress":"127.0.0.1"},"msg":"incoming request"}
@serpvera/api:test: {"level":30,"time":1791389195697,"pid":945553,"hostname":"wina-LOQ-16IRH8","reqId":"req-1p","res":{"statusCode":200},"responseTime":6.526976999999988,"msg":"request completed"}
@serpvera/api:test: {"level":30,"time":1791389195697,"pid":945553,"hostname":"wina-LOQ-16IRH8","reqId":"req-1q","req":{"method":"POST","url":"/v1/actions/f85110cc-c21b-4932-8570-4be837f7e2c9/transitions","host":"localhost:80","remoteAddress":"127.0.0.1"},"msg":"incoming request"}
@serpvera/api:test: {"level":30,"time":1791389195701,"pid":945553,"hostname":"wina-LOQ-16IRH8","reqId":"req-1q","res":{"statusCode":200},"responseTime":3.8237300000000687,"msg":"request completed"}
@serpvera/api:test:   ✔ does not verify against rows from RUNNING or FAILED sync jobs (57.285123ms)
@serpvera/api:test: {"level":30,"time":1791389195707,"pid":945553,"hostname":"wina-LOQ-16IRH8","reqId":"req-1r","req":{"method":"POST","url":"/v1/actions/bfff9fbf-64da-43ce-8be1-df6db67feb7a/transitions","host":"localhost:80","remoteAddress":"127.0.0.1"},"msg":"incoming request"}
@serpvera/api:test: {"level":30,"time":1791389195709,"pid":945553,"hostname":"wina-LOQ-16IRH8","reqId":"req-1r","res":{"statusCode":409},"responseTime":1.6507019999999102,"msg":"request completed"}
@serpvera/api:test: {"level":30,"time":1791389195709,"pid":945553,"hostname":"wina-LOQ-16IRH8","reqId":"req-1s","req":{"method":"POST","url":"/v1/actions/bfff9fbf-64da-43ce-8be1-df6db67feb7a/transitions","host":"localhost:80","remoteAddress":"127.0.0.1"},"msg":"incoming request"}
@serpvera/api:test: {"level":30,"time":1791389195711,"pid":945553,"hostname":"wina-LOQ-16IRH8","reqId":"req-1s","res":{"statusCode":409},"responseTime":1.3641720000000532,"msg":"request completed"}
@serpvera/api:test:   ✔ refuses to verify before a waiting window is recorded (9.565727ms)
@serpvera/api:test: {"level":30,"time":1791389195711,"pid":945553,"hostname":"wina-LOQ-16IRH8","reqId":"req-1t","req":{"method":"GET","url":"/v1/gsc/actions/48da7a9f-f731-4991-961c-857f0a9d72cd/before-after","host":"localhost:80","remoteAddress":"127.0.0.1"},"msg":"incoming request"}
@serpvera/api:test: {"level":30,"time":1791389195716,"pid":945553,"hostname":"wina-LOQ-16IRH8","reqId":"req-1t","res":{"statusCode":200},"responseTime":4.738304999999855,"msg":"request completed"}
@serpvera/api:test:   ✔ the Action Center before/after surface shows the measured comparison (5.317417ms)
@serpvera/api:test: {"level":30,"time":1791389195716,"pid":945553,"hostname":"wina-LOQ-16IRH8","reqId":"req-1u","req":{"method":"GET","url":"/v1/gsc/actions/48da7a9f-f731-4991-961c-857f0a9d72cd/before-after","host":"localhost:80","remoteAddress":"127.0.0.1"},"msg":"incoming request"}
@serpvera/api:test: {"level":30,"time":1791389195717,"pid":945553,"hostname":"wina-LOQ-16IRH8","reqId":"req-1u","res":{"statusCode":404},"responseTime":0.9225100000001021,"msg":"request completed"}
@serpvera/api:test:   ✔ cross-tenant before/after is a uniform 404 (1.248044ms)
@serpvera/api:test: ✔ GSC-007 Action Center verification via GSC measurements (real PostgreSQL) (763.645798ms)
@serpvera/api:test: {"level":30,"time":1791389196012,"pid":945575,"hostname":"wina-LOQ-16IRH8","driver":"postgres","role":"serpvera_app","msg":"store driver: postgres — persistence + RLS enforced"}
@serpvera/api:test: {"level":30,"time":1791389196045,"pid":945575,"hostname":"wina-LOQ-16IRH8","reqId":"req-1","req":{"method":"POST","url":"/v1/auth/register","host":"localhost:80","remoteAddress":"127.0.0.1"},"msg":"incoming request"}
@serpvera/api:test: {"timestamp":"2026-10-07T16:06:36.103Z","level":"info","message":"User registered","context":{"userId":"2014fc53-1865-4c52-bd09-9f655fe02160"}}
@serpvera/api:test: {"level":30,"time":1791389196105,"pid":945575,"hostname":"wina-LOQ-16IRH8","reqId":"req-1","res":{"statusCode":201},"responseTime":59.89491399999997,"msg":"request completed"}
@serpvera/api:test: {"level":30,"time":1791389196106,"pid":945575,"hostname":"wina-LOQ-16IRH8","reqId":"req-2","req":{"method":"POST","url":"/v1/organizations","host":"localhost:80","remoteAddress":"127.0.0.1"},"msg":"incoming request"}
@serpvera/api:test: {"timestamp":"2026-10-07T16:06:36.110Z","level":"info","message":"Organization created","organizationId":"a31fccd6-38ca-4bdf-8072-ef0ba44cca1c","context":{"organizationId":"a31fccd6-38ca-4bdf-8072-ef0ba44cca1c","userId":"2014fc53-1865-4c52-bd09-9f655fe02160"}}
@serpvera/api:test: {"level":30,"time":1791389196111,"pid":945575,"hostname":"wina-LOQ-16IRH8","reqId":"req-2","res":{"statusCode":201},"responseTime":4.673882999999989,"msg":"request completed"}
@serpvera/api:test: {"level":30,"time":1791389196111,"pid":945575,"hostname":"wina-LOQ-16IRH8","reqId":"req-3","req":{"method":"POST","url":"/v1/auth/select-organization","host":"localhost:80","remoteAddress":"127.0.0.1"},"msg":"incoming request"}
@serpvera/api:test: {"timestamp":"2026-10-07T16:06:36.115Z","level":"info","message":"Organization selected","organizationId":"a31fccd6-38ca-4bdf-8072-ef0ba44cca1c","context":{"userId":"2014fc53-1865-4c52-bd09-9f655fe02160","organizationId":"a31fccd6-38ca-4bdf-8072-ef0ba44cca1c"}}
@serpvera/api:test: {"level":30,"time":1791389196115,"pid":945575,"hostname":"wina-LOQ-16IRH8","reqId":"req-3","res":{"statusCode":200},"responseTime":4.098417999999981,"msg":"request completed"}
@serpvera/api:test: {"level":30,"time":1791389196115,"pid":945575,"hostname":"wina-LOQ-16IRH8","reqId":"req-4","req":{"method":"POST","url":"/v1/auth/register","host":"localhost:80","remoteAddress":"127.0.0.1"},"msg":"incoming request"}
@serpvera/api:test: {"timestamp":"2026-10-07T16:06:36.152Z","level":"info","message":"User registered","context":{"userId":"631f3438-4a2c-4c45-b103-232b218b7fc4"}}
@serpvera/api:test: {"level":30,"time":1791389196152,"pid":945575,"hostname":"wina-LOQ-16IRH8","reqId":"req-4","res":{"statusCode":201},"responseTime":37.22342500000002,"msg":"request completed"}
@serpvera/api:test: {"level":30,"time":1791389196153,"pid":945575,"hostname":"wina-LOQ-16IRH8","reqId":"req-5","req":{"method":"POST","url":"/v1/organizations","host":"localhost:80","remoteAddress":"127.0.0.1"},"msg":"incoming request"}
@serpvera/api:test: {"timestamp":"2026-10-07T16:06:36.156Z","level":"info","message":"Organization created","organizationId":"e978baaa-4938-469d-856f-69fe7a26e1ae","context":{"organizationId":"e978baaa-4938-469d-856f-69fe7a26e1ae","userId":"631f3438-4a2c-4c45-b103-232b218b7fc4"}}
@serpvera/api:test: {"level":30,"time":1791389196156,"pid":945575,"hostname":"wina-LOQ-16IRH8","reqId":"req-5","res":{"statusCode":201},"responseTime":3.0219280000000026,"msg":"request completed"}
@serpvera/api:test: {"level":30,"time":1791389196156,"pid":945575,"hostname":"wina-LOQ-16IRH8","reqId":"req-6","req":{"method":"POST","url":"/v1/auth/select-organization","host":"localhost:80","remoteAddress":"127.0.0.1"},"msg":"incoming request"}
@serpvera/api:test: {"timestamp":"2026-10-07T16:06:36.161Z","level":"info","message":"Organization selected","organizationId":"e978baaa-4938-469d-856f-69fe7a26e1ae","context":{"userId":"631f3438-4a2c-4c45-b103-232b218b7fc4","organizationId":"e978baaa-4938-469d-856f-69fe7a26e1ae"}}
@serpvera/api:test: {"level":30,"time":1791389196161,"pid":945575,"hostname":"wina-LOQ-16IRH8","reqId":"req-6","res":{"statusCode":200},"responseTime":4.872346999999991,"msg":"request completed"}
@serpvera/api:test: {"level":30,"time":1791389196161,"pid":945575,"hostname":"wina-LOQ-16IRH8","reqId":"req-7","req":{"method":"POST","url":"/v1/projects","host":"localhost:80","remoteAddress":"127.0.0.1"},"msg":"incoming request"}
@serpvera/api:test: {"level":30,"time":1791389196165,"pid":945575,"hostname":"wina-LOQ-16IRH8","reqId":"req-7","res":{"statusCode":201},"responseTime":3.9877389999999764,"msg":"request completed"}
@serpvera/api:test: {"level":30,"time":1791389196167,"pid":945575,"hostname":"wina-LOQ-16IRH8","reqId":"req-8","req":{"method":"POST","url":"/v1/gsc/oauth/authorize","host":"localhost:80","remoteAddress":"127.0.0.1"},"msg":"incoming request"}
@serpvera/api:test: {"level":30,"time":1791389196172,"pid":945575,"hostname":"wina-LOQ-16IRH8","reqId":"req-8","res":{"statusCode":200},"responseTime":5.036796999999979,"msg":"request completed"}
@serpvera/api:test: {"level":30,"time":1791389196172,"pid":945575,"hostname":"wina-LOQ-16IRH8","reqId":"req-9","req":{"method":"POST","url":"/v1/gsc/oauth/authorize","host":"localhost:80","remoteAddress":"127.0.0.1"},"msg":"incoming request"}
@serpvera/api:test: {"level":30,"time":1791389196175,"pid":945575,"hostname":"wina-LOQ-16IRH8","reqId":"req-9","res":{"statusCode":200},"responseTime":3.0409539999999993,"msg":"request completed"}
@serpvera/api:test: {"level":30,"time":1791389196177,"pid":945575,"hostname":"wina-LOQ-16IRH8","reqId":"req-a","req":{"method":"POST","url":"/v1/gsc/oauth/authorize","host":"localhost:80","remoteAddress":"127.0.0.1"},"msg":"incoming request"}
@serpvera/api:test: ▶ GSC live routes (real PostgreSQL, scripted Google wire)
@serpvera/api:test:   ✔ authorize returns a PKCE consent URL and persists single-use state (10.354163ms)
@serpvera/api:test: {"level":30,"time":1791389196180,"pid":945575,"hostname":"wina-LOQ-16IRH8","reqId":"req-a","res":{"statusCode":200},"responseTime":2.745697000000007,"msg":"request completed"}
@serpvera/api:test: {"level":30,"time":1791389196180,"pid":945575,"hostname":"wina-LOQ-16IRH8","reqId":"req-b","req":{"method":"GET","url":"/v1/gsc/oauth/callback?code=auth-code-1&state=YTMxZmNjZDYtMzhjYS00YmRmLTgwNzItZWYwYmE0NGNjYTFj.43hJzrHCOjiyiNWBlns0UGCNdvv1V8xG8o8wmzgvawI","host":"localhost:80","remoteAddress":"127.0.0.1"},"msg":"incoming request"}
@serpvera/api:test: {"level":30,"time":1791389196185,"pid":945575,"hostname":"wina-LOQ-16IRH8","reqId":"req-b","res":{"statusCode":200},"responseTime":4.760866999999962,"msg":"request completed"}
@serpvera/api:test: {"level":30,"time":1791389196186,"pid":945575,"hostname":"wina-LOQ-16IRH8","reqId":"req-c","req":{"method":"POST","url":"/v1/gsc/oauth/authorize","host":"localhost:80","remoteAddress":"127.0.0.1"},"msg":"incoming request"}
@serpvera/api:test:   ✔ callback exchanges the code and stores ONLY envelope ciphertext (8.981875ms)
@serpvera/api:test: {"level":30,"time":1791389196189,"pid":945575,"hostname":"wina-LOQ-16IRH8","reqId":"req-c","res":{"statusCode":200},"responseTime":2.8469180000000165,"msg":"request completed"}
@serpvera/api:test: {"level":30,"time":1791389196189,"pid":945575,"hostname":"wina-LOQ-16IRH8","reqId":"req-d","req":{"method":"GET","url":"/v1/gsc/oauth/callback?code=c2&state=YTMxZmNjZDYtMzhjYS00YmRmLTgwNzItZWYwYmE0NGNjYTFj.ja-OvZYVuXi0Ss65jqKKlO8ed2-DxpgCLJcofhPsdMc","host":"localhost:80","remoteAddress":"127.0.0.1"},"msg":"incoming request"}
@serpvera/api:test: {"level":30,"time":1791389196193,"pid":945575,"hostname":"wina-LOQ-16IRH8","reqId":"req-d","res":{"statusCode":200},"responseTime":3.6877430000000118,"msg":"request completed"}
@serpvera/api:test: {"level":30,"time":1791389196193,"pid":945575,"hostname":"wina-LOQ-16IRH8","reqId":"req-e","req":{"method":"GET","url":"/v1/gsc/oauth/callback?code=c2&state=YTMxZmNjZDYtMzhjYS00YmRmLTgwNzItZWYwYmE0NGNjYTFj.ja-OvZYVuXi0Ss65jqKKlO8ed2-DxpgCLJcofhPsdMc","host":"localhost:80","remoteAddress":"127.0.0.1"},"msg":"incoming request"}
@serpvera/api:test: {"level":30,"time":1791389196194,"pid":945575,"hostname":"wina-LOQ-16IRH8","reqId":"req-e","res":{"statusCode":400},"responseTime":0.9221789999999714,"msg":"request completed"}
@serpvera/api:test: {"level":30,"time":1791389196194,"pid":945575,"hostname":"wina-LOQ-16IRH8","reqId":"req-f","req":{"method":"GET","url":"/v1/gsc/oauth/callback?code=c2&state=YTMxZmNjZDYtMzhjYS00YmRmLTgwNzItZWYwYmE0NGNjYTFj.ja-OvZYVuXi0Ss65jqKKlO8ed2-DxpgCLJcofhPsdxy","host":"localhost:80","remoteAddress":"127.0.0.1"},"msg":"incoming request"}
@serpvera/api:test: {"level":30,"time":1791389196195,"pid":945575,"hostname":"wina-LOQ-16IRH8","reqId":"req-f","res":{"statusCode":400},"responseTime":0.6275929999999903,"msg":"request completed"}
@serpvera/api:test: {"level":30,"time":1791389196195,"pid":945575,"hostname":"wina-LOQ-16IRH8","reqId":"req-g","req":{"method":"POST","url":"/v1/gsc/oauth/authorize","host":"localhost:80","remoteAddress":"127.0.0.1"},"msg":"incoming request"}
@serpvera/api:test: {"level":30,"time":1791389196198,"pid":945575,"hostname":"wina-LOQ-16IRH8","reqId":"req-g","res":{"statusCode":200},"responseTime":3.221674999999948,"msg":"request completed"}
@serpvera/api:test:   ✔ rejects replayed and tampered states with byte-identical answers (no oracle) (12.789785ms)
@serpvera/api:test:   ✔ requires a session to start the flow at all (0.603919ms)
@serpvera/api:test: {"level":30,"time":1791389196198,"pid":945575,"hostname":"wina-LOQ-16IRH8","reqId":"req-h","req":{"method":"GET","url":"/v1/gsc/oauth/callback?error=access_denied&state=YTMxZmNjZDYtMzhjYS00YmRmLTgwNzItZWYwYmE0NGNjYTFj.BEBQHfeacw6RJiwGxE3y3pEhVEgXMZ62w9pJSB1QJok","host":"localhost:80","remoteAddress":"127.0.0.1"},"msg":"incoming request"}
@serpvera/api:test: {"level":30,"time":1791389196198,"pid":945575,"hostname":"wina-LOQ-16IRH8","reqId":"req-h","res":{"statusCode":400},"responseTime":0.17132299999997258,"msg":"request completed"}
@serpvera/api:test: {"level":30,"time":1791389196199,"pid":945575,"hostname":"wina-LOQ-16IRH8","reqId":"req-i","req":{"method":"POST","url":"/v1/gsc/oauth/authorize","host":"localhost:80","remoteAddress":"127.0.0.1"},"msg":"incoming request"}
@serpvera/api:test: {"level":30,"time":1791389196199,"pid":945575,"hostname":"wina-LOQ-16IRH8","reqId":"req-i","res":{"statusCode":401},"responseTime":0.2735759999999914,"msg":"request completed"}
@serpvera/api:test: {"level":30,"time":1791389196200,"pid":945575,"hostname":"wina-LOQ-16IRH8","reqId":"req-j","req":{"method":"POST","url":"/v1/gsc/oauth/authorize","host":"localhost:80","remoteAddress":"127.0.0.1"},"msg":"incoming request"}
@serpvera/api:test: {"level":30,"time":1791389196202,"pid":945575,"hostname":"wina-LOQ-16IRH8","reqId":"req-j","res":{"statusCode":200},"responseTime":2.873168000000021,"msg":"request completed"}
@serpvera/api:test: {"level":30,"time":1791389196203,"pid":945575,"hostname":"wina-LOQ-16IRH8","reqId":"req-k","req":{"method":"GET","url":"/v1/gsc/oauth/callback?code=c3&state=YTMxZmNjZDYtMzhjYS00YmRmLTgwNzItZWYwYmE0NGNjYTFj.1rbfqGaoD11gmtfMVgOqb3Aaf78eCzYH5E2YZqcCFE4","host":"localhost:80","remoteAddress":"127.0.0.1"},"msg":"incoming request"}
@serpvera/api:test: {"level":30,"time":1791389196204,"pid":945575,"hostname":"wina-LOQ-16IRH8","reqId":"req-k","res":{"statusCode":400},"responseTime":0.6857329999999706,"msg":"request completed"}
@serpvera/api:test:   ✔ refuses an expired state at the real database boundary (4.876805ms)
@serpvera/api:test: {"level":30,"time":1791389196205,"pid":945575,"hostname":"wina-LOQ-16IRH8","reqId":"req-l","req":{"method":"GET","url":"/v1/projects/e58fdb5f-4b0a-4d4d-845e-dac7a6540172/gsc/sites","host":"localhost:80","remoteAddress":"127.0.0.1"},"msg":"incoming request"}
@serpvera/api:test: {"level":30,"time":1791389196207,"pid":945575,"hostname":"wina-LOQ-16IRH8","reqId":"req-l","res":{"statusCode":200},"responseTime":2.3965880000000084,"msg":"request completed"}
@serpvera/api:test: {"level":30,"time":1791389196208,"pid":945575,"hostname":"wina-LOQ-16IRH8","reqId":"req-m","req":{"method":"POST","url":"/v1/projects/e58fdb5f-4b0a-4d4d-845e-dac7a6540172/gsc/connections","host":"localhost:80","remoteAddress":"127.0.0.1"},"msg":"incoming request"}
@serpvera/api:test: {"level":30,"time":1791389196212,"pid":945575,"hostname":"wina-LOQ-16IRH8","reqId":"req-m","res":{"statusCode":201},"responseTime":4.839585999999997,"msg":"request completed"}
@serpvera/api:test: {"level":30,"time":1791389196213,"pid":945575,"hostname":"wina-LOQ-16IRH8","reqId":"req-n","req":{"method":"POST","url":"/v1/projects/e58fdb5f-4b0a-4d4d-845e-dac7a6540172/gsc/connections","host":"localhost:80","remoteAddress":"127.0.0.1"},"msg":"incoming request"}
@serpvera/api:test: {"level":30,"time":1791389196215,"pid":945575,"hostname":"wina-LOQ-16IRH8","reqId":"req-n","res":{"statusCode":400},"responseTime":2.303633999999988,"msg":"request completed"}
@serpvera/api:test: {"level":30,"time":1791389196215,"pid":945575,"hostname":"wina-LOQ-16IRH8","reqId":"req-o","req":{"method":"POST","url":"/v1/projects/e58fdb5f-4b0a-4d4d-845e-dac7a6540172/gsc/connections","host":"localhost:80","remoteAddress":"127.0.0.1"},"msg":"incoming request"}
@serpvera/api:test: {"level":30,"time":1791389196218,"pid":945575,"hostname":"wina-LOQ-16IRH8","reqId":"req-o","res":{"statusCode":409},"responseTime":3.1467930000000024,"msg":"request completed"}
@serpvera/api:test:   ✔ discovers properties from the live grant shape and associates one with the project (13.977645ms)
@serpvera/api:test: {"level":30,"time":1791389196219,"pid":945575,"hostname":"wina-LOQ-16IRH8","reqId":"req-p","req":{"method":"GET","url":"/v1/projects/e58fdb5f-4b0a-4d4d-845e-dac7a6540172/gsc/sites","host":"localhost:80","remoteAddress":"127.0.0.1"},"msg":"incoming request"}
@serpvera/api:test: {"level":30,"time":1791389196220,"pid":945575,"hostname":"wina-LOQ-16IRH8","reqId":"req-p","res":{"statusCode":200},"responseTime":1.4618360000000052,"msg":"request completed"}
@serpvera/api:test:   ✔ reports an empty discovery list honestly when the grant lists nothing (1.86153ms)
@serpvera/api:test: {"level":30,"time":1791389196221,"pid":945575,"hostname":"wina-LOQ-16IRH8","reqId":"req-q","req":{"method":"POST","url":"/v1/projects/e58fdb5f-4b0a-4d4d-845e-dac7a6540172/gsc/sync","host":"localhost:80","remoteAddress":"127.0.0.1"},"msg":"incoming request"}
@serpvera/api:test: {"level":30,"time":1791389196241,"pid":945575,"hostname":"wina-LOQ-16IRH8","reqId":"req-q","res":{"statusCode":200},"responseTime":20.756327,"msg":"request completed"}
@serpvera/api:test: {"level":30,"time":1791389196242,"pid":945575,"hostname":"wina-LOQ-16IRH8","reqId":"req-r","req":{"method":"GET","url":"/v1/projects/e58fdb5f-4b0a-4d4d-845e-dac7a6540172/gsc/summary?startDate=2026-09-01&endDate=2026-09-30","host":"localhost:80","remoteAddress":"127.0.0.1"},"msg":"incoming request"}
@serpvera/api:test: {"level":30,"time":1791389196246,"pid":945575,"hostname":"wina-LOQ-16IRH8","reqId":"req-r","res":{"statusCode":200},"responseTime":3.998409000000038,"msg":"request completed"}
@serpvera/api:test: {"level":30,"time":1791389196246,"pid":945575,"hostname":"wina-LOQ-16IRH8","reqId":"req-s","req":{"method":"GET","url":"/v1/projects/e58fdb5f-4b0a-4d4d-845e-dac7a6540172/gsc/breakdown?startDate=2026-09-01&endDate=2026-09-30&dimension=query","host":"localhost:80","remoteAddress":"127.0.0.1"},"msg":"incoming request"}
@serpvera/api:test: {"level":30,"time":1791389196249,"pid":945575,"hostname":"wina-LOQ-16IRH8","reqId":"req-s","res":{"statusCode":200},"responseTime":3.493947999999989,"msg":"request completed"}
@serpvera/api:test:   ✔ ingests measured rows end-to-end and serves them with freshness (29.222319ms)
@serpvera/api:test: {"level":30,"time":1791389196250,"pid":945575,"hostname":"wina-LOQ-16IRH8","reqId":"req-t","req":{"method":"POST","url":"/v1/projects/e58fdb5f-4b0a-4d4d-845e-dac7a6540172/gsc/sync","host":"localhost:80","remoteAddress":"127.0.0.1"},"msg":"incoming request"}
@serpvera/api:test: {"level":30,"time":1791389196262,"pid":945575,"hostname":"wina-LOQ-16IRH8","reqId":"req-t","res":{"statusCode":200},"responseTime":11.969518999999991,"msg":"request completed"}
@serpvera/api:test: {"level":30,"time":1791389196262,"pid":945575,"hostname":"wina-LOQ-16IRH8","reqId":"req-u","req":{"method":"GET","url":"/v1/projects/e58fdb5f-4b0a-4d4d-845e-dac7a6540172/gsc/jobs","host":"localhost:80","remoteAddress":"127.0.0.1"},"msg":"incoming request"}
@serpvera/api:test: {"level":30,"time":1791389196264,"pid":945575,"hostname":"wina-LOQ-16IRH8","reqId":"req-u","res":{"statusCode":200},"responseTime":2.1164600000000178,"msg":"request completed"}
@serpvera/api:test: {"level":30,"time":1791389196264,"pid":945575,"hostname":"wina-LOQ-16IRH8","reqId":"req-v","req":{"method":"GET","url":"/v1/projects/e58fdb5f-4b0a-4d4d-845e-dac7a6540172/gsc/summary?startDate=2026-09-01&endDate=2026-09-30","host":"localhost:80","remoteAddress":"127.0.0.1"},"msg":"incoming request"}
@serpvera/api:test: {"level":30,"time":1791389196268,"pid":945575,"hostname":"wina-LOQ-16IRH8","reqId":"req-v","res":{"statusCode":200},"responseTime":3.487997000000007,"msg":"request completed"}
@serpvera/api:test:   ✔ re-sync creates a new completed attempt and replaces, never doubles (18.391778ms)
@serpvera/api:test: {"level":30,"time":1791389196268,"pid":945575,"hostname":"wina-LOQ-16IRH8","reqId":"req-w","req":{"method":"POST","url":"/v1/projects/e58fdb5f-4b0a-4d4d-845e-dac7a6540172/gsc/sync","host":"localhost:80","remoteAddress":"127.0.0.1"},"msg":"incoming request"}
@serpvera/api:test: {"level":30,"time":1791389196280,"pid":945575,"hostname":"wina-LOQ-16IRH8","reqId":"req-w","res":{"statusCode":200},"responseTime":11.42432000000008,"msg":"request completed"}
@serpvera/api:test: {"level":30,"time":1791389196280,"pid":945575,"hostname":"wina-LOQ-16IRH8","reqId":"req-x","req":{"method":"GET","url":"/v1/projects/e58fdb5f-4b0a-4d4d-845e-dac7a6540172/gsc/jobs","host":"localhost:80","remoteAddress":"127.0.0.1"},"msg":"incoming request"}
@serpvera/api:test: {"level":30,"time":1791389196282,"pid":945575,"hostname":"wina-LOQ-16IRH8","reqId":"req-x","res":{"statusCode":200},"responseTime":1.7742050000000518,"msg":"request completed"}
@serpvera/api:test:   ✔ incremental sync (no dates) derives its window from the last sync (13.827643ms)
@serpvera/api:test: {"level":30,"time":1791389196282,"pid":945575,"hostname":"wina-LOQ-16IRH8","reqId":"req-y","req":{"method":"POST","url":"/v1/projects/e58fdb5f-4b0a-4d4d-845e-dac7a6540172/gsc/sync","host":"localhost:80","remoteAddress":"127.0.0.1"},"msg":"incoming request"}
@serpvera/api:test: {"level":30,"time":1791389196284,"pid":945575,"hostname":"wina-LOQ-16IRH8","reqId":"req-y","res":{"statusCode":400},"responseTime":1.5730460000000903,"msg":"request completed"}
@serpvera/api:test: {"level":30,"time":1791389196284,"pid":945575,"hostname":"wina-LOQ-16IRH8","reqId":"req-z","req":{"method":"POST","url":"/v1/projects/e58fdb5f-4b0a-4d4d-845e-dac7a6540172/gsc/sync","host":"localhost:80","remoteAddress":"127.0.0.1"},"msg":"incoming request"}
@serpvera/api:test: {"level":30,"time":1791389196285,"pid":945575,"hostname":"wina-LOQ-16IRH8","reqId":"req-z","res":{"statusCode":400},"responseTime":1.1647769999999582,"msg":"request completed"}
@serpvera/api:test: {"level":30,"time":1791389196285,"pid":945575,"hostname":"wina-LOQ-16IRH8","reqId":"req-10","req":{"method":"POST","url":"/v1/projects/e58fdb5f-4b0a-4d4d-845e-dac7a6540172/gsc/sync","host":"localhost:80","remoteAddress":"127.0.0.1"},"msg":"incoming request"}
@serpvera/api:test: {"level":30,"time":1791389196287,"pid":945575,"hostname":"wina-LOQ-16IRH8","reqId":"req-10","res":{"statusCode":400},"responseTime":1.238324999999918,"msg":"request completed"}
@serpvera/api:test: {"level":30,"time":1791389196287,"pid":945575,"hostname":"wina-LOQ-16IRH8","reqId":"req-11","req":{"method":"POST","url":"/v1/projects/e58fdb5f-4b0a-4d4d-845e-dac7a6540172/gsc/sync","host":"localhost:80","remoteAddress":"127.0.0.1"},"msg":"incoming request"}
@serpvera/api:test: {"level":30,"time":1791389196287,"pid":945575,"hostname":"wina-LOQ-16IRH8","reqId":"req-11","res":{"statusCode":400},"responseTime":0.5138990000000376,"msg":"request completed"}
@serpvera/api:test:   ✔ rejects malformed windows before any job exists (5.29315ms)
@serpvera/api:test: {"level":30,"time":1791389196289,"pid":945575,"hostname":"wina-LOQ-16IRH8","reqId":"req-12","req":{"method":"POST","url":"/v1/projects/e58fdb5f-4b0a-4d4d-845e-dac7a6540172/gsc/sync","host":"localhost:80","remoteAddress":"127.0.0.1"},"msg":"incoming request"}
@serpvera/api:test: {"level":30,"time":1791389196302,"pid":945575,"hostname":"wina-LOQ-16IRH8","reqId":"req-12","res":{"statusCode":200},"responseTime":12.726275999999984,"msg":"request completed"}
@serpvera/api:test:   ✔ refreshes an expired access token transparently and stores the rotation encrypted (15.176816ms)
@serpvera/api:test: {"level":30,"time":1791389196304,"pid":945575,"hostname":"wina-LOQ-16IRH8","reqId":"req-13","req":{"method":"POST","url":"/v1/projects/e58fdb5f-4b0a-4d4d-845e-dac7a6540172/gsc/sync","host":"localhost:80","remoteAddress":"127.0.0.1"},"msg":"incoming request"}
@serpvera/api:test: {"level":30,"time":1791389196313,"pid":945575,"hostname":"wina-LOQ-16IRH8","reqId":"req-13","res":{"statusCode":200},"responseTime":8.962468999999942,"msg":"request completed"}
@serpvera/api:test:   ✔ reports CREDENTIALS_REQUIRED at route level when the grant was revoked (10.789494ms)
@serpvera/api:test: {"level":30,"time":1791389196314,"pid":945575,"hostname":"wina-LOQ-16IRH8","reqId":"req-14","req":{"method":"GET","url":"/v1/projects/e58fdb5f-4b0a-4d4d-845e-dac7a6540172/gsc/sites","host":"localhost:80","remoteAddress":"127.0.0.1"},"msg":"incoming request"}
@serpvera/api:test: {"level":30,"time":1791389196315,"pid":945575,"hostname":"wina-LOQ-16IRH8","reqId":"req-14","res":{"statusCode":404},"responseTime":0.9082730000000083,"msg":"request completed"}
@serpvera/api:test: {"level":30,"time":1791389196315,"pid":945575,"hostname":"wina-LOQ-16IRH8","reqId":"req-15","req":{"method":"GET","url":"/v1/projects/e58fdb5f-4b0a-4d4d-845e-dac7a6540172/gsc/jobs","host":"localhost:80","remoteAddress":"127.0.0.1"},"msg":"incoming request"}
@serpvera/api:test: {"level":30,"time":1791389196316,"pid":945575,"hostname":"wina-LOQ-16IRH8","reqId":"req-15","res":{"statusCode":404},"responseTime":1.2098210000000336,"msg":"request completed"}
@serpvera/api:test: {"level":30,"time":1791389196316,"pid":945575,"hostname":"wina-LOQ-16IRH8","reqId":"req-16","req":{"method":"GET","url":"/v1/projects/e58fdb5f-4b0a-4d4d-845e-dac7a6540172/gsc/summary?startDate=2026-09-01&endDate=2026-09-30","host":"localhost:80","remoteAddress":"127.0.0.1"},"msg":"incoming request"}
@serpvera/api:test: {"level":30,"time":1791389196317,"pid":945575,"hostname":"wina-LOQ-16IRH8","reqId":"req-16","res":{"statusCode":404},"responseTime":0.8668040000000019,"msg":"request completed"}
@serpvera/api:test: {"level":30,"time":1791389196317,"pid":945575,"hostname":"wina-LOQ-16IRH8","reqId":"req-17","req":{"method":"GET","url":"/v1/projects/e58fdb5f-4b0a-4d4d-845e-dac7a6540172/gsc/breakdown?startDate=2026-09-01&endDate=2026-09-30&dimension=query","host":"localhost:80","remoteAddress":"127.0.0.1"},"msg":"incoming request"}
@serpvera/api:test: {"level":30,"time":1791389196318,"pid":945575,"hostname":"wina-LOQ-16IRH8","reqId":"req-17","res":{"statusCode":404},"responseTime":0.7882270000000062,"msg":"request completed"}
@serpvera/api:test: {"level":30,"time":1791389196318,"pid":945575,"hostname":"wina-LOQ-16IRH8","reqId":"req-18","req":{"method":"GET","url":"/v1/projects/e58fdb5f-4b0a-4d4d-845e-dac7a6540172/gsc/intelligence?startDate=2026-09-01&endDate=2026-09-30","host":"localhost:80","remoteAddress":"127.0.0.1"},"msg":"incoming request"}
@serpvera/api:test: {"level":30,"time":1791389196323,"pid":945575,"hostname":"wina-LOQ-16IRH8","reqId":"req-18","res":{"statusCode":404},"responseTime":4.636402000000089,"msg":"request completed"}
@serpvera/api:test: {"level":30,"time":1791389196323,"pid":945575,"hostname":"wina-LOQ-16IRH8","reqId":"req-19","req":{"method":"POST","url":"/v1/projects/e58fdb5f-4b0a-4d4d-845e-dac7a6540172/gsc/connections","host":"localhost:80","remoteAddress":"127.0.0.1"},"msg":"incoming request"}
@serpvera/api:test: {"level":30,"time":1791389196324,"pid":945575,"hostname":"wina-LOQ-16IRH8","reqId":"req-19","res":{"statusCode":404},"responseTime":0.9345319999999901,"msg":"request completed"}
@serpvera/api:test: {"level":30,"time":1791389196324,"pid":945575,"hostname":"wina-LOQ-16IRH8","reqId":"req-1a","req":{"method":"POST","url":"/v1/projects/e58fdb5f-4b0a-4d4d-845e-dac7a6540172/gsc/sync","host":"localhost:80","remoteAddress":"127.0.0.1"},"msg":"incoming request"}
@serpvera/api:test: {"level":30,"time":1791389196325,"pid":945575,"hostname":"wina-LOQ-16IRH8","reqId":"req-1a","res":{"statusCode":404},"responseTime":0.75300900000002,"msg":"request completed"}
@serpvera/api:test: {"level":30,"time":1791389196325,"pid":945575,"hostname":"wina-LOQ-16IRH8","reqId":"req-1b","req":{"method":"POST","url":"/v1/projects/e58fdb5f-4b0a-4d4d-845e-dac7a6540172/gsc/findings","host":"localhost:80","remoteAddress":"127.0.0.1"},"msg":"incoming request"}
@serpvera/api:test: {"level":30,"time":1791389196327,"pid":945575,"hostname":"wina-LOQ-16IRH8","reqId":"req-1b","res":{"statusCode":404},"responseTime":1.7405219999999417,"msg":"request completed"}
@serpvera/api:test: {"level":30,"time":1791389196327,"pid":945575,"hostname":"wina-LOQ-16IRH8","reqId":"req-1c","req":{"method":"DELETE","url":"/v1/gsc/connections/91c91b61-7a31-4c82-9ca1-e1638e581993","host":"localhost:80","remoteAddress":"127.0.0.1"},"msg":"incoming request"}
@serpvera/api:test: {"level":30,"time":1791389196328,"pid":945575,"hostname":"wina-LOQ-16IRH8","reqId":"req-1c","res":{"statusCode":404},"responseTime":1.0106660000000147,"msg":"request completed"}
@serpvera/api:test: {"level":30,"time":1791389196328,"pid":945575,"hostname":"wina-LOQ-16IRH8","reqId":"req-1d","req":{"method":"POST","url":"/v1/gsc/oauth/authorize","host":"localhost:80","remoteAddress":"127.0.0.1"},"msg":"incoming request"}
@serpvera/api:test: {"level":30,"time":1791389196329,"pid":945575,"hostname":"wina-LOQ-16IRH8","reqId":"req-1d","res":{"statusCode":404},"responseTime":0.7219910000000027,"msg":"request completed"}
@serpvera/api:test: {"level":30,"time":1791389196329,"pid":945575,"hostname":"wina-LOQ-16IRH8","reqId":"req-1e","req":{"method":"POST","url":"/v1/gsc/jobs/550093ae-dbce-4bdc-9ac1-40df8a5d6a1a/retry","host":"localhost:80","remoteAddress":"127.0.0.1"},"msg":"incoming request"}
@serpvera/api:test: {"level":30,"time":1791389196330,"pid":945575,"hostname":"wina-LOQ-16IRH8","reqId":"req-1e","res":{"statusCode":404},"responseTime":1.1187800000000152,"msg":"request completed"}
@serpvera/api:test: {"level":30,"time":1791389196330,"pid":945575,"hostname":"wina-LOQ-16IRH8","reqId":"req-1f","req":{"method":"POST","url":"/v1/gsc/jobs/143e3719-d5e0-45c2-b8b9-1f8d26b1a071/retry","host":"localhost:80","remoteAddress":"127.0.0.1"},"msg":"incoming request"}
@serpvera/api:test: {"level":30,"time":1791389196331,"pid":945575,"hostname":"wina-LOQ-16IRH8","reqId":"req-1f","res":{"statusCode":404},"responseTime":1.2121859999999742,"msg":"request completed"}
@serpvera/api:test: {"level":30,"time":1791389196333,"pid":945575,"hostname":"wina-LOQ-16IRH8","reqId":"req-1g","req":{"method":"DELETE","url":"/v1/gsc/connections/91c91b61-7a31-4c82-9ca1-e1638e581993","host":"localhost:80","remoteAddress":"127.0.0.1"},"msg":"incoming request"}
@serpvera/api:test:   ✔ returns uniform 404s to a foreign tenant on every GSC surface (18.982603ms)
@serpvera/api:test: {"level":30,"time":1791389196339,"pid":945575,"hostname":"wina-LOQ-16IRH8","reqId":"req-1g","res":{"statusCode":200},"responseTime":5.687874000000079,"msg":"request completed"}
@serpvera/api:test: {"level":30,"time":1791389196339,"pid":945575,"hostname":"wina-LOQ-16IRH8","reqId":"req-1h","req":{"method":"POST","url":"/v1/projects/e58fdb5f-4b0a-4d4d-845e-dac7a6540172/gsc/sync","host":"localhost:80","remoteAddress":"127.0.0.1"},"msg":"incoming request"}
@serpvera/api:test: {"level":30,"time":1791389196340,"pid":945575,"hostname":"wina-LOQ-16IRH8","reqId":"req-1h","res":{"statusCode":404},"responseTime":1.1467320000000427,"msg":"request completed"}
@serpvera/api:test:   ✔ disconnect revokes both tokens at Google and erases local material (8.006437ms)
@serpvera/api:test: {"level":30,"time":1791389196341,"pid":945575,"hostname":"wina-LOQ-16IRH8","reqId":"req-1i","req":{"method":"POST","url":"/v1/gsc/oauth/authorize","host":"localhost:80","remoteAddress":"127.0.0.1"},"msg":"incoming request"}
@serpvera/api:test: {"level":30,"time":1791389196343,"pid":945575,"hostname":"wina-LOQ-16IRH8","reqId":"req-1i","res":{"statusCode":200},"responseTime":2.2311770000000024,"msg":"request completed"}
@serpvera/api:test: {"level":30,"time":1791389196343,"pid":945575,"hostname":"wina-LOQ-16IRH8","reqId":"req-1j","req":{"method":"GET","url":"/v1/gsc/oauth/callback?code=reconnect-1&state=YTMxZmNjZDYtMzhjYS00YmRmLTgwNzItZWYwYmE0NGNjYTFj.432t3RoM__vpzmx5uk_f5rHsOudo4xDw69IfgGb7UM4","host":"localhost:80","remoteAddress":"127.0.0.1"},"msg":"incoming request"}
@serpvera/api:test: {"level":30,"time":1791389196345,"pid":945575,"hostname":"wina-LOQ-16IRH8","reqId":"req-1j","res":{"statusCode":200},"responseTime":2.252566999999999,"msg":"request completed"}
@serpvera/api:test: {"level":30,"time":1791389196345,"pid":945575,"hostname":"wina-LOQ-16IRH8","reqId":"req-1k","req":{"method":"POST","url":"/v1/projects/e58fdb5f-4b0a-4d4d-845e-dac7a6540172/gsc/connections","host":"localhost:80","remoteAddress":"127.0.0.1"},"msg":"incoming request"}
@serpvera/api:test: {"level":30,"time":1791389196348,"pid":945575,"hostname":"wina-LOQ-16IRH8","reqId":"req-1k","res":{"statusCode":201},"responseTime":2.984827999999993,"msg":"request completed"}
@serpvera/api:test: {"level":30,"time":1791389196349,"pid":945575,"hostname":"wina-LOQ-16IRH8","reqId":"req-1l","req":{"method":"POST","url":"/v1/projects/e58fdb5f-4b0a-4d4d-845e-dac7a6540172/gsc/connections","host":"localhost:80","remoteAddress":"127.0.0.1"},"msg":"incoming request"}
@serpvera/api:test: {"level":30,"time":1791389196351,"pid":945575,"hostname":"wina-LOQ-16IRH8","reqId":"req-1l","res":{"statusCode":409},"responseTime":2.7806530000000294,"msg":"request completed"}
@serpvera/api:test:   ✔ reconnects a disconnected property (revives the UNIQUE slot) and still refuses active duplicates (10.923737ms)
@serpvera/api:test: {"level":30,"time":1791389196353,"pid":945575,"hostname":"wina-LOQ-16IRH8","reqId":"req-1m","req":{"method":"POST","url":"/v1/projects/e58fdb5f-4b0a-4d4d-845e-dac7a6540172/gsc/connections","host":"localhost:80","remoteAddress":"127.0.0.1"},"msg":"incoming request"}
@serpvera/api:test: {"level":30,"time":1791389196355,"pid":945575,"hostname":"wina-LOQ-16IRH8","reqId":"req-1m","res":{"statusCode":400},"responseTime":1.81732599999998,"msg":"request completed"}
@serpvera/api:test: {"level":30,"time":1791389196355,"pid":945575,"hostname":"wina-LOQ-16IRH8","reqId":"req-1n","req":{"method":"POST","url":"/v1/projects/e58fdb5f-4b0a-4d4d-845e-dac7a6540172/gsc/connections","host":"localhost:80","remoteAddress":"127.0.0.1"},"msg":"incoming request"}
@serpvera/api:test: {"level":30,"time":1791389196358,"pid":945575,"hostname":"wina-LOQ-16IRH8","reqId":"req-1n","res":{"statusCode":409},"responseTime":2.5520420000000286,"msg":"request completed"}
@serpvera/api:test:   ✔ checks the current grant and fails closed on an additional active property (7.728462ms)
@serpvera/api:test: {"level":30,"time":1791389196361,"pid":945575,"hostname":"wina-LOQ-16IRH8","reqId":"req-1o","req":{"method":"POST","url":"/v1/projects/e58fdb5f-4b0a-4d4d-845e-dac7a6540172/gsc/connections","host":"localhost:80","remoteAddress":"127.0.0.1"},"msg":"incoming request"}
@serpvera/api:test: {"level":30,"time":1791389196362,"pid":945575,"hostname":"wina-LOQ-16IRH8","reqId":"req-1o","res":{"statusCode":409},"responseTime":1.397375000000011,"msg":"request completed"}
@serpvera/api:test:   ✔ refuses to associate a property when no grant is stored (2.93305ms)
@serpvera/api:test: {"level":30,"time":1791389196369,"pid":945575,"hostname":"wina-LOQ-16IRH8","driver":"postgres","role":"serpvera_app","msg":"store driver: postgres — persistence + RLS enforced"}
@serpvera/api:test: ✔ GSC live routes (real PostgreSQL, scripted Google wire) (396.571148ms)
@serpvera/api:test: {"level":40,"time":1791389196381,"pid":945575,"hostname":"wina-LOQ-16IRH8","driver":"memory","msg":"store driver: MEMORY — no persistence (test/fixture use only; set STORE_DRIVER=postgres for durable runs)"}
@serpvera/api:test: ▶ GSC BLOCKED surfaces — explicit, never fabricated
@serpvera/api:test:   ✔ without Google client configuration the API answers GSC_NOT_CONFIGURED (11.786183ms)
@serpvera/api:test:   ✔ without the PostgreSQL store the API answers GSC_STORE_UNAVAILABLE (9.927649ms)
@serpvera/api:test: ✔ GSC BLOCKED surfaces — explicit, never fabricated (21.932564ms)
@serpvera/api:test: {"level":30,"time":1791389196380,"pid":945575,"hostname":"wina-LOQ-16IRH8","reqId":"req-1","req":{"method":"GET","url":"/v1/gsc/oauth/callback?code=x&state=MTExMTExMTEtMTExMS00MTExLTgxMTEtMTExMTExMTExMTEx.abc","host":"localhost:80","remoteAddress":"127.0.0.1"},"msg":"incoming request"}
@serpvera/api:test: {"level":30,"time":1791389196380,"pid":945575,"hostname":"wina-LOQ-16IRH8","reqId":"req-1","res":{"statusCode":503},"responseTime":0.16133400000001075,"msg":"request completed"}
@serpvera/api:test: {"level":30,"time":1791389196390,"pid":945575,"hostname":"wina-LOQ-16IRH8","reqId":"req-1","req":{"method":"GET","url":"/v1/gsc/oauth/callback?code=x&state=MTExMTExMTEtMTExMS00MTExLTgxMTEtMTExMTExMTExMTEx.abc","host":"localhost:80","remoteAddress":"127.0.0.1"},"msg":"incoming request"}
@serpvera/api:test: {"level":30,"time":1791389196390,"pid":945575,"hostname":"wina-LOQ-16IRH8","reqId":"req-1","res":{"statusCode":501},"responseTime":0.15679599999998572,"msg":"request completed"}
@serpvera/api:test: {"level":30,"time":1791389196909,"pid":945588,"hostname":"wina-LOQ-16IRH8","driver":"postgres","role":"serpvera_app","msg":"store driver: postgres — persistence + RLS enforced"}
@serpvera/api:test: ▶ production configuration and store selection
@serpvera/api:test:   ✔ rejects an unknown NODE_ENV instead of treating it as development (0.775212ms)
@serpvera/api:test:   ✔ rejects unknown store drivers and memory storage in production (0.304214ms)
@serpvera/api:test:   ✔ rejects an explicitly supplied memory store in production (0.31307ms)
@serpvera/api:test:   ✔ rejects database readiness test overrides in production (0.184277ms)
@serpvera/api:test:   ✔ rejects the readiness override through production buildApp configuration (226.081875ms)
@serpvera/api:test: ✔ production configuration and store selection (228.838302ms)
@serpvera/api:test: ▶ readiness state
@serpvera/api:test:   ✔ only reports ready when config, database, and required schema checks are ready (0.342496ms)
@serpvera/api:test:   ✔ verifies both patch lifecycle and tenant-safe finding evidence schema markers (0.764622ms)
@serpvera/api:test:   ✔ requires every patch status from migration 0014 (0.320875ms)
@serpvera/api:test:   ✔ requires recorded migrations through the latest known migration (0.31293ms)
@serpvera/api:test:   ✔ reports pending when PostgreSQL is reachable but exactly one required marker is missing (0.380578ms)
@serpvera/api:test:   ✔ reports catalog query failures as unavailable schema checks without throwing (0.250933ms)
@serpvera/api:test: {"level":40,"time":1791389196950,"pid":945588,"hostname":"wina-LOQ-16IRH8","driver":"memory","msg":"store driver: MEMORY — no persistence (test/fixture use only; set STORE_DRIVER=postgres for durable runs)"}
@serpvera/api:test:   ✔ returns 503 when PostgreSQL is reachable but one required schema marker is missing (82.384068ms)
@serpvera/api:test: {"level":30,"time":1791389196961,"pid":945588,"hostname":"wina-LOQ-16IRH8","driver":"postgres","role":"serpvera_app","msg":"store driver: postgres — persistence + RLS enforced"}
@serpvera/api:test:   ✔ keeps liveness independent and reports local memory readiness explicitly (11.320555ms)
@serpvera/api:test: {"level":30,"time":1791389196946,"pid":945588,"hostname":"wina-LOQ-16IRH8","reqId":"req-1","req":{"method":"GET","url":"/ready","host":"localhost:80","remoteAddress":"127.0.0.1"},"msg":"incoming request"}
@serpvera/api:test: {"level":30,"time":1791389196948,"pid":945588,"hostname":"wina-LOQ-16IRH8","reqId":"req-1","res":{"statusCode":503},"responseTime":2.5308220000000574,"msg":"request completed"}
@serpvera/api:test: {"level":30,"time":1791389196960,"pid":945588,"hostname":"wina-LOQ-16IRH8","reqId":"req-1","req":{"method":"GET","url":"/health","host":"localhost:80","remoteAddress":"127.0.0.1"},"msg":"incoming request"}
@serpvera/api:test: {"level":30,"time":1791389196960,"pid":945588,"hostname":"wina-LOQ-16IRH8","reqId":"req-1","res":{"statusCode":200},"responseTime":0.3030509999999822,"msg":"request completed"}
@serpvera/api:test: {"level":30,"time":1791389196960,"pid":945588,"hostname":"wina-LOQ-16IRH8","reqId":"req-2","req":{"method":"GET","url":"/ready","host":"localhost:80","remoteAddress":"127.0.0.1"},"msg":"incoming request"}
@serpvera/api:test: {"level":30,"time":1791389196960,"pid":945588,"hostname":"wina-LOQ-16IRH8","reqId":"req-2","res":{"statusCode":200},"responseTime":0.14263900000003105,"msg":"request completed"}
@serpvera/api:test: {"level":30,"time":1791389196969,"pid":945588,"hostname":"wina-LOQ-16IRH8","reqId":"req-1","req":{"method":"GET","url":"/ready","host":"localhost:80","remoteAddress":"127.0.0.1"},"msg":"incoming request"}
@serpvera/api:test:   ✔ returns 503 from readiness when PostgreSQL cannot be reached (12.082653ms)
@serpvera/api:test: ✔ readiness state (108.800677ms)
@serpvera/api:test: {"level":30,"time":1791389196972,"pid":945588,"hostname":"wina-LOQ-16IRH8","reqId":"req-1","res":{"statusCode":503},"responseTime":3.212366999999972,"msg":"request completed"}
@serpvera/api:test: {"level":40,"time":1791389197247,"pid":945608,"hostname":"wina-LOQ-16IRH8","driver":"memory","msg":"store driver: MEMORY — no persistence (test/fixture use only; set STORE_DRIVER=postgres for durable runs)"}
@serpvera/api:test: {"level":30,"time":1791389197277,"pid":945608,"hostname":"wina-LOQ-16IRH8","reqId":"req-1","req":{"method":"POST","url":"/v1/auth/register","host":"localhost:80","remoteAddress":"127.0.0.1"},"msg":"incoming request"}
@serpvera/api:test: {"timestamp":"2026-10-07T16:06:37.320Z","level":"info","message":"User registered","context":{"userId":"c205985d-86f5-4468-b0fd-863407a5eb30"}}
@serpvera/api:test: {"level":30,"time":1791389197322,"pid":945608,"hostname":"wina-LOQ-16IRH8","reqId":"req-1","res":{"statusCode":201},"responseTime":44.49326400000001,"msg":"request completed"}
@serpvera/api:test: {"timestamp":"2026-10-07T16:06:37.324Z","level":"info","message":"Organization created","organizationId":"21bcaa74-58a5-48be-b8a6-59e0bdeaed4e","context":{"organizationId":"21bcaa74-58a5-48be-b8a6-59e0bdeaed4e","userId":"c205985d-86f5-4468-b0fd-863407a5eb30"}}
@serpvera/api:test: {"level":30,"time":1791389197322,"pid":945608,"hostname":"wina-LOQ-16IRH8","reqId":"req-2","req":{"method":"POST","url":"/v1/organizations","host":"localhost:80","remoteAddress":"127.0.0.1"},"msg":"incoming request"}
@serpvera/api:test: {"level":30,"time":1791389197324,"pid":945608,"hostname":"wina-LOQ-16IRH8","reqId":"req-2","res":{"statusCode":201},"responseTime":1.3551149999999552,"msg":"request completed"}
@serpvera/api:test: {"level":30,"time":1791389197324,"pid":945608,"hostname":"wina-LOQ-16IRH8","reqId":"req-3","req":{"method":"POST","url":"/v1/organizations","host":"localhost:80","remoteAddress":"127.0.0.1"},"msg":"incoming request"}
@serpvera/api:test: {"timestamp":"2026-10-07T16:06:37.325Z","level":"info","message":"Organization created","organizationId":"16da7022-2817-4411-a718-0a3b7322c2db","context":{"organizationId":"16da7022-2817-4411-a718-0a3b7322c2db","userId":"c205985d-86f5-4468-b0fd-863407a5eb30"}}
@serpvera/api:test: {"level":30,"time":1791389197325,"pid":945608,"hostname":"wina-LOQ-16IRH8","reqId":"req-3","res":{"statusCode":201},"responseTime":0.8234830000000102,"msg":"request completed"}
@serpvera/api:test: {"level":30,"time":1791389197325,"pid":945608,"hostname":"wina-LOQ-16IRH8","reqId":"req-4","req":{"method":"POST","url":"/v1/projects","host":"localhost:80","remoteAddress":"127.0.0.1"},"msg":"incoming request"}
@serpvera/api:test: {"level":30,"time":1791389197326,"pid":945608,"hostname":"wina-LOQ-16IRH8","reqId":"req-4","res":{"statusCode":201},"responseTime":1.093612999999948,"msg":"request completed"}
@serpvera/api:test: {"level":30,"time":1791389197326,"pid":945608,"hostname":"wina-LOQ-16IRH8","reqId":"req-5","req":{"method":"POST","url":"/v1/projects","host":"localhost:80","remoteAddress":"127.0.0.1"},"msg":"incoming request"}
@serpvera/api:test: {"level":30,"time":1791389197327,"pid":945608,"hostname":"wina-LOQ-16IRH8","reqId":"req-5","res":{"statusCode":200},"responseTime":0.7385120000000143,"msg":"request completed"}
@serpvera/api:test: {"level":30,"time":1791389197327,"pid":945608,"hostname":"wina-LOQ-16IRH8","reqId":"req-6","req":{"method":"POST","url":"/v1/projects","host":"localhost:80","remoteAddress":"127.0.0.1"},"msg":"incoming request"}
@serpvera/api:test: {"level":30,"time":1791389197328,"pid":945608,"hostname":"wina-LOQ-16IRH8","reqId":"req-6","res":{"statusCode":409},"responseTime":0.47355299999998124,"msg":"request completed"}
@serpvera/api:test: {"level":30,"time":1791389197328,"pid":945608,"hostname":"wina-LOQ-16IRH8","reqId":"req-7","req":{"method":"POST","url":"/v1/projects","host":"localhost:80","remoteAddress":"127.0.0.1"},"msg":"incoming request"}
@serpvera/api:test: {"level":30,"time":1791389197328,"pid":945608,"hostname":"wina-LOQ-16IRH8","reqId":"req-7","res":{"statusCode":201},"responseTime":0.4595170000000053,"msg":"request completed"}
@serpvera/api:test: {"level":30,"time":1791389197329,"pid":945608,"hostname":"wina-LOQ-16IRH8","reqId":"req-8","req":{"method":"POST","url":"/v1/projects","host":"localhost:80","remoteAddress":"127.0.0.1"},"msg":"incoming request"}
@serpvera/api:test: ▶ project creation idempotency (memory adapter)
@serpvera/api:test:   ✔ retries a common workspace slug and replays projects by tenant and payload (57.393117ms)
@serpvera/api:test: ✔ project creation idempotency (memory adapter) (123.893064ms)
@serpvera/api:test: {"level":30,"time":1791389197329,"pid":945608,"hostname":"wina-LOQ-16IRH8","reqId":"req-8","res":{"statusCode":201},"responseTime":0.47297200000002704,"msg":"request completed"}
@serpvera/api:test: {"level":40,"time":1791389197610,"pid":945620,"hostname":"wina-LOQ-16IRH8","driver":"memory","msg":"store driver: MEMORY — no persistence (test/fixture use only; set STORE_DRIVER=postgres for durable runs)"}
@serpvera/api:test: ▶ rate-limit unit semantics
@serpvera/api:test:   ✔ allows exactly N requests per window, then rejects with retryAfter (0.783287ms)
@serpvera/api:test:   ✔ windows reset after the interval (0.137479ms)
@serpvera/api:test:   ✔ tracks IPs independently (0.143761ms)
@serpvera/api:test:   ✔ keeps operation scopes independent for one IP (0.122481ms)
@serpvera/api:test:   ✔ loopback is exempt (operator/dev) and cannot be exhausted (0.156675ms)
@serpvera/api:test:   ✔ isLoopback recognises the loopback forms (0.108665ms)
@serpvera/api:test: ✔ rate-limit unit semantics (2.422418ms)
@serpvera/api:test: {"level":30,"time":1791389197645,"pid":945620,"hostname":"wina-LOQ-16IRH8","reqId":"req-1","req":{"method":"POST","url":"/v1/auth/register","host":"localhost:80","remoteAddress":"127.0.0.1"},"msg":"incoming request"}
@serpvera/api:test: {"timestamp":"2026-10-07T16:06:37.686Z","level":"info","message":"User registered","context":{"userId":"5a314c5b-3fab-4cfd-96f7-1058422b81a1"}}
@serpvera/api:test: {"level":30,"time":1791389197688,"pid":945620,"hostname":"wina-LOQ-16IRH8","reqId":"req-1","res":{"statusCode":201},"responseTime":42.19870800000001,"msg":"request completed"}
@serpvera/api:test: {"level":30,"time":1791389197688,"pid":945620,"hostname":"wina-LOQ-16IRH8","reqId":"req-2","req":{"method":"POST","url":"/v1/auth/register","host":"localhost:80","remoteAddress":"203.0.113.109"},"msg":"incoming request"}
@serpvera/api:test: {"timestamp":"2026-10-07T16:06:37.723Z","level":"info","message":"User registered","context":{"userId":"6b88dea0-e6c4-4b27-8635-d79abb2a207a"}}
@serpvera/api:test: {"level":30,"time":1791389197724,"pid":945620,"hostname":"wina-LOQ-16IRH8","reqId":"req-2","res":{"statusCode":201},"responseTime":35.47539999999998,"msg":"request completed"}
@serpvera/api:test: {"level":30,"time":1791389197724,"pid":945620,"hostname":"wina-LOQ-16IRH8","reqId":"req-3","req":{"method":"POST","url":"/v1/auth/register","host":"localhost:80","remoteAddress":"203.0.113.109"},"msg":"incoming request"}
@serpvera/api:test: {"timestamp":"2026-10-07T16:06:37.759Z","level":"info","message":"User registered","context":{"userId":"58c48244-cc85-49f4-89a6-5e1dabb0ecfa"}}
@serpvera/api:test: {"level":30,"time":1791389197759,"pid":945620,"hostname":"wina-LOQ-16IRH8","reqId":"req-3","res":{"statusCode":201},"responseTime":35.30096199999997,"msg":"request completed"}
@serpvera/api:test: {"level":30,"time":1791389197760,"pid":945620,"hostname":"wina-LOQ-16IRH8","reqId":"req-4","req":{"method":"POST","url":"/v1/auth/register","host":"localhost:80","remoteAddress":"203.0.113.109"},"msg":"incoming request"}
@serpvera/api:test: {"timestamp":"2026-10-07T16:06:37.793Z","level":"info","message":"User registered","context":{"userId":"f82cc490-cebc-4975-beee-2b065afd9994"}}
@serpvera/api:test: {"level":30,"time":1791389197794,"pid":945620,"hostname":"wina-LOQ-16IRH8","reqId":"req-4","res":{"statusCode":201},"responseTime":34.15018199999997,"msg":"request completed"}
@serpvera/api:test: {"level":30,"time":1791389197794,"pid":945620,"hostname":"wina-LOQ-16IRH8","reqId":"req-5","req":{"method":"POST","url":"/v1/auth/register","host":"localhost:80","remoteAddress":"203.0.113.109"},"msg":"incoming request"}
@serpvera/api:test: {"timestamp":"2026-10-07T16:06:37.822Z","level":"info","message":"User registered","context":{"userId":"8878eb1c-18d9-4f26-aa30-1a7d89f3044e"}}
@serpvera/api:test: {"level":30,"time":1791389197823,"pid":945620,"hostname":"wina-LOQ-16IRH8","reqId":"req-5","res":{"statusCode":201},"responseTime":28.513622999999995,"msg":"request completed"}
@serpvera/api:test: {"level":30,"time":1791389197823,"pid":945620,"hostname":"wina-LOQ-16IRH8","reqId":"req-6","req":{"method":"POST","url":"/v1/auth/register","host":"localhost:80","remoteAddress":"203.0.113.109"},"msg":"incoming request"}
@serpvera/api:test: {"timestamp":"2026-10-07T16:06:37.849Z","level":"info","message":"User registered","context":{"userId":"67c169fd-665e-4cea-9515-51e9ec7ca39e"}}
@serpvera/api:test: {"level":30,"time":1791389197850,"pid":945620,"hostname":"wina-LOQ-16IRH8","reqId":"req-6","res":{"statusCode":201},"responseTime":26.498283000000015,"msg":"request completed"}
@serpvera/api:test: {"level":30,"time":1791389197850,"pid":945620,"hostname":"wina-LOQ-16IRH8","reqId":"req-7","req":{"method":"POST","url":"/v1/auth/register","host":"localhost:80","remoteAddress":"203.0.113.109"},"msg":"incoming request"}
@serpvera/api:test: {"level":30,"time":1791389197850,"pid":945620,"hostname":"wina-LOQ-16IRH8","reqId":"req-7","res":{"statusCode":429},"responseTime":0.2628660000000309,"msg":"request completed"}
@serpvera/api:test: {"level":30,"time":1791389197851,"pid":945620,"hostname":"wina-LOQ-16IRH8","reqId":"req-8","req":{"method":"POST","url":"/v1/auth/login","host":"localhost:80","remoteAddress":"203.0.113.109"},"msg":"incoming request"}
@serpvera/api:test: {"level":30,"time":1791389197885,"pid":945620,"hostname":"wina-LOQ-16IRH8","reqId":"req-8","res":{"statusCode":200},"responseTime":34.29740899999996,"msg":"request completed"}
@serpvera/api:test: {"level":30,"time":1791389197885,"pid":945620,"hostname":"wina-LOQ-16IRH8","reqId":"req-9","req":{"method":"POST","url":"/v1/auth/login","host":"localhost:80","remoteAddress":"203.0.113.109"},"msg":"incoming request"}
@serpvera/api:test: {"level":30,"time":1791389197912,"pid":945620,"hostname":"wina-LOQ-16IRH8","reqId":"req-9","res":{"statusCode":401},"responseTime":26.980863999999997,"msg":"request completed"}
@serpvera/api:test: {"level":30,"time":1791389197913,"pid":945620,"hostname":"wina-LOQ-16IRH8","reqId":"req-a","req":{"method":"POST","url":"/v1/auth/login","host":"localhost:80","remoteAddress":"203.0.113.109"},"msg":"incoming request"}
@serpvera/api:test: {"level":30,"time":1791389197939,"pid":945620,"hostname":"wina-LOQ-16IRH8","reqId":"req-a","res":{"statusCode":401},"responseTime":26.166427999999996,"msg":"request completed"}
@serpvera/api:test: {"level":30,"time":1791389197939,"pid":945620,"hostname":"wina-LOQ-16IRH8","reqId":"req-b","req":{"method":"POST","url":"/v1/auth/login","host":"localhost:80","remoteAddress":"203.0.113.109"},"msg":"incoming request"}
@serpvera/api:test: {"level":30,"time":1791389197968,"pid":945620,"hostname":"wina-LOQ-16IRH8","reqId":"req-b","res":{"statusCode":401},"responseTime":28.063634999999977,"msg":"request completed"}
@serpvera/api:test: {"level":30,"time":1791389197968,"pid":945620,"hostname":"wina-LOQ-16IRH8","reqId":"req-c","req":{"method":"POST","url":"/v1/auth/login","host":"localhost:80","remoteAddress":"203.0.113.109"},"msg":"incoming request"}
@serpvera/api:test: {"level":30,"time":1791389197994,"pid":945620,"hostname":"wina-LOQ-16IRH8","reqId":"req-c","res":{"statusCode":401},"responseTime":25.891900000000078,"msg":"request completed"}
@serpvera/api:test: {"level":30,"time":1791389197994,"pid":945620,"hostname":"wina-LOQ-16IRH8","reqId":"req-d","req":{"method":"POST","url":"/v1/auth/login","host":"localhost:80","remoteAddress":"203.0.113.109"},"msg":"incoming request"}
@serpvera/api:test: {"level":30,"time":1791389198020,"pid":945620,"hostname":"wina-LOQ-16IRH8","reqId":"req-d","res":{"statusCode":401},"responseTime":25.64884200000006,"msg":"request completed"}
@serpvera/api:test: {"level":30,"time":1791389198020,"pid":945620,"hostname":"wina-LOQ-16IRH8","reqId":"req-e","req":{"method":"POST","url":"/v1/auth/login","host":"localhost:80","remoteAddress":"203.0.113.109"},"msg":"incoming request"}
@serpvera/api:test: {"level":30,"time":1791389198049,"pid":945620,"hostname":"wina-LOQ-16IRH8","reqId":"req-e","res":{"statusCode":401},"responseTime":28.232061999999928,"msg":"request completed"}
@serpvera/api:test: {"level":30,"time":1791389198049,"pid":945620,"hostname":"wina-LOQ-16IRH8","reqId":"req-f","req":{"method":"POST","url":"/v1/auth/login","host":"localhost:80","remoteAddress":"203.0.113.109"},"msg":"incoming request"}
@serpvera/api:test: {"level":30,"time":1791389198076,"pid":945620,"hostname":"wina-LOQ-16IRH8","reqId":"req-f","res":{"statusCode":401},"responseTime":26.91241500000001,"msg":"request completed"}
@serpvera/api:test: {"level":30,"time":1791389198076,"pid":945620,"hostname":"wina-LOQ-16IRH8","reqId":"req-g","req":{"method":"POST","url":"/v1/auth/login","host":"localhost:80","remoteAddress":"203.0.113.109"},"msg":"incoming request"}
@serpvera/api:test: {"level":30,"time":1791389198103,"pid":945620,"hostname":"wina-LOQ-16IRH8","reqId":"req-g","res":{"statusCode":401},"responseTime":26.265714000000003,"msg":"request completed"}
@serpvera/api:test: {"level":30,"time":1791389198103,"pid":945620,"hostname":"wina-LOQ-16IRH8","reqId":"req-h","req":{"method":"POST","url":"/v1/auth/login","host":"localhost:80","remoteAddress":"203.0.113.109"},"msg":"incoming request"}
@serpvera/api:test: {"level":30,"time":1791389198131,"pid":945620,"hostname":"wina-LOQ-16IRH8","reqId":"req-h","res":{"statusCode":401},"responseTime":27.779489000000012,"msg":"request completed"}
@serpvera/api:test: {"level":30,"time":1791389198131,"pid":945620,"hostname":"wina-LOQ-16IRH8","reqId":"req-i","req":{"method":"POST","url":"/v1/auth/login","host":"localhost:80","remoteAddress":"203.0.113.109"},"msg":"incoming request"}
@serpvera/api:test: {"level":30,"time":1791389198160,"pid":945620,"hostname":"wina-LOQ-16IRH8","reqId":"req-i","res":{"statusCode":401},"responseTime":28.65510000000006,"msg":"request completed"}
@serpvera/api:test: {"level":30,"time":1791389198160,"pid":945620,"hostname":"wina-LOQ-16IRH8","reqId":"req-j","req":{"method":"POST","url":"/v1/auth/login","host":"localhost:80","remoteAddress":"203.0.113.109"},"msg":"incoming request"}
@serpvera/api:test: {"level":30,"time":1791389198186,"pid":945620,"hostname":"wina-LOQ-16IRH8","reqId":"req-j","res":{"statusCode":401},"responseTime":26.50823200000002,"msg":"request completed"}
@serpvera/api:test: {"level":30,"time":1791389198187,"pid":945620,"hostname":"wina-LOQ-16IRH8","reqId":"req-k","req":{"method":"POST","url":"/v1/auth/login","host":"localhost:80","remoteAddress":"203.0.113.109"},"msg":"incoming request"}
@serpvera/api:test: {"level":30,"time":1791389198214,"pid":945620,"hostname":"wina-LOQ-16IRH8","reqId":"req-k","res":{"statusCode":401},"responseTime":26.62918000000002,"msg":"request completed"}
@serpvera/api:test: {"level":30,"time":1791389198214,"pid":945620,"hostname":"wina-LOQ-16IRH8","reqId":"req-l","req":{"method":"POST","url":"/v1/auth/login","host":"localhost:80","remoteAddress":"203.0.113.109"},"msg":"incoming request"}
@serpvera/api:test: {"level":30,"time":1791389198241,"pid":945620,"hostname":"wina-LOQ-16IRH8","reqId":"req-l","res":{"statusCode":401},"responseTime":27.288793000000055,"msg":"request completed"}
@serpvera/api:test: {"level":30,"time":1791389198241,"pid":945620,"hostname":"wina-LOQ-16IRH8","reqId":"req-m","req":{"method":"POST","url":"/v1/auth/login","host":"localhost:80","remoteAddress":"203.0.113.109"},"msg":"incoming request"}
@serpvera/api:test: {"level":30,"time":1791389198268,"pid":945620,"hostname":"wina-LOQ-16IRH8","reqId":"req-m","res":{"statusCode":401},"responseTime":26.899630000000002,"msg":"request completed"}
@serpvera/api:test: {"level":30,"time":1791389198269,"pid":945620,"hostname":"wina-LOQ-16IRH8","reqId":"req-n","req":{"method":"POST","url":"/v1/auth/login","host":"localhost:80","remoteAddress":"203.0.113.109"},"msg":"incoming request"}
@serpvera/api:test: {"level":30,"time":1791389198295,"pid":945620,"hostname":"wina-LOQ-16IRH8","reqId":"req-n","res":{"statusCode":401},"responseTime":26.285112000000026,"msg":"request completed"}
@serpvera/api:test: {"level":30,"time":1791389198295,"pid":945620,"hostname":"wina-LOQ-16IRH8","reqId":"req-o","req":{"method":"POST","url":"/v1/auth/login","host":"localhost:80","remoteAddress":"203.0.113.109"},"msg":"incoming request"}
@serpvera/api:test: {"level":30,"time":1791389198322,"pid":945620,"hostname":"wina-LOQ-16IRH8","reqId":"req-o","res":{"statusCode":401},"responseTime":26.60074700000007,"msg":"request completed"}
@serpvera/api:test: {"level":30,"time":1791389198322,"pid":945620,"hostname":"wina-LOQ-16IRH8","reqId":"req-p","req":{"method":"POST","url":"/v1/auth/login","host":"localhost:80","remoteAddress":"203.0.113.109"},"msg":"incoming request"}
@serpvera/api:test: {"level":30,"time":1791389198350,"pid":945620,"hostname":"wina-LOQ-16IRH8","reqId":"req-p","res":{"statusCode":401},"responseTime":27.99554599999999,"msg":"request completed"}
@serpvera/api:test: {"level":30,"time":1791389198350,"pid":945620,"hostname":"wina-LOQ-16IRH8","reqId":"req-q","req":{"method":"POST","url":"/v1/auth/login","host":"localhost:80","remoteAddress":"203.0.113.109"},"msg":"incoming request"}
@serpvera/api:test: {"level":30,"time":1791389198377,"pid":945620,"hostname":"wina-LOQ-16IRH8","reqId":"req-q","res":{"statusCode":401},"responseTime":26.33949399999983,"msg":"request completed"}
@serpvera/api:test: {"level":30,"time":1791389198377,"pid":945620,"hostname":"wina-LOQ-16IRH8","reqId":"req-r","req":{"method":"POST","url":"/v1/auth/login","host":"localhost:80","remoteAddress":"203.0.113.109"},"msg":"incoming request"}
@serpvera/api:test: {"level":30,"time":1791389198403,"pid":945620,"hostname":"wina-LOQ-16IRH8","reqId":"req-r","res":{"statusCode":401},"responseTime":25.992809999999963,"msg":"request completed"}
@serpvera/api:test: {"level":40,"time":1791389198406,"pid":945620,"hostname":"wina-LOQ-16IRH8","driver":"memory","msg":"store driver: MEMORY — no persistence (test/fixture use only; set STORE_DRIVER=postgres for durable runs)"}
@serpvera/api:test: ▶ authentication rate limits on real Fastify routes
@serpvera/api:test:   ✔ throttles register and login by IP using separate scopes (834.112698ms)
@serpvera/api:test: ✔ authentication rate limits on real Fastify routes (834.357369ms)
@serpvera/api:test: {"level":30,"time":1791389198403,"pid":945620,"hostname":"wina-LOQ-16IRH8","reqId":"req-s","req":{"method":"POST","url":"/v1/auth/login","host":"localhost:80","remoteAddress":"203.0.113.109"},"msg":"incoming request"}
@serpvera/api:test: {"level":30,"time":1791389198404,"pid":945620,"hostname":"wina-LOQ-16IRH8","reqId":"req-s","res":{"statusCode":429},"responseTime":0.24690499999996973,"msg":"request completed"}
@serpvera/api:test: {"level":30,"time":1791389198415,"pid":945620,"hostname":"wina-LOQ-16IRH8","reqId":"req-1","req":{"method":"POST","url":"/v1/public-scans","host":"localhost:80","remoteAddress":"203.0.113.77"},"msg":"incoming request"}
@serpvera/api:test: {"timestamp":"2026-10-07T16:06:38.416Z","level":"warn","message":"Public scan rejected by SSRF guard","context":{"jobType":"public-scan","error":"SSRF blocked: IPv4 loopback (127.0.0.0/8) (https://127.0.0.1/)"}}
@serpvera/api:test: {"level":30,"time":1791389198416,"pid":945620,"hostname":"wina-LOQ-16IRH8","reqId":"req-1","res":{"statusCode":400},"responseTime":1.3386439999999311,"msg":"request completed"}
@serpvera/api:test: {"level":30,"time":1791389198416,"pid":945620,"hostname":"wina-LOQ-16IRH8","reqId":"req-2","req":{"method":"POST","url":"/v1/public-scans","host":"localhost:80","remoteAddress":"203.0.113.77"},"msg":"incoming request"}
@serpvera/api:test: {"timestamp":"2026-10-07T16:06:38.417Z","level":"warn","message":"Public scan rejected by SSRF guard","context":{"jobType":"public-scan","error":"SSRF blocked: IPv4 loopback (127.0.0.0/8) (https://127.0.0.1/)"}}
@serpvera/api:test: {"level":30,"time":1791389198417,"pid":945620,"hostname":"wina-LOQ-16IRH8","reqId":"req-2","res":{"statusCode":400},"responseTime":0.48325100000010934,"msg":"request completed"}
@serpvera/api:test: {"level":30,"time":1791389198417,"pid":945620,"hostname":"wina-LOQ-16IRH8","reqId":"req-3","req":{"method":"POST","url":"/v1/public-scans","host":"localhost:80","remoteAddress":"203.0.113.77"},"msg":"incoming request"}
@serpvera/api:test: {"timestamp":"2026-10-07T16:06:38.417Z","level":"warn","message":"Public scan rejected by SSRF guard","context":{"jobType":"public-scan","error":"SSRF blocked: IPv4 loopback (127.0.0.0/8) (https://127.0.0.1/)"}}
@serpvera/api:test: {"level":30,"time":1791389198417,"pid":945620,"hostname":"wina-LOQ-16IRH8","reqId":"req-3","res":{"statusCode":400},"responseTime":0.3424360000001343,"msg":"request completed"}
@serpvera/api:test: {"level":30,"time":1791389198417,"pid":945620,"hostname":"wina-LOQ-16IRH8","reqId":"req-4","req":{"method":"POST","url":"/v1/public-scans","host":"localhost:80","remoteAddress":"203.0.113.77"},"msg":"incoming request"}
@serpvera/api:test: {"timestamp":"2026-10-07T16:06:38.418Z","level":"warn","message":"Public scan rejected by SSRF guard","context":{"jobType":"public-scan","error":"SSRF blocked: IPv4 loopback (127.0.0.0/8) (https://127.0.0.1/)"}}
@serpvera/api:test: {"level":30,"time":1791389198418,"pid":945620,"hostname":"wina-LOQ-16IRH8","reqId":"req-4","res":{"statusCode":400},"responseTime":0.34782499999982974,"msg":"request completed"}
@serpvera/api:test: {"level":30,"time":1791389198418,"pid":945620,"hostname":"wina-LOQ-16IRH8","reqId":"req-5","req":{"method":"POST","url":"/v1/public-scans","host":"localhost:80","remoteAddress":"203.0.113.77"},"msg":"incoming request"}
@serpvera/api:test: {"timestamp":"2026-10-07T16:06:38.418Z","level":"warn","message":"Public scan rejected by SSRF guard","context":{"jobType":"public-scan","error":"SSRF blocked: IPv4 loopback (127.0.0.0/8) (https://127.0.0.1/)"}}
@serpvera/api:test: {"level":30,"time":1791389198418,"pid":945620,"hostname":"wina-LOQ-16IRH8","reqId":"req-5","res":{"statusCode":400},"responseTime":0.3179800000000341,"msg":"request completed"}
@serpvera/api:test: {"level":30,"time":1791389198418,"pid":945620,"hostname":"wina-LOQ-16IRH8","reqId":"req-6","req":{"method":"POST","url":"/v1/public-scans","host":"localhost:80","remoteAddress":"203.0.113.77"},"msg":"incoming request"}
@serpvera/api:test: {"timestamp":"2026-10-07T16:06:38.423Z","level":"info","message":"Scan completed","traceId":"d74ca7d6-bc73-409c-8275-2db1a5d30c27","context":{"jobType":"public-scan","traceId":"d74ca7d6-bc73-409c-8275-2db1a5d30c27","domain":"https://nonexistent-limit-test.example/","status":"completed","findingCount":1,"httpStatus":200}}
@serpvera/api:test: {"level":30,"time":1791389198422,"pid":945620,"hostname":"wina-LOQ-16IRH8","reqId":"req-6","res":{"statusCode":201},"responseTime":3.2480350000000726,"msg":"request completed"}
@serpvera/api:test: {"level":30,"time":1791389198423,"pid":945620,"hostname":"wina-LOQ-16IRH8","reqId":"req-7","req":{"method":"POST","url":"/v1/public-scans","host":"localhost:80","remoteAddress":"203.0.113.77"},"msg":"incoming request"}
@serpvera/api:test: {"timestamp":"2026-10-07T16:06:38.424Z","level":"info","message":"Scan completed","traceId":"85cbdd9b-0ba5-4a34-bb6f-deb1adf7d464","context":{"jobType":"public-scan","traceId":"85cbdd9b-0ba5-4a34-bb6f-deb1adf7d464","domain":"https://nonexistent-limit-test.example/","status":"completed","findingCount":1,"httpStatus":200}}
@serpvera/api:test: {"level":30,"time":1791389198424,"pid":945620,"hostname":"wina-LOQ-16IRH8","reqId":"req-7","res":{"statusCode":201},"responseTime":0.3458219999999983,"msg":"request completed"}
@serpvera/api:test: {"level":30,"time":1791389198424,"pid":945620,"hostname":"wina-LOQ-16IRH8","reqId":"req-8","req":{"method":"POST","url":"/v1/public-scans","host":"localhost:80","remoteAddress":"203.0.113.77"},"msg":"incoming request"}
@serpvera/api:test: {"timestamp":"2026-10-07T16:06:38.425Z","level":"info","message":"Scan completed","traceId":"8bb32520-3c2b-4667-ace8-a058eb65486d","context":{"jobType":"public-scan","traceId":"8bb32520-3c2b-4667-ace8-a058eb65486d","domain":"https://nonexistent-limit-test.example/","status":"completed","findingCount":1,"httpStatus":200}}
@serpvera/api:test: {"level":30,"time":1791389198425,"pid":945620,"hostname":"wina-LOQ-16IRH8","reqId":"req-8","res":{"statusCode":201},"responseTime":0.34238600000003316,"msg":"request completed"}
@serpvera/api:test: {"level":30,"time":1791389198425,"pid":945620,"hostname":"wina-LOQ-16IRH8","reqId":"req-9","req":{"method":"POST","url":"/v1/public-scans","host":"localhost:80","remoteAddress":"203.0.113.77"},"msg":"incoming request"}
@serpvera/api:test: {"timestamp":"2026-10-07T16:06:38.425Z","level":"info","message":"Scan completed","traceId":"4dadd783-bc95-4d45-8af7-6332799c73a8","context":{"jobType":"public-scan","traceId":"4dadd783-bc95-4d45-8af7-6332799c73a8","domain":"https://nonexistent-limit-test.example/","status":"completed","findingCount":1,"httpStatus":200}}
@serpvera/api:test: {"level":30,"time":1791389198425,"pid":945620,"hostname":"wina-LOQ-16IRH8","reqId":"req-9","res":{"statusCode":201},"responseTime":0.32086499999991247,"msg":"request completed"}
@serpvera/api:test: {"level":30,"time":1791389198425,"pid":945620,"hostname":"wina-LOQ-16IRH8","reqId":"req-a","req":{"method":"POST","url":"/v1/public-scans","host":"localhost:80","remoteAddress":"203.0.113.77"},"msg":"incoming request"}
@serpvera/api:test: {"timestamp":"2026-10-07T16:06:38.426Z","level":"info","message":"Scan completed","traceId":"ed465c0b-eac1-4066-acab-46dec7a988c6","context":{"jobType":"public-scan","traceId":"ed465c0b-eac1-4066-acab-46dec7a988c6","domain":"https://nonexistent-limit-test.example/","status":"completed","findingCount":1,"httpStatus":200}}
@serpvera/api:test: {"level":30,"time":1791389198426,"pid":945620,"hostname":"wina-LOQ-16IRH8","reqId":"req-a","res":{"statusCode":201},"responseTime":0.3098640000000614,"msg":"request completed"}
@serpvera/api:test: {"level":30,"time":1791389198426,"pid":945620,"hostname":"wina-LOQ-16IRH8","reqId":"req-b","req":{"method":"POST","url":"/v1/public-scans","host":"localhost:80","remoteAddress":"203.0.113.77"},"msg":"incoming request"}
@serpvera/api:test: {"timestamp":"2026-10-07T16:06:38.426Z","level":"info","message":"Scan completed","traceId":"dd9b4482-aa57-4c25-83bd-74087b1f4869","context":{"jobType":"public-scan","traceId":"dd9b4482-aa57-4c25-83bd-74087b1f4869","domain":"https://nonexistent-limit-test.example/","status":"completed","findingCount":1,"httpStatus":200}}
@serpvera/api:test: {"level":30,"time":1791389198426,"pid":945620,"hostname":"wina-LOQ-16IRH8","reqId":"req-b","res":{"statusCode":201},"responseTime":0.330632999999807,"msg":"request completed"}
@serpvera/api:test: {"level":30,"time":1791389198427,"pid":945620,"hostname":"wina-LOQ-16IRH8","reqId":"req-c","req":{"method":"POST","url":"/v1/public-scans","host":"localhost:80","remoteAddress":"203.0.113.77"},"msg":"incoming request"}
@serpvera/api:test: {"timestamp":"2026-10-07T16:06:38.427Z","level":"info","message":"Scan completed","traceId":"a8f57276-0958-4252-b9ae-0d296ca74a38","context":{"jobType":"public-scan","traceId":"a8f57276-0958-4252-b9ae-0d296ca74a38","domain":"https://nonexistent-limit-test.example/","status":"completed","findingCount":1,"httpStatus":200}}
@serpvera/api:test: {"level":30,"time":1791389198427,"pid":945620,"hostname":"wina-LOQ-16IRH8","reqId":"req-c","res":{"statusCode":201},"responseTime":0.29199100000005274,"msg":"request completed"}
@serpvera/api:test: {"level":30,"time":1791389198427,"pid":945620,"hostname":"wina-LOQ-16IRH8","reqId":"req-d","req":{"method":"POST","url":"/v1/public-scans","host":"localhost:80","remoteAddress":"203.0.113.77"},"msg":"incoming request"}
@serpvera/api:test: {"timestamp":"2026-10-07T16:06:38.427Z","level":"info","message":"Scan completed","traceId":"bc1ec401-b44f-482d-b949-f9207e863e55","context":{"jobType":"public-scan","traceId":"bc1ec401-b44f-482d-b949-f9207e863e55","domain":"https://nonexistent-limit-test.example/","status":"completed","findingCount":1,"httpStatus":200}}
@serpvera/api:test: {"level":30,"time":1791389198427,"pid":945620,"hostname":"wina-LOQ-16IRH8","reqId":"req-d","res":{"statusCode":201},"responseTime":0.28125999999997475,"msg":"request completed"}
@serpvera/api:test: {"level":30,"time":1791389198428,"pid":945620,"hostname":"wina-LOQ-16IRH8","reqId":"req-e","req":{"method":"POST","url":"/v1/public-scans","host":"localhost:80","remoteAddress":"203.0.113.77"},"msg":"incoming request"}
@serpvera/api:test: {"timestamp":"2026-10-07T16:06:38.428Z","level":"info","message":"Scan completed","traceId":"ddf2ded8-81e5-4da1-a67a-1c0b1e7767fa","context":{"jobType":"public-scan","traceId":"ddf2ded8-81e5-4da1-a67a-1c0b1e7767fa","domain":"https://nonexistent-limit-test.example/","status":"completed","findingCount":1,"httpStatus":200}}
@serpvera/api:test: {"level":30,"time":1791389198428,"pid":945620,"hostname":"wina-LOQ-16IRH8","reqId":"req-e","res":{"statusCode":201},"responseTime":0.2767119999998613,"msg":"request completed"}
@serpvera/api:test: {"level":30,"time":1791389198428,"pid":945620,"hostname":"wina-LOQ-16IRH8","reqId":"req-f","req":{"method":"POST","url":"/v1/public-scans","host":"localhost:80","remoteAddress":"203.0.113.77"},"msg":"incoming request"}
@serpvera/api:test: {"timestamp":"2026-10-07T16:06:38.429Z","level":"info","message":"Scan completed","traceId":"7b26c3c5-361f-457e-baa5-af5ee9287cd4","context":{"jobType":"public-scan","traceId":"7b26c3c5-361f-457e-baa5-af5ee9287cd4","domain":"https://nonexistent-limit-test.example/","status":"completed","findingCount":1,"httpStatus":200}}
@serpvera/api:test: {"level":30,"time":1791389198428,"pid":945620,"hostname":"wina-LOQ-16IRH8","reqId":"req-f","res":{"statusCode":201},"responseTime":0.27680199999986144,"msg":"request completed"}
@serpvera/api:test: {"level":30,"time":1791389198429,"pid":945620,"hostname":"wina-LOQ-16IRH8","reqId":"req-g","req":{"method":"POST","url":"/v1/public-scans","host":"localhost:80","remoteAddress":"203.0.113.77"},"msg":"incoming request"}
@serpvera/api:test: {"level":30,"time":1791389198429,"pid":945620,"hostname":"wina-LOQ-16IRH8","reqId":"req-g","res":{"statusCode":429},"responseTime":0.26534099999980754,"msg":"request completed"}
@serpvera/api:test: {"level":30,"time":1791389198429,"pid":945620,"hostname":"wina-LOQ-16IRH8","reqId":"req-h","req":{"method":"POST","url":"/v1/public-scans","host":"localhost:80","remoteAddress":"127.0.0.1"},"msg":"incoming request"}
@serpvera/api:test: {"timestamp":"2026-10-07T16:06:38.429Z","level":"info","message":"Scan completed","traceId":"8a173463-121a-43db-bd69-446e6c0a2d75","context":{"jobType":"public-scan","traceId":"8a173463-121a-43db-bd69-446e6c0a2d75","domain":"https://nonexistent-limit-test.example/","status":"completed","findingCount":1,"httpStatus":200}}
@serpvera/api:test: ▶ rate limit enforced by the real POST /v1/public-scans route
@serpvera/api:test:   ✔ SSRF-rejected requests do NOT consume quota; created scans do; then 429 with Retry-After (24.867539ms)
@serpvera/api:test: ✔ rate limit enforced by the real POST /v1/public-scans route (25.110877ms)
@serpvera/api:test: {"level":30,"time":1791389198429,"pid":945620,"hostname":"wina-LOQ-16IRH8","reqId":"req-h","res":{"statusCode":201},"responseTime":0.3351920000000064,"msg":"request completed"}
@serpvera/api:test: ▶ audit two-pass pipeline (deterministic fixtures)
@serpvera/api:test:   ✔ records an escalated rendered capture with a verifiable hash (5.997188ms)
@serpvera/api:test:   ✔ emits JS.SOURCE_RENDER_DIVERGENCE + evidence when rendered differs (0.644916ms)
@serpvera/api:test:   ✔ invokes the renderer for escalated fixtures and records failed capture honestly (0.296489ms)
@serpvera/api:test:   ✔ audits the exact submitted URL path rather than replacing it with the homepage (0.27039ms)
@serpvera/api:test:   ✔ marks rendered evidence unavailable instead of claiming a rendered check (0.358636ms)
@serpvera/api:test:   ✔ refuses injected HTTP fixtures under NODE_ENV=production (0.40282ms)
@serpvera/api:test: ✔ audit two-pass pipeline (deterministic fixtures) (9.044484ms)
@serpvera/api:test: {"level":30,"time":1791389198827,"pid":945652,"hostname":"wina-LOQ-16IRH8","driver":"postgres","role":"serpvera_app","msg":"store driver: postgres — persistence + RLS enforced"}
@serpvera/api:test: {"level":30,"time":1791389198858,"pid":945652,"hostname":"wina-LOQ-16IRH8","reqId":"req-1","req":{"method":"POST","url":"/v1/auth/register","host":"localhost:80","remoteAddress":"127.0.0.1"},"msg":"incoming request"}
@serpvera/api:test: {"timestamp":"2026-10-07T16:06:38.943Z","level":"info","message":"User registered","context":{"userId":"bcf07ecc-cc53-471d-9627-d1f59d194ceb"}}
@serpvera/api:test: {"level":30,"time":1791389198945,"pid":945652,"hostname":"wina-LOQ-16IRH8","reqId":"req-1","res":{"statusCode":201},"responseTime":86.76742300000001,"msg":"request completed"}
@serpvera/api:test: {"level":30,"time":1791389198945,"pid":945652,"hostname":"wina-LOQ-16IRH8","reqId":"req-2","req":{"method":"GET","url":"/v1/auth/me","host":"localhost:80","remoteAddress":"127.0.0.1"},"msg":"incoming request"}
@serpvera/api:test: {"level":30,"time":1791389198947,"pid":945652,"hostname":"wina-LOQ-16IRH8","reqId":"req-2","res":{"statusCode":200},"responseTime":1.7141219999999748,"msg":"request completed"}
@serpvera/api:test: {"level":30,"time":1791389198947,"pid":945652,"hostname":"wina-LOQ-16IRH8","reqId":"req-3","req":{"method":"POST","url":"/v1/auth/logout","host":"localhost:80","remoteAddress":"127.0.0.1"},"msg":"incoming request"}
@serpvera/api:test: {"level":30,"time":1791389198950,"pid":945652,"hostname":"wina-LOQ-16IRH8","reqId":"req-3","res":{"statusCode":200},"responseTime":2.44296700000001,"msg":"request completed"}
@serpvera/api:test: {"level":30,"time":1791389198950,"pid":945652,"hostname":"wina-LOQ-16IRH8","reqId":"req-4","req":{"method":"GET","url":"/v1/auth/me","host":"localhost:80","remoteAddress":"127.0.0.1"},"msg":"incoming request"}
@serpvera/api:test: {"level":30,"time":1791389198951,"pid":945652,"hostname":"wina-LOQ-16IRH8","reqId":"req-4","res":{"statusCode":401},"responseTime":0.49602500000003147,"msg":"request completed"}
@serpvera/api:test: {"level":30,"time":1791389198953,"pid":945652,"hostname":"wina-LOQ-16IRH8","reqId":"req-5","req":{"method":"POST","url":"/v1/auth/register","host":"localhost:80","remoteAddress":"127.0.0.1"},"msg":"incoming request"}
@serpvera/api:test: ▶ server-side session revocation (real PostgreSQL)
@serpvera/api:test:   ✔ logout REVOKES the session server-side — the same cookie is rejected afterwards (99.998922ms)
@serpvera/api:test: {"timestamp":"2026-10-07T16:06:38.995Z","level":"info","message":"User registered","context":{"userId":"1e90dd93-7f2a-42a5-b1be-675910e56f4a"}}
@serpvera/api:test: {"level":30,"time":1791389198995,"pid":945652,"hostname":"wina-LOQ-16IRH8","reqId":"req-5","res":{"statusCode":201},"responseTime":41.84589199999999,"msg":"request completed"}
@serpvera/api:test: {"level":30,"time":1791389198996,"pid":945652,"hostname":"wina-LOQ-16IRH8","reqId":"req-6","req":{"method":"POST","url":"/v1/auth/login","host":"localhost:80","remoteAddress":"127.0.0.1"},"msg":"incoming request"}
@serpvera/api:test: {"level":30,"time":1791389199032,"pid":945652,"hostname":"wina-LOQ-16IRH8","reqId":"req-6","res":{"statusCode":200},"responseTime":36.757938000000024,"msg":"request completed"}
@serpvera/api:test: {"level":30,"time":1791389199033,"pid":945652,"hostname":"wina-LOQ-16IRH8","reqId":"req-7","req":{"method":"GET","url":"/v1/auth/me","host":"localhost:80","remoteAddress":"127.0.0.1"},"msg":"incoming request"}
@serpvera/api:test: {"level":30,"time":1791389199034,"pid":945652,"hostname":"wina-LOQ-16IRH8","reqId":"req-7","res":{"statusCode":200},"responseTime":1.1047730000000229,"msg":"request completed"}
@serpvera/api:test: {"level":30,"time":1791389199034,"pid":945652,"hostname":"wina-LOQ-16IRH8","reqId":"req-8","req":{"method":"GET","url":"/v1/auth/me","host":"localhost:80","remoteAddress":"127.0.0.1"},"msg":"incoming request"}
@serpvera/api:test: {"level":30,"time":1791389199035,"pid":945652,"hostname":"wina-LOQ-16IRH8","reqId":"req-8","res":{"statusCode":200},"responseTime":0.7991870000000176,"msg":"request completed"}
@serpvera/api:test: {"level":30,"time":1791389199036,"pid":945652,"hostname":"wina-LOQ-16IRH8","reqId":"req-9","req":{"method":"POST","url":"/v1/auth/logout-all","host":"localhost:80","remoteAddress":"127.0.0.1"},"msg":"incoming request"}
@serpvera/api:test: {"timestamp":"2026-10-07T16:06:39.038Z","level":"info","message":"All sessions revoked","context":{"userId":"1e90dd93-7f2a-42a5-b1be-675910e56f4a","revoked":2}}
@serpvera/api:test: {"level":30,"time":1791389199038,"pid":945652,"hostname":"wina-LOQ-16IRH8","reqId":"req-9","res":{"statusCode":200},"responseTime":2.4044340000000375,"msg":"request completed"}
@serpvera/api:test: {"level":30,"time":1791389199039,"pid":945652,"hostname":"wina-LOQ-16IRH8","reqId":"req-a","req":{"method":"GET","url":"/v1/auth/me","host":"localhost:80","remoteAddress":"127.0.0.1"},"msg":"incoming request"}
@serpvera/api:test: {"level":30,"time":1791389199040,"pid":945652,"hostname":"wina-LOQ-16IRH8","reqId":"req-a","res":{"statusCode":401},"responseTime":1.1230180000000018,"msg":"request completed"}
@serpvera/api:test: {"level":30,"time":1791389199040,"pid":945652,"hostname":"wina-LOQ-16IRH8","reqId":"req-b","req":{"method":"GET","url":"/v1/auth/me","host":"localhost:80","remoteAddress":"127.0.0.1"},"msg":"incoming request"}
@serpvera/api:test: {"level":30,"time":1791389199040,"pid":945652,"hostname":"wina-LOQ-16IRH8","reqId":"req-b","res":{"statusCode":401},"responseTime":0.46957499999996344,"msg":"request completed"}
@serpvera/api:test:   ✔ logout-all revokes EVERY session of the user (87.671918ms)
@serpvera/api:test: {"level":30,"time":1791389199041,"pid":945652,"hostname":"wina-LOQ-16IRH8","reqId":"req-c","req":{"method":"POST","url":"/v1/auth/register","host":"localhost:80","remoteAddress":"127.0.0.1"},"msg":"incoming request"}
@serpvera/api:test: {"timestamp":"2026-10-07T16:06:39.070Z","level":"info","message":"User registered","context":{"userId":"e5f8d58d-05bb-4905-bf3b-e39939621cc8"}}
@serpvera/api:test: {"level":30,"time":1791389199071,"pid":945652,"hostname":"wina-LOQ-16IRH8","reqId":"req-c","res":{"statusCode":201},"responseTime":29.729585999999983,"msg":"request completed"}
@serpvera/api:test: {"level":30,"time":1791389199071,"pid":945652,"hostname":"wina-LOQ-16IRH8","reqId":"req-d","req":{"method":"POST","url":"/v1/organizations","host":"localhost:80","remoteAddress":"127.0.0.1"},"msg":"incoming request"}
@serpvera/api:test: {"timestamp":"2026-10-07T16:06:39.075Z","level":"info","message":"Organization created","organizationId":"3d49b008-a136-49ba-a7f0-82d23f20df5f","context":{"organizationId":"3d49b008-a136-49ba-a7f0-82d23f20df5f","userId":"e5f8d58d-05bb-4905-bf3b-e39939621cc8"}}
@serpvera/api:test: {"level":30,"time":1791389199075,"pid":945652,"hostname":"wina-LOQ-16IRH8","reqId":"req-d","res":{"statusCode":201},"responseTime":3.8284189999999967,"msg":"request completed"}
@serpvera/api:test: {"level":30,"time":1791389199075,"pid":945652,"hostname":"wina-LOQ-16IRH8","reqId":"req-e","req":{"method":"POST","url":"/v1/auth/select-organization","host":"localhost:80","remoteAddress":"127.0.0.1"},"msg":"incoming request"}
@serpvera/api:test: {"timestamp":"2026-10-07T16:06:39.079Z","level":"info","message":"Organization selected","organizationId":"3d49b008-a136-49ba-a7f0-82d23f20df5f","context":{"userId":"e5f8d58d-05bb-4905-bf3b-e39939621cc8","organizationId":"3d49b008-a136-49ba-a7f0-82d23f20df5f"}}
@serpvera/api:test: {"level":30,"time":1791389199079,"pid":945652,"hostname":"wina-LOQ-16IRH8","reqId":"req-e","res":{"statusCode":200},"responseTime":3.7868399999999838,"msg":"request completed"}
@serpvera/api:test: {"level":30,"time":1791389199079,"pid":945652,"hostname":"wina-LOQ-16IRH8","reqId":"req-f","req":{"method":"GET","url":"/v1/auth/me","host":"localhost:80","remoteAddress":"127.0.0.1"},"msg":"incoming request"}
@serpvera/api:test: {"level":30,"time":1791389199079,"pid":945652,"hostname":"wina-LOQ-16IRH8","reqId":"req-f","res":{"statusCode":401},"responseTime":0.3420249999999214,"msg":"request completed"}
@serpvera/api:test: {"level":30,"time":1791389199080,"pid":945652,"hostname":"wina-LOQ-16IRH8","reqId":"req-g","req":{"method":"GET","url":"/v1/auth/me","host":"localhost:80","remoteAddress":"127.0.0.1"},"msg":"incoming request"}
@serpvera/api:test: {"level":30,"time":1791389199080,"pid":945652,"hostname":"wina-LOQ-16IRH8","reqId":"req-g","res":{"statusCode":200},"responseTime":0.6069039999999859,"msg":"request completed"}
@serpvera/api:test: {"level":30,"time":1791389199080,"pid":945652,"hostname":"wina-LOQ-16IRH8","reqId":"req-h","req":{"method":"POST","url":"/v1/projects","host":"localhost:80","remoteAddress":"127.0.0.1"},"msg":"incoming request"}
@serpvera/api:test: {"level":30,"time":1791389199084,"pid":945652,"hostname":"wina-LOQ-16IRH8","reqId":"req-h","res":{"statusCode":201},"responseTime":3.58544100000006,"msg":"request completed"}
@serpvera/api:test:   ✔ select-organization ROTATES the token — old cookie dies, new one carries the tenant (43.434858ms)
@serpvera/api:test: {"level":30,"time":1791389199084,"pid":945652,"hostname":"wina-LOQ-16IRH8","reqId":"req-i","req":{"method":"POST","url":"/v1/auth/register","host":"localhost:80","remoteAddress":"127.0.0.1"},"msg":"incoming request"}
@serpvera/api:test: {"timestamp":"2026-10-07T16:06:39.114Z","level":"info","message":"User registered","context":{"userId":"18d79a24-21fc-4804-b64b-887b2118efea"}}
@serpvera/api:test: {"level":30,"time":1791389199114,"pid":945652,"hostname":"wina-LOQ-16IRH8","reqId":"req-i","res":{"statusCode":201},"responseTime":29.458083999999985,"msg":"request completed"}
@serpvera/api:test: {"level":30,"time":1791389199114,"pid":945652,"hostname":"wina-LOQ-16IRH8","reqId":"req-j","req":{"method":"GET","url":"/v1/auth/me","host":"localhost:80","remoteAddress":"127.0.0.1"},"msg":"incoming request"}
@serpvera/api:test: {"level":30,"time":1791389199115,"pid":945652,"hostname":"wina-LOQ-16IRH8","reqId":"req-j","res":{"statusCode":200},"responseTime":0.6839199999999437,"msg":"request completed"}
@serpvera/api:test: {"level":30,"time":1791389199116,"pid":945652,"hostname":"wina-LOQ-16IRH8","reqId":"req-k","req":{"method":"GET","url":"/v1/auth/me","host":"localhost:80","remoteAddress":"127.0.0.1"},"msg":"incoming request"}
@serpvera/api:test: {"level":30,"time":1791389199117,"pid":945652,"hostname":"wina-LOQ-16IRH8","reqId":"req-k","res":{"statusCode":401},"responseTime":0.3492880000000014,"msg":"request completed"}
@serpvera/api:test:   ✔ an EXPIRED session is rejected server-side even though the cookie is still present (32.625397ms)
@serpvera/api:test: ✔ server-side session revocation (real PostgreSQL) (341.667987ms)
@serpvera/api:test: {"level":40,"time":1791389209550,"pid":945676,"hostname":"wina-LOQ-16IRH8","driver":"memory","msg":"store driver: MEMORY — no persistence (test/fixture use only; set STORE_DRIVER=postgres for durable runs)"}
@serpvera/api:test: {"level":30,"time":1791389209597,"pid":945676,"hostname":"wina-LOQ-16IRH8","reqId":"req-1","req":{"method":"POST","url":"/v1/public-scans","host":"localhost:80","remoteAddress":"127.0.0.1"},"msg":"incoming request"}
@serpvera/api:test: {"timestamp":"2026-10-07T16:06:49.608Z","level":"warn","message":"Public scan rejected by SSRF guard","context":{"jobType":"public-scan","error":"SSRF blocked: IPv4 loopback (127.0.0.0/8) (https://127.0.0.1/)"}}
@serpvera/api:test: {"level":30,"time":1791389209611,"pid":945676,"hostname":"wina-LOQ-16IRH8","reqId":"req-1","res":{"statusCode":400},"responseTime":13.021131999999966,"msg":"request completed"}
@serpvera/api:test: {"level":30,"time":1791389209611,"pid":945676,"hostname":"wina-LOQ-16IRH8","reqId":"req-2","req":{"method":"POST","url":"/v1/public-scans","host":"localhost:80","remoteAddress":"127.0.0.1"},"msg":"incoming request"}
@serpvera/api:test: {"timestamp":"2026-10-07T16:06:49.612Z","level":"warn","message":"Public scan rejected by SSRF guard","context":{"jobType":"public-scan","error":"SSRF blocked: IPv4 loopback (127.0.0.0/8) (https://127.0.0.1:8080/)"}}
@serpvera/api:test: {"level":30,"time":1791389209613,"pid":945676,"hostname":"wina-LOQ-16IRH8","reqId":"req-2","res":{"statusCode":400},"responseTime":1.3874760000000492,"msg":"request completed"}
@serpvera/api:test: {"level":30,"time":1791389209613,"pid":945676,"hostname":"wina-LOQ-16IRH8","reqId":"req-3","req":{"method":"POST","url":"/v1/public-scans","host":"localhost:80","remoteAddress":"127.0.0.1"},"msg":"incoming request"}
@serpvera/api:test: {"timestamp":"2026-10-07T16:06:49.613Z","level":"warn","message":"Public scan rejected by SSRF guard","context":{"jobType":"public-scan","error":"SSRF blocked: IPv4 loopback (127.0.0.0/8) (http://127.0.0.1:8080/admin)"}}
@serpvera/api:test: {"level":30,"time":1791389209614,"pid":945676,"hostname":"wina-LOQ-16IRH8","reqId":"req-3","res":{"statusCode":400},"responseTime":0.7920240000000263,"msg":"request completed"}
@serpvera/api:test: {"level":30,"time":1791389209614,"pid":945676,"hostname":"wina-LOQ-16IRH8","reqId":"req-4","req":{"method":"POST","url":"/v1/public-scans","host":"localhost:80","remoteAddress":"127.0.0.1"},"msg":"incoming request"}
@serpvera/api:test: {"timestamp":"2026-10-07T16:06:49.614Z","level":"warn","message":"Public scan rejected by SSRF guard","context":{"jobType":"public-scan","error":"SSRF blocked: Blocked hostname: localhost (https://localhost/)"}}
@serpvera/api:test: {"level":30,"time":1791389209615,"pid":945676,"hostname":"wina-LOQ-16IRH8","reqId":"req-4","res":{"statusCode":400},"responseTime":0.7010609999999815,"msg":"request completed"}
@serpvera/api:test: {"level":30,"time":1791389209615,"pid":945676,"hostname":"wina-LOQ-16IRH8","reqId":"req-5","req":{"method":"POST","url":"/v1/public-scans","host":"localhost:80","remoteAddress":"127.0.0.1"},"msg":"incoming request"}
@serpvera/api:test: {"timestamp":"2026-10-07T16:06:49.615Z","level":"warn","message":"Public scan rejected by SSRF guard","context":{"jobType":"public-scan","error":"SSRF blocked: RFC1918 Class A (10.0.0.0/8) (https://10.0.0.1/)"}}
@serpvera/api:test: {"level":30,"time":1791389209616,"pid":945676,"hostname":"wina-LOQ-16IRH8","reqId":"req-5","res":{"statusCode":400},"responseTime":0.7370990000000006,"msg":"request completed"}
@serpvera/api:test: {"level":30,"time":1791389209616,"pid":945676,"hostname":"wina-LOQ-16IRH8","reqId":"req-6","req":{"method":"POST","url":"/v1/public-scans","host":"localhost:80","remoteAddress":"127.0.0.1"},"msg":"incoming request"}
@serpvera/api:test: {"timestamp":"2026-10-07T16:06:49.616Z","level":"warn","message":"Public scan rejected by SSRF guard","context":{"jobType":"public-scan","error":"SSRF blocked: RFC1918 Class C (192.168.0.0/16) (https://192.168.1.1/)"}}
@serpvera/api:test: {"level":30,"time":1791389209617,"pid":945676,"hostname":"wina-LOQ-16IRH8","reqId":"req-6","res":{"statusCode":400},"responseTime":0.6864640000000009,"msg":"request completed"}
@serpvera/api:test: {"level":30,"time":1791389209617,"pid":945676,"hostname":"wina-LOQ-16IRH8","reqId":"req-7","req":{"method":"POST","url":"/v1/public-scans","host":"localhost:80","remoteAddress":"127.0.0.1"},"msg":"incoming request"}
@serpvera/api:test: {"timestamp":"2026-10-07T16:06:49.617Z","level":"warn","message":"Public scan rejected by SSRF guard","context":{"jobType":"public-scan","error":"SSRF blocked: RFC1918 Class B (172.16.0.0/12) (https://172.16.0.1/)"}}
@serpvera/api:test: {"level":30,"time":1791389209617,"pid":945676,"hostname":"wina-LOQ-16IRH8","reqId":"req-7","res":{"statusCode":400},"responseTime":0.5904629999999997,"msg":"request completed"}
@serpvera/api:test: {"level":30,"time":1791389209618,"pid":945676,"hostname":"wina-LOQ-16IRH8","reqId":"req-8","req":{"method":"POST","url":"/v1/public-scans","host":"localhost:80","remoteAddress":"127.0.0.1"},"msg":"incoming request"}
@serpvera/api:test: {"timestamp":"2026-10-07T16:06:49.618Z","level":"warn","message":"Public scan rejected by SSRF guard","context":{"jobType":"public-scan","error":"SSRF blocked: Blocked hostname: 169.254.169.254 (https://169.254.169.254/)"}}
@serpvera/api:test: {"level":30,"time":1791389209618,"pid":945676,"hostname":"wina-LOQ-16IRH8","reqId":"req-8","res":{"statusCode":400},"responseTime":0.698426999999981,"msg":"request completed"}
@serpvera/api:test: {"level":30,"time":1791389209619,"pid":945676,"hostname":"wina-LOQ-16IRH8","reqId":"req-9","req":{"method":"POST","url":"/v1/public-scans","host":"localhost:80","remoteAddress":"127.0.0.1"},"msg":"incoming request"}
@serpvera/api:test: {"timestamp":"2026-10-07T16:06:49.619Z","level":"warn","message":"Public scan rejected by SSRF guard","context":{"jobType":"public-scan","error":"SSRF blocked: Unspecified (0.0.0.0/8) (https://0.0.0.0/)"}}
@serpvera/api:test: {"level":30,"time":1791389209619,"pid":945676,"hostname":"wina-LOQ-16IRH8","reqId":"req-9","res":{"statusCode":400},"responseTime":0.6524000000000001,"msg":"request completed"}
@serpvera/api:test: {"level":30,"time":1791389209620,"pid":945676,"hostname":"wina-LOQ-16IRH8","reqId":"req-a","req":{"method":"POST","url":"/v1/public-scans","host":"localhost:80","remoteAddress":"127.0.0.1"},"msg":"incoming request"}
@serpvera/api:test: {"timestamp":"2026-10-07T16:06:49.620Z","level":"warn","message":"Public scan rejected by SSRF guard","context":{"jobType":"public-scan","error":"SSRF blocked: CGNAT (100.64.0.0/10) (https://100.64.0.1/)"}}
@serpvera/api:test: {"level":30,"time":1791389209620,"pid":945676,"hostname":"wina-LOQ-16IRH8","reqId":"req-a","res":{"statusCode":400},"responseTime":0.7806420000000003,"msg":"request completed"}
@serpvera/api:test: {"level":30,"time":1791389209621,"pid":945676,"hostname":"wina-LOQ-16IRH8","reqId":"req-b","req":{"method":"POST","url":"/v1/public-scans","host":"localhost:80","remoteAddress":"127.0.0.1"},"msg":"incoming request"}
@serpvera/api:test: {"timestamp":"2026-10-07T16:06:49.621Z","level":"warn","message":"Public scan rejected by SSRF guard","context":{"jobType":"public-scan","error":"SSRF blocked: Multicast (224.0.0.0/4) (https://224.0.0.1/)"}}
@serpvera/api:test: ▶ ssrf-integration
@serpvera/api:test:   ✔ rejects all SSRF payloads before any network request (32.887381ms)
@serpvera/api:test: {"level":30,"time":1791389209621,"pid":945676,"hostname":"wina-LOQ-16IRH8","reqId":"req-b","res":{"statusCode":400},"responseTime":0.6362199999999802,"msg":"request completed"}
@serpvera/api:test: {"level":30,"time":1791389209623,"pid":945676,"hostname":"wina-LOQ-16IRH8","reqId":"req-c","req":{"method":"POST","url":"/v1/public-scans","host":"localhost:80","remoteAddress":"127.0.0.1"},"msg":"incoming request"}
@serpvera/api:test: {"timestamp":"2026-10-07T16:06:49.632Z","level":"info","message":"Scan completed","traceId":"bc373c1f-ada0-4609-bb0f-2cfac105df22","context":{"jobType":"public-scan","traceId":"bc373c1f-ada0-4609-bb0f-2cfac105df22","domain":"https://example.com/","status":"completed","findingCount":1,"httpStatus":200}}
@serpvera/api:test: {"level":30,"time":1791389209629,"pid":945676,"hostname":"wina-LOQ-16IRH8","reqId":"req-c","res":{"statusCode":201},"responseTime":6.177658000000008,"msg":"request completed"}
@serpvera/api:test: {"level":30,"time":1791389209632,"pid":945676,"hostname":"wina-LOQ-16IRH8","reqId":"req-d","req":{"method":"POST","url":"/v1/public-scans","host":"localhost:80","remoteAddress":"127.0.0.1"},"msg":"incoming request"}
@serpvera/api:test: {"timestamp":"2026-10-07T16:06:49.633Z","level":"info","message":"Scan completed","traceId":"f2f5a7b1-eda0-4296-83eb-37ab86adfcc7","context":{"jobType":"public-scan","traceId":"f2f5a7b1-eda0-4296-83eb-37ab86adfcc7","domain":"https://www.github.com/","status":"completed","findingCount":1,"httpStatus":200}}
@serpvera/api:test:   ✔ accepts safe public domains (11.173037ms)
@serpvera/api:test: {"level":30,"time":1791389209632,"pid":945676,"hostname":"wina-LOQ-16IRH8","reqId":"req-d","res":{"statusCode":201},"responseTime":0.6040390000000002,"msg":"request completed"}
@serpvera/api:test: {"level":30,"time":1791389209634,"pid":945676,"hostname":"wina-LOQ-16IRH8","reqId":"req-e","req":{"method":"POST","url":"/v1/public-scans","host":"localhost:80","remoteAddress":"127.0.0.1"},"msg":"incoming request"}
@serpvera/api:test: {"timestamp":"2026-10-07T16:06:49.635Z","level":"info","message":"Scan completed","traceId":"37a33e67-2317-4140-9895-a023933ace65","context":{"jobType":"public-scan","traceId":"37a33e67-2317-4140-9895-a023933ace65","domain":"https://www.github.com/features/actions?source=winseo","status":"completed","findingCount":2,"httpStatus":200}}
@serpvera/api:test:   ✔ accepts a complete public page URL and preserves its path and query (2.512417ms)
@serpvera/api:test:   ✔ scan status endpoint returns 404 for unknown scan (0.979928ms)
@serpvera/api:test: ✔ ssrf-integration (149.029622ms)
@serpvera/api:test: {"level":30,"time":1791389209635,"pid":945676,"hostname":"wina-LOQ-16IRH8","reqId":"req-e","res":{"statusCode":201},"responseTime":0.8033949999999663,"msg":"request completed"}
@serpvera/api:test: {"level":30,"time":1791389209635,"pid":945676,"hostname":"wina-LOQ-16IRH8","reqId":"req-f","req":{"method":"GET","url":"/v1/public-scans/11c5de28-85c4-4776-b8ce-fcd8a63e7371","host":"localhost:80","remoteAddress":"127.0.0.1"},"msg":"incoming request"}
@serpvera/api:test: {"level":30,"time":1791389209636,"pid":945676,"hostname":"wina-LOQ-16IRH8","reqId":"req-f","res":{"statusCode":200},"responseTime":0.7974439999999845,"msg":"request completed"}
@serpvera/api:test: {"level":30,"time":1791389209636,"pid":945676,"hostname":"wina-LOQ-16IRH8","reqId":"req-g","req":{"method":"GET","url":"/v1/public-scans/00000000-0000-0000-0000-000000000000","host":"localhost:80","remoteAddress":"127.0.0.1"},"msg":"incoming request"}
@serpvera/api:test: {"level":30,"time":1791389209637,"pid":945676,"hostname":"wina-LOQ-16IRH8","reqId":"req-g","res":{"statusCode":404},"responseTime":0.5254299999999716,"msg":"request completed"}
@serpvera/api:test: {"level":40,"time":1791389209982,"pid":945688,"hostname":"wina-LOQ-16IRH8","driver":"memory","msg":"store driver: MEMORY — no persistence (test/fixture use only; set STORE_DRIVER=postgres for durable runs)"}
@serpvera/api:test: {"level":30,"time":1791389210013,"pid":945688,"hostname":"wina-LOQ-16IRH8","reqId":"req-1","req":{"method":"POST","url":"/v1/auth/register","host":"localhost:80","remoteAddress":"127.0.0.1"},"msg":"incoming request"}
@serpvera/api:test: {"timestamp":"2026-10-07T16:06:50.058Z","level":"info","message":"User registered","context":{"userId":"f21f92ac-8587-44cc-872f-d08fa17e08c4"}}
@serpvera/api:test: {"level":30,"time":1791389210060,"pid":945688,"hostname":"wina-LOQ-16IRH8","reqId":"req-1","res":{"statusCode":201},"responseTime":47.568493000000046,"msg":"request completed"}
@serpvera/api:test: {"level":30,"time":1791389210061,"pid":945688,"hostname":"wina-LOQ-16IRH8","reqId":"req-2","req":{"method":"POST","url":"/v1/auth/register","host":"localhost:80","remoteAddress":"127.0.0.1"},"msg":"incoming request"}
@serpvera/api:test: {"timestamp":"2026-10-07T16:06:50.095Z","level":"info","message":"User registered","context":{"userId":"f499f966-a9a9-4864-9957-d1062b824e56"}}
@serpvera/api:test: {"level":30,"time":1791389210095,"pid":945688,"hostname":"wina-LOQ-16IRH8","reqId":"req-2","res":{"statusCode":201},"responseTime":34.256001000000026,"msg":"request completed"}
@serpvera/api:test: {"timestamp":"2026-10-07T16:06:50.097Z","level":"info","message":"Organization created","organizationId":"ba0a0a08-208f-4698-9081-3f031b74903c","context":{"organizationId":"ba0a0a08-208f-4698-9081-3f031b74903c","userId":"f21f92ac-8587-44cc-872f-d08fa17e08c4"}}
@serpvera/api:test: {"level":30,"time":1791389210096,"pid":945688,"hostname":"wina-LOQ-16IRH8","reqId":"req-3","req":{"method":"POST","url":"/v1/organizations","host":"localhost:80","remoteAddress":"127.0.0.1"},"msg":"incoming request"}
@serpvera/api:test: {"level":30,"time":1791389210097,"pid":945688,"hostname":"wina-LOQ-16IRH8","reqId":"req-3","res":{"statusCode":201},"responseTime":1.1324859999999717,"msg":"request completed"}
@serpvera/api:test: {"level":30,"time":1791389210097,"pid":945688,"hostname":"wina-LOQ-16IRH8","reqId":"req-4","req":{"method":"POST","url":"/v1/organizations","host":"localhost:80","remoteAddress":"127.0.0.1"},"msg":"incoming request"}
@serpvera/api:test: {"timestamp":"2026-10-07T16:06:50.098Z","level":"info","message":"Organization created","organizationId":"01f95973-20c1-417e-b8e0-5842ea052464","context":{"organizationId":"01f95973-20c1-417e-b8e0-5842ea052464","userId":"f499f966-a9a9-4864-9957-d1062b824e56"}}
@serpvera/api:test: ▶ tenant-isolation
@serpvera/api:test:   ✔ user A cannot access user B's organization (91.564319ms)
@serpvera/api:test:   ✔ unauthenticated request cannot access organizations (0.724717ms)
@serpvera/api:test: {"level":30,"time":1791389210098,"pid":945688,"hostname":"wina-LOQ-16IRH8","reqId":"req-4","res":{"statusCode":201},"responseTime":0.7527699999999982,"msg":"request completed"}
@serpvera/api:test: {"level":30,"time":1791389210098,"pid":945688,"hostname":"wina-LOQ-16IRH8","reqId":"req-5","req":{"method":"GET","url":"/v1/organizations/ba0a0a08-208f-4698-9081-3f031b74903c","host":"localhost:80","remoteAddress":"127.0.0.1"},"msg":"incoming request"}
@serpvera/api:test: {"level":30,"time":1791389210099,"pid":945688,"hostname":"wina-LOQ-16IRH8","reqId":"req-5","res":{"statusCode":404},"responseTime":0.5669990000000098,"msg":"request completed"}
@serpvera/api:test: {"level":30,"time":1791389210100,"pid":945688,"hostname":"wina-LOQ-16IRH8","reqId":"req-6","req":{"method":"GET","url":"/v1/organizations/any-id","host":"localhost:80","remoteAddress":"127.0.0.1"},"msg":"incoming request"}
@serpvera/api:test: {"level":30,"time":1791389210100,"pid":945688,"hostname":"wina-LOQ-16IRH8","reqId":"req-6","res":{"statusCode":401},"responseTime":0.2408439999999814,"msg":"request completed"}
@serpvera/api:test: {"level":30,"time":1791389210100,"pid":945688,"hostname":"wina-LOQ-16IRH8","reqId":"req-7","req":{"method":"POST","url":"/v1/auth/register","host":"localhost:80","remoteAddress":"127.0.0.1"},"msg":"incoming request"}
@serpvera/api:test: {"timestamp":"2026-10-07T16:06:50.126Z","level":"info","message":"User registered","context":{"userId":"4bf9fe98-9bce-43b3-8a31-734c933b4282"}}
@serpvera/api:test: {"level":30,"time":1791389210126,"pid":945688,"hostname":"wina-LOQ-16IRH8","reqId":"req-7","res":{"statusCode":201},"responseTime":26.129939000000036,"msg":"request completed"}
@serpvera/api:test: {"timestamp":"2026-10-07T16:06:50.127Z","level":"info","message":"Organization created","organizationId":"a96a6ed7-2f09-44cd-9040-f41cf879e77b","context":{"organizationId":"a96a6ed7-2f09-44cd-9040-f41cf879e77b","userId":"4bf9fe98-9bce-43b3-8a31-734c933b4282"}}
@serpvera/api:test:   ✔ cannot guess another user's organization ID (28.637288ms)
@serpvera/api:test: {"level":30,"time":1791389210127,"pid":945688,"hostname":"wina-LOQ-16IRH8","reqId":"req-8","req":{"method":"POST","url":"/v1/organizations","host":"localhost:80","remoteAddress":"127.0.0.1"},"msg":"incoming request"}
@serpvera/api:test: {"level":30,"time":1791389210127,"pid":945688,"hostname":"wina-LOQ-16IRH8","reqId":"req-8","res":{"statusCode":201},"responseTime":0.6622590000000059,"msg":"request completed"}
@serpvera/api:test: {"level":30,"time":1791389210128,"pid":945688,"hostname":"wina-LOQ-16IRH8","reqId":"req-9","req":{"method":"GET","url":"/v1/organizations/a96a6ed7-2f09-44cd-9040-f41cf879e77b","host":"localhost:80","remoteAddress":"127.0.0.1"},"msg":"incoming request"}
@serpvera/api:test: {"level":30,"time":1791389210128,"pid":945688,"hostname":"wina-LOQ-16IRH8","reqId":"req-9","res":{"statusCode":200},"responseTime":0.49463300000002164,"msg":"request completed"}
@serpvera/api:test: {"level":30,"time":1791389210128,"pid":945688,"hostname":"wina-LOQ-16IRH8","reqId":"req-a","req":{"method":"GET","url":"/v1/organizations/a96a6ed7-2f09-44cd-9040-f41cf879e77b","host":"localhost:80","remoteAddress":"127.0.0.1"},"msg":"incoming request"}
@serpvera/api:test: {"level":30,"time":1791389210129,"pid":945688,"hostname":"wina-LOQ-16IRH8","reqId":"req-a","res":{"statusCode":401},"responseTime":0.14987200000001621,"msg":"request completed"}
@serpvera/api:test: {"level":30,"time":1791389210129,"pid":945688,"hostname":"wina-LOQ-16IRH8","reqId":"req-b","req":{"method":"POST","url":"/v1/auth/register","host":"localhost:80","remoteAddress":"127.0.0.1"},"msg":"incoming request"}
@serpvera/api:test: {"timestamp":"2026-10-07T16:06:50.163Z","level":"info","message":"User registered","context":{"userId":"69884695-d01a-4594-a08a-2f4f3a830588"}}
@serpvera/api:test: {"level":30,"time":1791389210164,"pid":945688,"hostname":"wina-LOQ-16IRH8","reqId":"req-b","res":{"statusCode":201},"responseTime":34.538152999999966,"msg":"request completed"}
@serpvera/api:test:   ✔ auth/me returns logged-in user correctly (35.723509ms)
@serpvera/api:test:   ✔ auth/me without session returns 401 (0.463283ms)
@serpvera/api:test: {"level":30,"time":1791389210164,"pid":945688,"hostname":"wina-LOQ-16IRH8","reqId":"req-c","req":{"method":"GET","url":"/v1/auth/me","host":"localhost:80","remoteAddress":"127.0.0.1"},"msg":"incoming request"}
@serpvera/api:test: {"level":30,"time":1791389210164,"pid":945688,"hostname":"wina-LOQ-16IRH8","reqId":"req-c","res":{"statusCode":200},"responseTime":0.27258399999999483,"msg":"request completed"}
@serpvera/api:test: {"level":30,"time":1791389210165,"pid":945688,"hostname":"wina-LOQ-16IRH8","reqId":"req-d","req":{"method":"GET","url":"/v1/auth/me","host":"localhost:80","remoteAddress":"127.0.0.1"},"msg":"incoming request"}
@serpvera/api:test: {"level":30,"time":1791389210165,"pid":945688,"hostname":"wina-LOQ-16IRH8","reqId":"req-d","res":{"statusCode":401},"responseTime":0.1386609999999564,"msg":"request completed"}
@serpvera/api:test: {"level":30,"time":1791389210165,"pid":945688,"hostname":"wina-LOQ-16IRH8","reqId":"req-e","req":{"method":"POST","url":"/v1/auth/register","host":"localhost:80","remoteAddress":"127.0.0.1"},"msg":"incoming request"}
@serpvera/api:test: {"timestamp":"2026-10-07T16:06:50.200Z","level":"info","message":"User registered","context":{"userId":"d1c3ef7e-aac9-4856-ad56-bc8ca108233b"}}
@serpvera/api:test: {"level":30,"time":1791389210200,"pid":945688,"hostname":"wina-LOQ-16IRH8","reqId":"req-e","res":{"statusCode":201},"responseTime":34.66964100000001,"msg":"request completed"}
@serpvera/api:test:   ✔ logout clears session (35.889761ms)
@serpvera/api:test: ✔ tenant-isolation (259.248085ms)
@serpvera/api:test: {"level":30,"time":1791389210200,"pid":945688,"hostname":"wina-LOQ-16IRH8","reqId":"req-f","req":{"method":"POST","url":"/v1/auth/logout","host":"localhost:80","remoteAddress":"127.0.0.1"},"msg":"incoming request"}
@serpvera/api:test: {"level":30,"time":1791389210201,"pid":945688,"hostname":"wina-LOQ-16IRH8","reqId":"req-f","res":{"statusCode":200},"responseTime":0.30659800000000814,"msg":"request completed"}
@serpvera/api:test: {"level":30,"time":1791389210485,"pid":945700,"hostname":"wina-LOQ-16IRH8","driver":"postgres","role":"serpvera_app","msg":"store driver: postgres — persistence + RLS enforced"}
@serpvera/api:test: {"level":30,"time":1791389210515,"pid":945700,"hostname":"wina-LOQ-16IRH8","reqId":"req-1","req":{"method":"POST","url":"/v1/auth/register","host":"localhost:80","remoteAddress":"127.0.0.1"},"msg":"incoming request"}
@serpvera/api:test: {"timestamp":"2026-10-07T16:06:50.573Z","level":"info","message":"User registered","context":{"userId":"a912c070-deb1-468d-b141-35be1cf5dc54"}}
@serpvera/api:test: {"level":30,"time":1791389210576,"pid":945700,"hostname":"wina-LOQ-16IRH8","reqId":"req-1","res":{"statusCode":201},"responseTime":57.581412,"msg":"request completed"}
@serpvera/api:test: {"level":30,"time":1791389210576,"pid":945700,"hostname":"wina-LOQ-16IRH8","reqId":"req-2","req":{"method":"POST","url":"/v1/organizations","host":"localhost:80","remoteAddress":"127.0.0.1"},"msg":"incoming request"}
@serpvera/api:test: {"timestamp":"2026-10-07T16:06:50.581Z","level":"info","message":"Organization created","organizationId":"219ddb23-dd89-4b43-b1d5-4db5cc37dbc0","context":{"organizationId":"219ddb23-dd89-4b43-b1d5-4db5cc37dbc0","userId":"a912c070-deb1-468d-b141-35be1cf5dc54"}}
@serpvera/api:test: {"level":30,"time":1791389210581,"pid":945700,"hostname":"wina-LOQ-16IRH8","reqId":"req-2","res":{"statusCode":201},"responseTime":4.867158000000018,"msg":"request completed"}
@serpvera/api:test: {"level":30,"time":1791389210581,"pid":945700,"hostname":"wina-LOQ-16IRH8","reqId":"req-3","req":{"method":"POST","url":"/v1/auth/select-organization","host":"localhost:80","remoteAddress":"127.0.0.1"},"msg":"incoming request"}
@serpvera/api:test: {"timestamp":"2026-10-07T16:06:50.586Z","level":"info","message":"Organization selected","organizationId":"219ddb23-dd89-4b43-b1d5-4db5cc37dbc0","context":{"userId":"a912c070-deb1-468d-b141-35be1cf5dc54","organizationId":"219ddb23-dd89-4b43-b1d5-4db5cc37dbc0"}}
@serpvera/api:test: {"level":30,"time":1791389210586,"pid":945700,"hostname":"wina-LOQ-16IRH8","reqId":"req-3","res":{"statusCode":200},"responseTime":4.802234999999996,"msg":"request completed"}
@serpvera/api:test: {"level":30,"time":1791389210586,"pid":945700,"hostname":"wina-LOQ-16IRH8","reqId":"req-4","req":{"method":"POST","url":"/v1/projects","host":"localhost:80","remoteAddress":"127.0.0.1"},"msg":"incoming request"}
@serpvera/api:test: {"level":30,"time":1791389210592,"pid":945700,"hostname":"wina-LOQ-16IRH8","reqId":"req-4","res":{"statusCode":201},"responseTime":5.225762999999972,"msg":"request completed"}
@serpvera/api:test: {"level":30,"time":1791389210592,"pid":945700,"hostname":"wina-LOQ-16IRH8","reqId":"req-5","req":{"method":"POST","url":"/v1/projects/f0b8c043-1efb-47bc-88ba-c4602c8c73a3/crawl-runs","host":"localhost:80","remoteAddress":"127.0.0.1"},"msg":"incoming request"}
@serpvera/api:test: {"level":30,"time":1791389210601,"pid":945700,"hostname":"wina-LOQ-16IRH8","reqId":"req-5","res":{"statusCode":201},"responseTime":9.10567900000001,"msg":"request completed"}
@serpvera/api:test: {"timestamp":"2026-10-07T16:06:50.615Z","level":"info","message":"Project crawl completed","traceId":"a5380ea9-0372-4a47-8c92-857050d57b9c","organizationId":"219ddb23-dd89-4b43-b1d5-4db5cc37dbc0","projectId":"f0b8c043-1efb-47bc-88ba-c4602c8c73a3","context":{"jobType":"project-crawl","traceId":"a5380ea9-0372-4a47-8c92-857050d57b9c","organizationId":"219ddb23-dd89-4b43-b1d5-4db5cc37dbc0","projectId":"f0b8c043-1efb-47bc-88ba-c4602c8c73a3","status":"completed","findingCount":1}}
@serpvera/api:test: {"level":30,"time":1791389211104,"pid":945700,"hostname":"wina-LOQ-16IRH8","reqId":"req-6","req":{"method":"GET","url":"/v1/projects/f0b8c043-1efb-47bc-88ba-c4602c8c73a3/findings","host":"localhost:80","remoteAddress":"127.0.0.1"},"msg":"incoming request"}
@serpvera/api:test: {"level":30,"time":1791389211109,"pid":945700,"hostname":"wina-LOQ-16IRH8","reqId":"req-6","res":{"statusCode":200},"responseTime":5.048047999999994,"msg":"request completed"}
@serpvera/api:test: {"level":30,"time":1791389211110,"pid":945700,"hostname":"wina-LOQ-16IRH8","reqId":"req-7","req":{"method":"GET","url":"/v1/projects/f0b8c043-1efb-47bc-88ba-c4602c8c73a3/evidence","host":"localhost:80","remoteAddress":"127.0.0.1"},"msg":"incoming request"}
@serpvera/api:test: {"level":30,"time":1791389211112,"pid":945700,"hostname":"wina-LOQ-16IRH8","reqId":"req-7","res":{"statusCode":200},"responseTime":2.325896000000057,"msg":"request completed"}
@serpvera/api:test: {"level":30,"time":1791389211112,"pid":945700,"hostname":"wina-LOQ-16IRH8","reqId":"req-8","req":{"method":"GET","url":"/v1/projects/f0b8c043-1efb-47bc-88ba-c4602c8c73a3/crawl-runs","host":"localhost:80","remoteAddress":"127.0.0.1"},"msg":"incoming request"}
@serpvera/api:test: {"level":30,"time":1791389211114,"pid":945700,"hostname":"wina-LOQ-16IRH8","reqId":"req-8","res":{"statusCode":200},"responseTime":1.7843239999999696,"msg":"request completed"}
@serpvera/api:test: {"level":30,"time":1791389211114,"pid":945700,"hostname":"wina-LOQ-16IRH8","reqId":"req-9","req":{"method":"POST","url":"/v1/auth/register","host":"localhost:80","remoteAddress":"127.0.0.1"},"msg":"incoming request"}
@serpvera/api:test: {"timestamp":"2026-10-07T16:06:51.154Z","level":"info","message":"User registered","context":{"userId":"a90b260a-ae73-4d0d-abf9-f46847dbb7b5"}}
@serpvera/api:test: {"level":30,"time":1791389211154,"pid":945700,"hostname":"wina-LOQ-16IRH8","reqId":"req-9","res":{"statusCode":201},"responseTime":39.824540999999954,"msg":"request completed"}
@serpvera/api:test: {"level":30,"time":1791389211154,"pid":945700,"hostname":"wina-LOQ-16IRH8","reqId":"req-a","req":{"method":"POST","url":"/v1/organizations","host":"localhost:80","remoteAddress":"127.0.0.1"},"msg":"incoming request"}
@serpvera/api:test: {"timestamp":"2026-10-07T16:06:51.157Z","level":"info","message":"Organization created","organizationId":"e919ba55-e723-4fab-8227-0ad8098d3d72","context":{"organizationId":"e919ba55-e723-4fab-8227-0ad8098d3d72","userId":"a90b260a-ae73-4d0d-abf9-f46847dbb7b5"}}
@serpvera/api:test: {"level":30,"time":1791389211158,"pid":945700,"hostname":"wina-LOQ-16IRH8","reqId":"req-a","res":{"statusCode":201},"responseTime":3.129972000000066,"msg":"request completed"}
@serpvera/api:test: {"level":30,"time":1791389211158,"pid":945700,"hostname":"wina-LOQ-16IRH8","reqId":"req-b","req":{"method":"POST","url":"/v1/auth/select-organization","host":"localhost:80","remoteAddress":"127.0.0.1"},"msg":"incoming request"}
@serpvera/api:test: {"timestamp":"2026-10-07T16:06:51.161Z","level":"info","message":"Organization selected","organizationId":"e919ba55-e723-4fab-8227-0ad8098d3d72","context":{"userId":"a90b260a-ae73-4d0d-abf9-f46847dbb7b5","organizationId":"e919ba55-e723-4fab-8227-0ad8098d3d72"}}
@serpvera/api:test: {"level":30,"time":1791389211161,"pid":945700,"hostname":"wina-LOQ-16IRH8","reqId":"req-b","res":{"statusCode":200},"responseTime":3.0360749999999825,"msg":"request completed"}
@serpvera/api:test: {"level":30,"time":1791389211162,"pid":945700,"hostname":"wina-LOQ-16IRH8","reqId":"req-c","req":{"method":"GET","url":"/v1/projects","host":"localhost:80","remoteAddress":"127.0.0.1"},"msg":"incoming request"}
@serpvera/api:test: {"level":30,"time":1791389211164,"pid":945700,"hostname":"wina-LOQ-16IRH8","reqId":"req-c","res":{"statusCode":200},"responseTime":1.9503670000000284,"msg":"request completed"}
@serpvera/api:test: {"level":30,"time":1791389211164,"pid":945700,"hostname":"wina-LOQ-16IRH8","reqId":"req-d","req":{"method":"GET","url":"/v1/projects","host":"localhost:80","remoteAddress":"127.0.0.1"},"msg":"incoming request"}
@serpvera/api:test: {"level":30,"time":1791389211166,"pid":945700,"hostname":"wina-LOQ-16IRH8","reqId":"req-d","res":{"statusCode":200},"responseTime":1.092279000000076,"msg":"request completed"}
@serpvera/api:test: ▶ workspace/Evidence-Ledger endpoints (real PostgreSQL)
@serpvera/api:test:   ✔ GET /v1/projects lists only the active org's projects (4.3753ms)
@serpvera/api:test: {"level":30,"time":1791389211167,"pid":945700,"hostname":"wina-LOQ-16IRH8","reqId":"req-e","req":{"method":"GET","url":"/v1/projects/f0b8c043-1efb-47bc-88ba-c4602c8c73a3/overview","host":"localhost:80","remoteAddress":"127.0.0.1"},"msg":"incoming request"}
@serpvera/api:test: {"level":30,"time":1791389211172,"pid":945700,"hostname":"wina-LOQ-16IRH8","reqId":"req-e","res":{"statusCode":200},"responseTime":5.617281000000048,"msg":"request completed"}
@serpvera/api:test:   ✔ GET overview aggregates only persisted fixture-derived data (6.104741ms)
@serpvera/api:test: {"level":30,"time":1791389211173,"pid":945700,"hostname":"wina-LOQ-16IRH8","reqId":"req-f","req":{"method":"GET","url":"/v1/projects/f0b8c043-1efb-47bc-88ba-c4602c8c73a3/crawl-runs","host":"localhost:80","remoteAddress":"127.0.0.1"},"msg":"incoming request"}
@serpvera/api:test: {"level":30,"time":1791389211175,"pid":945700,"hostname":"wina-LOQ-16IRH8","reqId":"req-f","res":{"statusCode":200},"responseTime":1.8510710000000472,"msg":"request completed"}
@serpvera/api:test:   ✔ GET crawl-runs returns real history newest-first (2.168238ms)
@serpvera/api:test: {"level":30,"time":1791389211175,"pid":945700,"hostname":"wina-LOQ-16IRH8","reqId":"req-g","req":{"method":"GET","url":"/v1/projects/f0b8c043-1efb-47bc-88ba-c4602c8c73a3/findings","host":"localhost:80","remoteAddress":"127.0.0.1"},"msg":"incoming request"}
@serpvera/api:test: {"level":30,"time":1791389211177,"pid":945700,"hostname":"wina-LOQ-16IRH8","reqId":"req-g","res":{"statusCode":200},"responseTime":1.992477000000008,"msg":"request completed"}
@serpvera/api:test:   ✔ findings expose scope, declared gate, provenance and action state (2.30185ms)
@serpvera/api:test: {"level":30,"time":1791389211177,"pid":945700,"hostname":"wina-LOQ-16IRH8","reqId":"req-h","req":{"method":"GET","url":"/v1/projects/f0b8c043-1efb-47bc-88ba-c4602c8c73a3/findings","host":"localhost:80","remoteAddress":"127.0.0.1"},"msg":"incoming request"}
@serpvera/api:test: {"level":30,"time":1791389211179,"pid":945700,"hostname":"wina-LOQ-16IRH8","reqId":"req-h","res":{"statusCode":200},"responseTime":1.6334699999999884,"msg":"request completed"}
@serpvera/api:test: {"level":30,"time":1791389211179,"pid":945700,"hostname":"wina-LOQ-16IRH8","reqId":"req-i","req":{"method":"GET","url":"/v1/findings/8c7317c1-2bad-4d00-bb72-96db690a9f5c","host":"localhost:80","remoteAddress":"127.0.0.1"},"msg":"incoming request"}
@serpvera/api:test: {"level":30,"time":1791389211181,"pid":945700,"hostname":"wina-LOQ-16IRH8","reqId":"req-i","res":{"statusCode":200},"responseTime":1.8860060000000658,"msg":"request completed"}
@serpvera/api:test:   ✔ finding detail links the supporting evidence (hash + source) (4.049486ms)
@serpvera/api:test: {"level":30,"time":1791389211181,"pid":945700,"hostname":"wina-LOQ-16IRH8","reqId":"req-j","req":{"method":"GET","url":"/v1/projects/f0b8c043-1efb-47bc-88ba-c4602c8c73a3/evidence","host":"localhost:80","remoteAddress":"127.0.0.1"},"msg":"incoming request"}
@serpvera/api:test: {"level":30,"time":1791389211183,"pid":945700,"hostname":"wina-LOQ-16IRH8","reqId":"req-j","res":{"statusCode":200},"responseTime":1.5889559999999392,"msg":"request completed"}
@serpvera/api:test:   ✔ GET evidence lists project evidence with hashes (1.902878ms)
@serpvera/api:test: {"level":30,"time":1791389211184,"pid":945700,"hostname":"wina-LOQ-16IRH8","reqId":"req-k","req":{"method":"GET","url":"/v1/projects/f0b8c043-1efb-47bc-88ba-c4602c8c73a3/overview","host":"localhost:80","remoteAddress":"127.0.0.1"},"msg":"incoming request"}
@serpvera/api:test: {"level":30,"time":1791389211184,"pid":945700,"hostname":"wina-LOQ-16IRH8","reqId":"req-k","res":{"statusCode":404},"responseTime":0.9377780000000939,"msg":"request completed"}
@serpvera/api:test: {"level":30,"time":1791389211185,"pid":945700,"hostname":"wina-LOQ-16IRH8","reqId":"req-l","req":{"method":"GET","url":"/v1/projects/f0b8c043-1efb-47bc-88ba-c4602c8c73a3/crawl-runs","host":"localhost:80","remoteAddress":"127.0.0.1"},"msg":"incoming request"}
@serpvera/api:test: {"level":30,"time":1791389211185,"pid":945700,"hostname":"wina-LOQ-16IRH8","reqId":"req-l","res":{"statusCode":404},"responseTime":0.7854100000000699,"msg":"request completed"}
@serpvera/api:test: {"level":30,"time":1791389211185,"pid":945700,"hostname":"wina-LOQ-16IRH8","reqId":"req-m","req":{"method":"GET","url":"/v1/projects/f0b8c043-1efb-47bc-88ba-c4602c8c73a3/evidence","host":"localhost:80","remoteAddress":"127.0.0.1"},"msg":"incoming request"}
@serpvera/api:test: {"level":30,"time":1791389211186,"pid":945700,"hostname":"wina-LOQ-16IRH8","reqId":"req-m","res":{"statusCode":404},"responseTime":0.84370100000001,"msg":"request completed"}
@serpvera/api:test: {"level":30,"time":1791389211186,"pid":945700,"hostname":"wina-LOQ-16IRH8","reqId":"req-n","req":{"method":"GET","url":"/v1/projects/f0b8c043-1efb-47bc-88ba-c4602c8c73a3/findings","host":"localhost:80","remoteAddress":"127.0.0.1"},"msg":"incoming request"}
@serpvera/api:test: {"level":30,"time":1791389211187,"pid":945700,"hostname":"wina-LOQ-16IRH8","reqId":"req-n","res":{"statusCode":404},"responseTime":0.7606950000000552,"msg":"request completed"}
@serpvera/api:test: {"level":30,"time":1791389211187,"pid":945700,"hostname":"wina-LOQ-16IRH8","reqId":"req-o","req":{"method":"GET","url":"/v1/projects/f0b8c043-1efb-47bc-88ba-c4602c8c73a3/findings","host":"localhost:80","remoteAddress":"127.0.0.1"},"msg":"incoming request"}
@serpvera/api:test: {"level":30,"time":1791389211189,"pid":945700,"hostname":"wina-LOQ-16IRH8","reqId":"req-o","res":{"statusCode":200},"responseTime":1.3681589999999915,"msg":"request completed"}
@serpvera/api:test: {"level":30,"time":1791389211189,"pid":945700,"hostname":"wina-LOQ-16IRH8","reqId":"req-p","req":{"method":"GET","url":"/v1/findings/8c7317c1-2bad-4d00-bb72-96db690a9f5c","host":"localhost:80","remoteAddress":"127.0.0.1"},"msg":"incoming request"}
@serpvera/api:test: {"level":30,"time":1791389211190,"pid":945700,"hostname":"wina-LOQ-16IRH8","reqId":"req-p","res":{"statusCode":404},"responseTime":1.042656000000079,"msg":"request completed"}
@serpvera/api:test: {"level":30,"time":1791389211190,"pid":945700,"hostname":"wina-LOQ-16IRH8","reqId":"req-q","req":{"method":"GET","url":"/v1/projects","host":"localhost:80","remoteAddress":"127.0.0.1"},"msg":"incoming request"}
@serpvera/api:test: {"level":30,"time":1791389211190,"pid":945700,"hostname":"wina-LOQ-16IRH8","reqId":"req-q","res":{"statusCode":401},"responseTime":0.0727879999999459,"msg":"request completed"}
@serpvera/api:test:   ✔ cross-tenant: B gets 404 everywhere on A's workspace, 401 unauthenticated (7.369545ms)
@serpvera/api:test: ✔ workspace/Evidence-Ledger endpoints (real PostgreSQL) (757.767248ms)
@serpvera/api:test: ℹ tests 123
@serpvera/api:test: ℹ suites 24
@serpvera/api:test: ℹ pass 123
@serpvera/api:test: ℹ fail 0
@serpvera/api:test: ℹ cancelled 0
@serpvera/api:test: ℹ skipped 0
@serpvera/api:test: ℹ todo 0
@serpvera/api:test: ℹ duration_ms 41932.143503
@serpvera/web:test: cache bypass, force executing 6a88830b49ed253b
@serpvera/web:test: 
@serpvera/web:test: > @serpvera/web@0.1.0 test /tmp/winseo-publish/apps/web
@serpvera/web:test: > node --experimental-strip-types --test src/**/*.test.ts
@serpvera/web:test: 
@serpvera/web:test: (node:945742) [MODULE_TYPELESS_PACKAGE_JSON] Warning: Module type of file:///tmp/winseo-publish/apps/web/src/app/onboarding.test.ts is not specified and it doesn't parse as CommonJS.
@serpvera/web:test: Reparsing as ES module because module syntax was detected. This incurs a performance overhead.
@serpvera/web:test: To eliminate this warning, add "type": "module" to /tmp/winseo-publish/apps/web/package.json.
@serpvera/web:test: (Use `node --trace-warnings ...` to show where the warning was created)
@serpvera/web:test: ▶ signup route helpers
@serpvera/web:test:   ✔ routes into registration and preserves a plan reference safely (1.075668ms)
@serpvera/web:test:   ✔ does not add a plan when no plan was requested (0.20155ms)
@serpvera/web:test:   ✔ preserves the requested destination through the signup route (0.266893ms)
@serpvera/web:test:   ✔ preselects registration for signup links and sign-in otherwise (0.176052ms)
@serpvera/web:test:   ✔ allows same-origin local destinations and falls back for unsafe values (0.531763ms)
@serpvera/web:test: ✔ signup route helpers (3.794535ms)
@serpvera/web:test: ▶ workspace destination selection
@serpvera/web:test:   ✔ requires an explicit destination when multiple workspaces exist (0.944441ms)
@serpvera/web:test:   ✔ uses the only workspace or signals first-workspace setup (0.22826ms)
@serpvera/web:test: ✔ workspace destination selection (1.495299ms)
@serpvera/web:test: ▶ project creation retries
@serpvera/web:test:   ✔ persists the same key and payload across a page retry (0.506816ms)
@serpvera/web:test:   ✔ sends the same idempotency key and payload on every retry (30.831625ms)
@serpvera/web:test: ✔ project creation retries (31.691807ms)
@serpvera/web:test: ▶ startProjectCrawl
@serpvera/web:test:   ✔ posts to the project's crawl route (0.52537ms)
@serpvera/web:test:   ✔ returns the API's actionable error when kickoff is rejected (1.233005ms)
@serpvera/web:test:   ✔ returns a retryable message when the request has no response (0.179899ms)
@serpvera/web:test: ✔ startProjectCrawl (2.194248ms)
@serpvera/web:test: (node:945743) [MODULE_TYPELESS_PACKAGE_JSON] Warning: Module type of file:///tmp/winseo-publish/apps/web/src/lib/decision-center.test.ts is not specified and it doesn't parse as CommonJS.
@serpvera/web:test: Reparsing as ES module because module syntax was detected. This incurs a performance overhead.
@serpvera/web:test: To eliminate this warning, add "type": "module" to /tmp/winseo-publish/apps/web/package.json.
@serpvera/web:test: (Use `node --trace-warnings ...` to show where the warning was created)
@serpvera/web:test: ▶ buildDecisionCenter
@serpvera/web:test:   ✔ puts severe observed crawl defects in FIX_NOW (1.177049ms)
@serpvera/web:test:   ✔ routes measured decay to REFRESH and cannibalization to review (0.435642ms)
@serpvera/web:test:   ✔ links each GSC decision to the view that actually renders its module (12.586132ms)
@serpvera/web:test:   ✔ never upgrades a positive winner into a refresh task (0.287231ms)
@serpvera/web:test:   ✔ ignores resolved findings (0.193855ms)
@serpvera/web:test: ✔ buildDecisionCenter (16.354237ms)
@serpvera/web:test: (node:945749) [MODULE_TYPELESS_PACKAGE_JSON] Warning: Module type of file:///tmp/winseo-publish/apps/web/src/lib/geo-stats.test.ts is not specified and it doesn't parse as CommonJS.
@serpvera/web:test: Reparsing as ES module because module syntax was detected. This incurs a performance overhead.
@serpvera/web:test: To eliminate this warning, add "type": "module" to /tmp/winseo-publish/apps/web/package.json.
@serpvera/web:test: (Use `node --trace-warnings ...` to show where the warning was created)
@serpvera/web:test: ▶ GEO statistics
@serpvera/web:test:   ✔ parses captures and computes per-engine rates (14.315984ms)
@serpvera/web:test:   ✔ supports quoted CSV cells (0.368595ms)
@serpvera/web:test:   ✔ returns a valid Wilson interval (0.278465ms)
@serpvera/web:test:   ✔ labels illustrative examples separately from user supplied captures (0.234943ms)
@serpvera/web:test: ✔ GEO statistics (16.845424ms)
@serpvera/web:test: (node:945760) [MODULE_TYPELESS_PACKAGE_JSON] Warning: Module type of file:///tmp/winseo-publish/apps/web/src/lib/preview-audit.test.ts is not specified and it doesn't parse as CommonJS.
@serpvera/web:test: Reparsing as ES module because module syntax was detected. This incurs a performance overhead.
@serpvera/web:test: To eliminate this warning, add "type": "module" to /tmp/winseo-publish/apps/web/package.json.
@serpvera/web:test: (Use `node --trace-warnings ...` to show where the warning was created)
@serpvera/web:test: ▶ inline preview audit
@serpvera/web:test:   ✔ passes the normalized full page URL to the shared audit engine (5.715547ms)
@serpvera/web:test:   ✔ rejects a private target before the audit engine can run (0.835024ms)
@serpvera/web:test: ✔ inline preview audit (7.909283ms)
@serpvera/web:test: (node:945761) [MODULE_TYPELESS_PACKAGE_JSON] Warning: Module type of file:///tmp/winseo-publish/apps/web/src/lib/preview-rate-limit.test.ts is not specified and it doesn't parse as CommonJS.
@serpvera/web:test: Reparsing as ES module because module syntax was detected. This incurs a performance overhead.
@serpvera/web:test: To eliminate this warning, add "type": "module" to /tmp/winseo-publish/apps/web/package.json.
@serpvera/web:test: (Use `node --trace-warnings ...` to show where the warning was created)
@serpvera/web:test: ▶ preview audit rate limiter
@serpvera/web:test:   ✔ allows up to the configured limit and then returns a retry delay (2.921539ms)
@serpvera/web:test:   ✔ expires entries after the window and isolates clients (0.255632ms)
@serpvera/web:test: ✔ preview audit rate limiter (5.137357ms)
@serpvera/web:test: ℹ tests 25
@serpvera/web:test: ℹ suites 8
@serpvera/web:test: ℹ pass 25
@serpvera/web:test: ℹ fail 0
@serpvera/web:test: ℹ cancelled 0
@serpvera/web:test: ℹ skipped 0
@serpvera/web:test: ℹ todo 0
@serpvera/web:test: ℹ duration_ms 209.757862

 Tasks:    13 successful, 13 total
Cached:    0 cached, 13 total
  Time:    1m6.53s 

GATE_PASS workspace tests (cache disabled)
GATE_START production build

   • turbo 2.11.6
   • Packages in scope: @serpvera/api, @serpvera/authz, @serpvera/config, @serpvera/contracts, @serpvera/crawler, @serpvera/db, @serpvera/telemetry, @serpvera/test-fixtures, @serpvera/web
   • Running build in 9 packages
   • Remote caching disabled

@serpvera/telemetry:build: cache bypass, force executing e74df6b8bd5aeb96
@serpvera/contracts:build: cache bypass, force executing cc9a0333c4a214b5
@serpvera/contracts:build: 
@serpvera/contracts:build: > @serpvera/contracts@0.1.0 build /tmp/winseo-publish/packages/contracts
@serpvera/contracts:build: > tsc
@serpvera/contracts:build: 
@serpvera/telemetry:build: 
@serpvera/telemetry:build: > @serpvera/telemetry@0.1.0 build /tmp/winseo-publish/packages/telemetry
@serpvera/telemetry:build: > tsc
@serpvera/telemetry:build: 
@serpvera/authz:build: cache bypass, force executing 7acb37cab86657e8
@serpvera/crawler:build: cache bypass, force executing 3ca0de72e7030731
@serpvera/config:build: cache bypass, force executing 190dd9ccf751f821
@serpvera/crawler:build: 
@serpvera/crawler:build: > @serpvera/crawler@0.1.0 build /tmp/winseo-publish/services/crawler
@serpvera/crawler:build: > tsc
@serpvera/crawler:build: 
@serpvera/authz:build: 
@serpvera/authz:build: > @serpvera/authz@0.1.0 build /tmp/winseo-publish/packages/authz
@serpvera/authz:build: > tsc
@serpvera/authz:build: 
@serpvera/config:build: 
@serpvera/config:build: > @serpvera/config@0.1.0 build /tmp/winseo-publish/packages/config
@serpvera/config:build: > tsc
@serpvera/config:build: 
@serpvera/api:build: cache bypass, force executing e8af9f51c8db6c3e
@serpvera/api:build: 
@serpvera/api:build: > @serpvera/api@0.1.0 build /tmp/winseo-publish/apps/api
@serpvera/api:build: > tsc
@serpvera/api:build: 
@serpvera/web:build: cache bypass, force executing d673724f06add03e
@serpvera/web:build: 
@serpvera/web:build: > @serpvera/web@0.1.0 build /tmp/winseo-publish/apps/web
@serpvera/web:build: > next build
@serpvera/web:build: 
@serpvera/web:build:    ▲ Next.js 15.5.27
@serpvera/web:build: 
@serpvera/web:build:    Creating an optimized production build ...
@serpvera/web:build:  ✓ Compiled successfully in 1749ms
@serpvera/web:build:    Linting and checking validity of types ...
@serpvera/web:build: 
@serpvera/web:build:  ⚠ The Next.js plugin was not detected in your ESLint configuration. See https://nextjs.org/docs/app/api-reference/config/eslint#migrating-existing-config
@serpvera/web:build:    Collecting page data ...
@serpvera/web:build:    Generating static pages (0/7) ...
@serpvera/web:build:    Generating static pages (1/7) 
@serpvera/web:build:    Generating static pages (3/7) 
@serpvera/web:build:    Generating static pages (5/7) 
@serpvera/web:build:  ✓ Generating static pages (7/7)
@serpvera/web:build:    Finalizing page optimization ...
@serpvera/web:build:    Collecting build traces ...
@serpvera/web:build: 
@serpvera/web:build: Route (app)                                                     Size  First Load JS
@serpvera/web:build: ┌ ƒ /                                                        2.39 kB         108 kB
@serpvera/web:build: ├ ○ /_not-found                                                992 B         104 kB
@serpvera/web:build: ├ ƒ /api/integrations/gsc/callback                             147 B         103 kB
@serpvera/web:build: ├ ƒ /api/scan                                                  147 B         103 kB
@serpvera/web:build: ├ ƒ /api/v1/[...path]                                          147 B         103 kB
@serpvera/web:build: ├ ƒ /dashboard                                               3.19 kB         109 kB
@serpvera/web:build: ├ ƒ /dashboard/[projectId]                                     923 B         107 kB
@serpvera/web:build: ├ ƒ /dashboard/[projectId]/actions                             170 B         106 kB
@serpvera/web:build: ├ ƒ /dashboard/[projectId]/actions/[actionId]                2.35 kB         108 kB
@serpvera/web:build: ├ ƒ /dashboard/[projectId]/ai-visibility                     6.19 kB         112 kB
@serpvera/web:build: ├ ƒ /dashboard/[projectId]/autofix                           3.69 kB         110 kB
@serpvera/web:build: ├ ƒ /dashboard/[projectId]/crawls                              170 B         106 kB
@serpvera/web:build: ├ ƒ /dashboard/[projectId]/decision-center                     170 B         106 kB
@serpvera/web:build: ├ ƒ /dashboard/[projectId]/findings                          1.75 kB         108 kB
@serpvera/web:build: ├ ƒ /dashboard/[projectId]/findings/[findingId]                170 B         106 kB
@serpvera/web:build: ├ ƒ /dashboard/[projectId]/reports                             370 B         106 kB
@serpvera/web:build: ├ ƒ /dashboard/[projectId]/search-performance                1.44 kB         108 kB
@serpvera/web:build: ├ ƒ /dashboard/[projectId]/search-performance/changes          981 B         107 kB
@serpvera/web:build: ├ ƒ /dashboard/[projectId]/search-performance/opportunities    981 B         107 kB
@serpvera/web:build: ├ ƒ /dashboard/[projectId]/search-performance/pages            981 B         107 kB
@serpvera/web:build: ├ ƒ /dashboard/[projectId]/search-performance/queries          981 B         107 kB
@serpvera/web:build: ├ ƒ /dashboard/security                                      1.76 kB         104 kB
@serpvera/web:build: ├ ○ /login                                                   1.98 kB         105 kB
@serpvera/web:build: ├ ○ /methodology                                               147 B         103 kB
@serpvera/web:build: ├ ○ /pricing                                                   147 B         103 kB
@serpvera/web:build: ├ ƒ /projects/[projectId]/actions                              147 B         103 kB
@serpvera/web:build: ├ ƒ /scan/[scanId]                                           2.16 kB         105 kB
@serpvera/web:build: └ ƒ /signup                                                    147 B         103 kB
@serpvera/web:build: + First Load JS shared by all                                 103 kB
@serpvera/web:build:   ├ chunks/812-52aaa9f8a3640ba4.js                           46.5 kB
@serpvera/web:build:   ├ chunks/9923a0e2-1a45aa5d099bff40.js                      54.2 kB
@serpvera/web:build:   └ other shared chunks (total)                              1.92 kB
@serpvera/web:build: 
@serpvera/web:build: 
@serpvera/web:build: ○  (Static)   prerendered as static content
@serpvera/web:build: ƒ  (Dynamic)  server-rendered on demand
@serpvera/web:build: 

 Tasks:    7 successful, 7 total
Cached:    0 cached, 7 total
  Time:    15.977s 

GATE_PASS production build
GATE_START dependency audit (high severity)
No known vulnerabilities found
GATE_PASS dependency audit (high severity)
